,SULT1E1,PAPSS1,PAPSS2,CHST11,SULT2B1,SUOX,BPNT1,CHST13,CHST12
SIDM00519,-0.8781905845158358,1.160089757815618,2.23401746978349,-0.08799265331152405,-0.9061419060334446,-0.4015089240943612,0.17949438204344442,-0.819104099031108,1.0418648897831269
SIDM00917,-0.9034637586669929,1.3375098691708749,-0.7099447458853253,0.8348766965200316,-0.9188278852607917,-0.48088370141806813,0.23599584952814961,-0.8159047787636187,0.5654198396300243
SIDM00309,-0.9674961881749209,1.3948043786711712,2.3294851820255342,-0.7650613022632962,-0.880134542047164,-0.2867296848437152,-0.03447639773794605,-0.8353653864008725,0.5180948223619116
SIDM00099,-0.9288838007717112,1.1712521703745784,1.7051896894445535,-0.5583860996200062,-0.8159694962874261,-0.5635420654211348,-0.4269425089124526,-0.7116670825077918,0.874484157881183
SIDM00276,-0.9367167900978136,1.3193360127169127,1.1853753680539734,1.0686959209779396,-0.5881664638519107,-0.2666862508392069,0.025622006179683045,-0.7853209007652916,0.8816148647368709
SIDM00311,-0.9296987917209636,1.1787584684616508,2.227641342107614,0.6643736878193397,-0.9845192603240985,-0.4760218221939127,-0.02476602946248458,-0.812592366382021,1.0712601899019876
SIDM00970,-0.9255349019471676,1.4981715427501927,-0.6238723382377793,-0.7175906550378631,-0.6791409740834935,-0.08115751945865762,0.13883662172398809,-0.828149533176123,0.5521171926666549
SIDM00103,-0.8831360350112452,1.1057744417067001,2.2567644006069023,0.13380946433972302,-0.911099773137367,-0.36450373245790846,-0.2673239081407217,-0.7867890937867453,0.5948191581282866
SIDM00266,-1.0084163425705506,1.8132641249740409,-0.511286667953337,-0.552720106610249,-0.715599194183774,-0.7619546055917447,-0.1689162892030374,-0.8460733652702395,0.1765479282690977
SIDM01064,-0.9462645816283368,1.76930198242391,-0.6547415605872128,-0.7924960990328574,-0.7640630052463778,0.37153460561922497,0.38664651801975375,-0.8054271296614897,0.41767099508652544
SIDM00098,-0.8853581480676578,0.6480137860206968,1.7630393554590909,-0.6444223173673405,-0.789348944923323,-0.38717572240122594,-0.4554098944040492,-0.6701548656794114,0.939891737424251
SIDM00225,-0.942325705465531,1.6709886776209086,1.6310377012928348,1.0636576856096382,-0.7994811479959729,-0.3797073008404189,0.12876075462110553,-0.7830293372761595,1.3173721264875944
SIDM00846,-0.9430853545971638,1.5528738067195866,0.5192665858206297,-0.1419744793825245,-0.705824216969355,0.03517371001964898,0.0039941207652760295,-0.6724222903121555,1.1424148112739148
SIDM00291,-0.9442992652406504,1.6951771577110941,-0.6597836311199425,1.257634892422869,-0.7397760475145082,0.5864325758412302,0.020462294044558595,-0.8755787550792131,0.9659881662567347
SIDM00520,-0.8275988616877739,0.8212004683860216,2.599000722184548,-0.8010719357540925,-0.8999197353196456,-0.2910170821004971,-0.23857481505654554,-0.8255544503973027,0.811663800817891
SIDM00003,-1.0133082635918103,1.512103401042402,-0.6479765322357183,1.4061948316585395,-0.81659123453548,-0.7769202354608241,0.22050961328266133,-0.7655183068739198,0.791201656387022
SIDM00136,-0.8756148088546107,1.1870466263173374,1.9633889777542897,-0.7885033035451234,0.5683798880187224,-0.07136585676590677,0.12818045594911628,-0.7377997414246408,0.8183682456333804
SIDM01155,-0.9675979142830259,1.534278405980854,-0.7450296569656509,0.18353844039334638,-0.893172567553919,-0.39906431109478907,-0.2660348131740467,-0.791467107912948,1.1447797359472767
SIDM00224,-0.9046600187967366,1.7950215914471963,0.43223679220161965,-0.7392558736299718,-0.7953853286320465,-0.540414551334903,-0.192920696165933,-0.7649673847875211,0.5647499032181105
SIDM00783,-0.9554924970282128,1.7356635909759701,0.2840576343309868,-0.012626040172384698,-0.8692396065540208,-0.3253202089218133,-0.2173919779590556,-0.8214819018078698,0.8604347069557058
SIDM00490,-0.9160620998143977,1.2996349797868245,-0.07176793513224798,-0.14799223150469548,-0.8654092776459116,-0.5687095622187512,-0.38844550659940763,-0.7823244502220393,0.984553993146435
SIDM01090,-0.9491934609325374,1.4220130974321579,-0.6488280017561464,-0.8612608888404967,-0.9495920422056848,-0.22379538619735376,-0.24436524801589893,-0.7319915594415384,0.8175788878698533
SIDM00394,-0.9570835367158871,0.5444905052621305,1.5573932140878373,0.42486125979105266,-0.9355633401081863,-0.5931770928615273,0.00354593872110866,-0.8074587332213355,0.9823213686647458
SIDM00538,-0.8734119712337862,1.4298891700018357,1.5764983979452434,-0.562001434072868,-0.79917612477495,-0.6572016979874824,0.32653108824921845,-0.7847127276484921,0.576870858606557
SIDM01140,-0.9099823449959986,1.8314880154370736,0.6318915690911324,0.2893007334782239,-0.8447851594565411,0.025227422969892693,-0.1913756486670451,-0.748506980064062,1.5210238439293349
SIDM00101,-0.868725031116318,1.4105935199690338,1.929995844675459,0.7369720858856658,-1.0285330519395037,-0.4149669127344213,-0.5977626614192146,-0.8024049305577456,0.4246555937249779
SIDM00114,-0.9569167173806062,0.9415154707482996,-0.15281666889293263,1.042456220505346,0.6456033715383879,-0.45938801155378145,0.18446589338338099,-0.7986633627657312,0.5709579477250197
SIDM00102,-0.9481822442783252,0.8316744007558614,2.390198752668462,0.5950660261658031,-1.0364052317296333,-0.24843620302675692,0.012293396704527292,-0.6971720082461625,0.9405733061952246
SIDM01122,-0.9948593844261013,0.9202287181342378,0.7405421080694714,0.24821621208493713,-0.8395583223445077,-0.35633612937552733,0.13200450019380905,-0.6516444333817188,0.9655785222697895
SIDM00261,-0.9431927455245046,1.1677026633318894,0.3869952443745876,0.17859878732095286,-0.8241118662289831,-0.7856961651215977,-0.47148194509685887,-0.7704213080237073,1.1266813216598486
SIDM00154,-0.9491477644300141,0.8902309720718627,1.2772709564007436,-0.6410427892065642,-0.8807220372529352,-0.257247895120578,-0.21144319301156125,-0.746077433546217,0.71545032463189
SIDM00104,-0.8590297604470946,1.0389007664639565,2.5133859359530786,0.5477884318400161,-0.8791673307084521,-0.6106471542988581,-0.15048330405598717,-0.7108302758442133,1.0793062552639439
SIDM00267,-0.7359231378491785,1.0105925719687718,-0.5958239675037916,0.2529560869869356,0.4250237649762614,-0.18897047030023392,0.029486765937064324,-0.6706203516473911,0.30925096992406154
SIDM00100,-0.9514036186719412,1.0754062379228644,2.136203157534539,0.38850117096212017,-0.8923120458149203,-0.33876579667158835,-0.18966220140822151,-0.7430187139542616,1.1326038459366
SIDM00826,-0.9175112228374809,1.2175026160586369,-0.5144425371656511,1.934882337653039,-0.03559654189839034,-0.3155985801328715,0.4244823162351339,-0.7369370348819883,-0.602597765385076
SIDM00310,-0.8797207015878997,0.8647939180807414,1.5951844484384095,0.13438712242439646,-0.9641428395869018,-0.5081700104877178,0.27043375615380544,-0.6983605298307614,1.0590475255045535
SIDM00482,-0.9453010762521247,0.9679743602348103,-0.6496835736397683,0.07589043535308337,-0.8016203682383004,-0.36027884842867214,0.45908042856515885,-0.727244002107572,0.605430416511031
SIDM01247,-0.9077851601736902,1.650990231332148,-0.699071764331412,-0.1843129722465417,-0.9758112524731971,-0.40278300706562037,0.9079003062765415,-0.7860973935332645,0.05585684814958502
SIDM00817,-0.8892036988173074,0.5303381462440104,1.234316135556707,0.6477736592799206,-0.8962670721341578,-0.3654672190896476,0.1373480951768191,-0.6770259317455379,0.6084726137412237
SIDM00448,-0.8319388794809036,1.673010337170931,-0.6920470745040813,-0.5075347801835726,-0.9080024498311103,-0.4111461640367677,0.3940036737220495,-0.7357472084539342,0.36976349759514093
SIDM00086,-0.8805981502414214,1.1033720819074475,2.1844910515721945,1.114666015960331,-0.9401210314933732,-0.5498227679519471,-0.18014987400866986,-0.85314596607244,0.9771727349156936
SIDM00466,-0.898776242286375,1.6417694569548666,-0.7706262293392822,-0.3246704383526111,-0.7086882736681862,0.04871258534087136,0.7217295000293275,-0.9127943999858085,0.7537602012904018
SIDM01132,1.084457597927534,1.5426135312451803,2.164753849144991,0.07336072266593421,-0.7934675237970555,-0.03470923749124204,0.04734011088776457,-0.8114350654863264,1.397462111515553
SIDM00465,-0.8943294728657085,0.9091123070273834,-0.6794925150283434,-0.32420112370040244,-0.8658731223308622,-0.2899354274094239,0.7190990155125658,-0.7956539256952103,0.7821544008655714
SIDM00565,-0.7592779179614647,1.3409547280174456,1.6720384828069674,0.17118010985833018,-0.8378331123748106,-0.25006209519852457,0.0631647713632986,-0.8246572813917847,0.9236188765021079
SIDM01092,-0.9667606160505455,1.313885474755269,-0.4913769195195398,1.3111068777851926,-0.9501766112824725,-0.081025382141781,-0.05123909980945302,-0.7831728623509631,1.4944086121192774
SIDM00218,-0.8881517167165527,1.2153851611511186,1.644160685041144,-0.0647468923309762,-0.9372085113089093,-0.5139215682770535,-0.5721054340851067,-0.7949890188839942,-0.03161587406858288
SIDM00044,-0.8966799145195844,1.3006577706229148,2.594348719977413,-0.7316259211304001,-0.8717202674268834,-0.043916315329966614,0.17124917717908206,-0.7366361977658695,0.7135435967400241
SIDM00362,-0.8068650106311696,1.8764607403725855,-0.71580664826028,-0.7198701126379728,-0.8397345972578928,-0.466448922333814,0.3094232415180566,-0.8419617105746712,0.3710581812691965
SIDM00813,-0.8574710856176013,1.090179068260164,-0.6157747706542492,1.3202626194400895,-0.9366131262598777,-0.4115187997519558,0.5395371328106756,-0.7885574569483954,0.4470952079888214
SIDM00364,-0.9270726460652787,1.1750503310870153,-0.8113807443243666,1.2751850140224459,-0.9292506498437813,-0.15505702622729847,0.08486163428330226,-0.7821600220431976,-0.07882703151425263
SIDM00792,-0.8706585708559634,1.0362753733614478,1.4379876485403007,0.2808017663257385,-0.14898703239150435,0.10702776636433972,0.6646893700547626,-0.8287232978292729,0.4283320251819898
SIDM00241,-0.5859672648174659,1.4139216472982572,0.2539575868241042,-0.5718854001666922,-0.2528837863422813,0.19562159708649102,0.16295345261990668,-0.8566510404137748,0.9729600193891899
SIDM00091,-0.9186929530471823,1.321893726364748,1.7251737119782193,0.2644820457252688,-0.9520137973083687,-0.3092365416221503,-0.2172535886982705,-0.8150483024597818,1.0869575434155803
SIDM00427,-0.902112288473033,2.3106072263701005,-0.3103629408520884,-0.7166848480586558,-0.9133995809899449,-0.6614725218024762,-0.018024339471473035,-0.8445490061178181,0.6624966697292867
SIDM00758,-0.8487886266702476,1.5870428729846786,1.6487181602891066,-0.6035074613041206,-0.7160367683164252,-0.4482539778565961,0.7438890607929284,-0.8870697920223399,0.5033879021041039
SIDM00612,-0.9563225162939213,1.9246020594345383,0.5516082207139276,0.9679340018089704,-0.9202697076724873,-0.277936345965439,-0.27401606636656917,-0.777286785430544,1.1977597759219099
SIDM00553,-0.8807635671080013,1.4689135629497774,-0.7004112167596586,1.2581684110980076,-0.8740765943497939,-0.3267696540250086,0.0986520185471495,-0.8170553228430439,1.241270029726064
SIDM00343,-0.9163332491759826,1.5068680333940403,0.3029146520576321,-0.03276275133445411,-0.8715333552382883,-0.3252369817334237,-0.39551481819216283,-0.8315671047095818,0.8151626281313947
SIDM00543,-0.8867800626910977,1.7220296769771288,1.9933916580897133,1.6494138018673454,-0.9436503799193561,-0.11275025503314191,-0.022460845106596346,-0.7644267448061303,1.2608430714361674
SIDM00537,-0.8690971928766114,1.578311685644476,1.0714999673284538,-0.7229003997340446,-0.4580527244026466,0.5004535457896373,-0.03390592941146525,-0.8086935660396831,0.6063630372985231
SIDM00332,-0.8948942993040796,1.5195482004685648,-0.5598631904848027,-0.5322413965905433,-0.7298302510909602,-0.10314203599718852,0.17308573897638432,-0.8869620402460002,0.6043712430597646
SIDM00299,-0.8560710784361737,1.4367540544346686,1.8640711644326264,-0.5706910069673161,-0.8013954367076853,-0.3246280071832329,-0.04932406570995217,-0.7381087381616267,0.7853052989908528
SIDM00308,-0.9112459178838582,1.2187931359600548,-0.5888609680150645,1.1853338335691712,-0.8370649300143023,-0.1634867976025943,-0.10584267642868572,-0.7373521055937622,0.6856348003577659
SIDM00227,-0.526822266479055,1.601710286740939,0.7702335476076398,0.4422037502216095,-0.942674934134433,-0.30176321722167254,-0.23486353510451485,-0.8009964329771022,0.7109628220198462
SIDM00294,-0.934072048697895,1.536455700668682,-0.501061331171824,0.7879248060510264,-0.9150401522792107,-0.6607845533382252,-0.008357456042055816,-0.8368772123413416,0.7089722206654303
SIDM00677,-0.9129443218317401,1.3270731618500664,1.3032365902260221,-0.7539634540172853,-0.024926424586544857,-0.13499772412620997,0.2565210162955003,-0.7919086607372392,-0.1403064170654309
SIDM01220,-0.9204476344362273,1.8017299062357093,0.8453855980331092,-0.7779046042302776,-0.7315492739942712,-0.05188260465618663,0.19651354056366743,-0.8946093615458038,1.6849745272119776
SIDM01259,-0.9380074040507679,1.4137964829579546,-0.7337210452219942,0.22582972108110846,-0.9090796101812947,-0.6005749796069287,0.30532105723637604,-0.726520754332477,0.6451423982039172
SIDM00680,-0.8725220034102922,1.764823277428349,0.6946753754569219,-0.8101536591520222,-0.874063963232406,-0.26435836983352684,-0.05167216930780878,-0.8246786576337478,0.14037919513986719
SIDM00346,-0.9223743646320515,1.1044505049479023,-0.004208824142194731,1.5996389281823398,-0.84091673182703,-0.20300949085704062,-0.19183496895767277,-0.6547409569955421,0.7614283514926551
SIDM00129,-0.8359235448582345,1.4535997730170176,1.3260731404944817,1.5154624402627719,-0.8013796978515323,0.27252816778770456,-0.35112703220585106,-0.7308356715936986,1.5047011488890494
SIDM00627,-0.5766187905539162,1.0471565169348755,0.19267433637299397,-0.6478093026756272,0.5838954533399826,-0.13856315383506784,-0.25356990757472886,-0.9043208531143873,0.616072570634966
SIDM00293,-0.9405228262413441,1.4111646724621423,-0.7873556943565811,-0.06593023863005594,-0.8537458591919099,-0.25140952300017266,0.258599103986258,-0.8045625501130769,0.5903972495717964
SIDM00274,-0.8953849734635694,1.5722209387671333,2.12668011894983,0.4313794508076893,-0.5242046918261016,0.20959426404857354,0.4307170127847067,-0.8355928500911585,1.0717445778483905
SIDM00544,-0.9435931106130423,1.901265651202717,-0.4349651432256087,-0.0989843462762253,-0.8406763421327775,-0.07745769685066266,-0.1772125305721959,-0.86957595259493,0.5165845729422384
SIDM01006,-0.8792101677315508,1.6503037723493785,-0.5805887940172665,1.2349548065421256,-0.8990396636261466,-0.5401328208517606,0.1683494486403136,-0.7852574032086199,2.2109160674462336
SIDM00302,-0.9076242651468781,1.5756135518249497,2.117878986809816,0.6839483818352123,-0.9368748929435234,-0.3141042408876586,-0.21095663124658787,-0.7537383168963404,0.8722952054694817
SIDM00549,-0.9036252427666462,1.426078300096023,-0.7388870279474223,1.3404455605445673,-0.9858388132963881,0.016327973557158152,-0.024878872490976506,-0.8056325383266282,0.6659309373091628
SIDM00292,-0.949684657076107,1.4065789240267321,-0.7429393608601127,-0.6248479455265074,-0.8407539774638193,-0.547231043206595,0.02274222756110042,-0.7982258566023832,0.5770863704710067
SIDM00623,-0.927821587485174,1.2849605852636667,-0.7145418245065334,-0.5781877677159996,-0.9270764121093223,-0.2621610981634977,0.07941698360505794,-0.8545350568719523,0.38025749674226417
SIDM00638,-0.9530734757848076,0.9884839867473165,0.8077509414413965,-0.3725828499542917,-0.9102829093073905,-0.08873439334183926,0.14679105100891415,-0.6084921704567408,-0.09282260592918093
SIDM00527,-0.9375030932584785,1.5088814803440818,-0.7432161506714846,1.4298688956905485,-0.8639794476301533,-0.2470895316370913,-0.1532486056534996,-0.8072636237930761,1.015427632279423
SIDM00976,-0.9102572330896328,0.9802400498274324,0.9370854623454372,-0.7909186144351186,-0.9136047963436738,-0.2506272726973749,0.26275105089714473,-0.7694508926464863,1.0953641034130148
SIDM00316,-0.9390827427174303,1.4698594912156284,-0.04249801511601281,0.30561387712589333,-0.9672624105302914,-0.3520532852520481,0.004275431580978903,-0.7842072396861678,1.3263165455784627
SIDM00326,-0.9332336125399914,1.4152157579961184,0.32718287446237204,-0.17773752637584098,-0.8501413066018941,-0.02250284944591067,-0.3847412949770405,-0.8005678866955319,1.2239286357146937
SIDM01093,-0.9089255239891634,1.2404758305665708,2.1191153596964956,-0.6566124476184594,-0.905665946098367,-0.19386807268734482,0.10724809847228971,-0.7404900618225503,0.8061142969157068
SIDM01098,-0.6580404505749582,2.1892890997988372,0.7457319975928838,0.3012248427998058,-0.9483057475853958,0.06359733971355382,-0.1151847615391912,-0.7712603743664609,1.2195658278500077
SIDM00424,-0.8767185262711479,1.901750592255852,-0.7547348264379341,0.3035415661751921,-0.9108771680827381,-0.4723742282192505,0.3023049589772143,-0.7770603610150506,0.5841288187278845
SIDM00973,-0.8572007720307468,1.0222377076107902,0.8768546819480786,0.01905778412860474,-0.7727423772884531,-0.5500275670161944,0.3164356011569419,-0.8247290746208807,-0.12457382114276959
SIDM00411,-0.9105988981944562,1.526196959355776,-0.4825133779414611,0.2492864094302089,-0.9317559352348229,-0.39933235425925795,0.05881757442561067,-0.736695903446247,0.575636566336672
SIDM00374,-0.8728376705748854,1.4119257030509569,-0.732018101558128,1.0806532558170205,-0.8354663174705016,-0.2670869365773977,0.31365328537332055,-0.7291768790529075,0.9013164602988814
SIDM01160,-0.7765490815536371,1.3099135755011566,-0.3106272918294648,-0.16215205187153064,-0.876160269597669,-0.1425245350369683,0.09468021389174316,-0.7112525243858713,0.787692910861826
SIDM00145,-0.8710721728212906,1.52213107026093,-0.768605883910916,1.395041263181253,-0.8075355527558052,-0.5743652227936625,-0.13535880446863122,-0.7699510656988542,0.9985367032743625
SIDM00975,-0.9415941057708195,1.733056827436512,-0.2877785204319045,2.0942398515422527,-0.9558491045611672,-0.23792776888599435,0.6743999826900077,-0.8455034344516033,1.6348486266806082
SIDM00971,-0.8689409989958492,1.685350144606191,2.82286926921648,-0.7557006642630827,-0.27099213272411,0.12380601271574329,0.9321008911963174,-0.7315386798898738,0.4612666080379499
SIDM00251,-0.4840060839966114,2.0357709089208615,-0.1458629942175277,-0.7554717569019638,-0.8376029941030432,0.1827418091085309,0.2080686084214504,-0.7129254300291794,0.6743486751228828
SIDM00412,-0.8805247355769545,1.6411292084768359,-0.5492573028336589,-0.6659518956989922,-0.8669734933775112,-0.4745083187903359,0.48460776300544356,-0.8241470857113825,-0.48140247709032213
SIDM00023,-0.43338879054788354,1.3317783688691953,1.270522986254296,-0.15460576712791857,-0.6702365805293723,-0.2899459987917508,0.1025325844377544,-0.8731830907215965,0.8772143388501357
SIDM01198,-0.7968371440887365,1.1010242478846939,-0.6930685620524378,-0.5099732736987014,-0.907442978345773,-0.3886640644270376,0.37853743343739793,-0.7985639330580159,0.26642813196433146
SIDM00441,-0.888089700507278,1.8537822822983052,-0.551584230723262,1.59896990744039,-0.7900618613528497,-0.11844556884489543,-0.026382852799638916,-0.20670249254134923,1.2274863556430506
SIDM00388,-0.8303033263242424,1.5087374957341344,-0.712999033516018,0.7776510873911043,-0.9742198149960872,-0.5383800988231872,0.2826643653737701,-0.8075766594978281,0.9137743362163422
SIDM00417,-0.8636580094913117,2.1440448783849617,-0.6315194101127901,1.1865084879093861,-0.8552628080657725,-0.18973083759887027,0.15403805826366174,-0.776681349306149,1.3487638667794315
SIDM00416,-0.8751537957434007,1.4808874736024673,-0.6849737086974285,-0.47101083529683957,-0.9501036910183464,-0.3734470724569825,0.8245336972627446,-0.6920335325633357,-0.008766550517097705
SIDM00974,-0.8982546221548755,1.3708497631325154,-0.7534796708480143,1.6149815921641584,-0.912921870941578,-0.3146307853633726,-0.34124256267227465,-0.7734870912696082,0.8623158716416851
SIDM00833,-0.8274696759452467,1.6553220118351384,-0.14272244339654402,-0.6898045195809294,-0.25012323253834773,-0.1494254265636926,0.054604511285274306,-0.4627442787184225,0.678460269421896
SIDM00562,-0.8310147516214282,1.4933536418423652,-0.5172462432395052,-0.5531978013252149,-0.7894608147102661,0.2445825358237803,0.5051324940109083,-0.7759071855032271,0.32120853901279683
SIDM01102,-0.9173815796407379,0.8531292670189599,-0.7134058218181067,1.3116945816706118,-0.8764537480673874,-0.46642140435925333,0.3089756098125206,-0.7418346553917943,0.438121795184578
SIDM00418,-0.9578781942326071,1.0255720243360271,-0.6742554926387472,0.17023261790719826,-0.8762546269809999,-0.3438579350494099,0.1332805611825635,-0.8006770422550378,0.7388548388003303
SIDM00841,-0.8502923459214972,0.6332235911555855,-0.6419110290496592,0.4111019702206043,-0.7236689387965405,-0.22995607550051445,-0.3690189077498077,-0.6684700087163397,0.4164331053398486
SIDM00260,-0.841398088519161,1.3865904069458825,-0.7281107498379977,-0.10903010426820821,-0.7536712093237026,-0.09220244558183914,0.20840781989795093,-0.7527449835825648,1.0264620948377323
SIDM00111,-0.8960694437573765,1.7264664271389596,0.7883749213081163,0.6718047958481698,-0.8682322081041536,-0.4729246995069477,-0.26635378287171396,-0.8551832944827633,1.4540176054576508
SIDM01179,-0.9204332525945944,1.207079577910956,-0.22027184491139343,-0.8542369704885473,-0.8396834713944825,-0.12569130297000108,-0.30780124411701515,-0.6584559919394237,0.9496045596369942
SIDM00351,-0.8318815318524655,0.8605608223509877,-0.45236922679023683,-0.4950457276954467,-0.9133918055245048,-0.5569101993574646,-0.17390216673841696,-0.7973256993611836,0.4274127620231208
SIDM01205,-0.8542727540283033,1.7671973639899419,-0.6777327655746379,1.167284231994312,-0.8141458039129844,-0.5197001215270385,0.36415507125297025,-0.47787232662969514,1.5464670087926722
SIDM01095,-0.8806125898394092,1.3966072145749844,-0.3797979419944913,1.0979647210437449,-0.9089107297782395,-0.5780656975262689,-0.062271987977879195,-0.833176127973306,0.8153509110036086
SIDM01159,-0.8845282236233142,1.8469618774012677,-0.7555533926291393,0.011079485001691251,-0.8785032455802542,-0.1617028868835438,-0.026555876395787797,-0.7433851603744678,1.577075942829195
SIDM01183,-0.8753092095190225,1.4201140764632294,1.264624521673654,-0.5721165753769861,-0.9046675346146076,-0.16170802982604712,0.23761101773466523,-0.6805322248512227,0.44566439655363305
SIDM00328,-0.7398676577515193,1.5466361503055488,0.42597075720972016,-0.49586701477326484,-0.8697033069491985,-0.3622282232420731,-0.07339433265275666,-0.7519594159578132,0.5256450394804678
SIDM00389,-0.8583544098539789,1.598987007404508,-0.6055178553323911,-0.5897932124069314,-0.8882624982097073,-0.7475008692288615,1.10124758985858,-0.6990330655262534,0.1489770473984213
SIDM00489,-0.9151609612397092,1.473987371167463,-0.7900241082008157,1.0347805781325141,-0.8849867969793921,-0.29200925714412607,-0.046742374836609875,-0.8498193483442127,0.5141645285126203
SIDM00953,-0.9151422278559695,2.4606584647088128,-0.6847576250275241,0.2272173227341839,-0.9647888771602868,-0.5009903574877868,-0.3885894307417572,-0.758203661082469,0.5949901949302521
SIDM01245,-0.8493268917276806,1.7161968879422445,-0.7384468020095949,2.0868278619783824,-0.8465769235635949,-0.6749804326056845,-0.09684954750905364,-0.6830956318218263,1.356109912395072
SIDM00929,-0.8847510071743172,2.075595205530655,1.2150399607869238,-0.48343654698913596,-0.9586905274695801,-0.39726738367493575,-0.30995117498915553,-0.8472467270262654,1.069520489055773
SIDM00732,-0.9083483156306109,1.7945854918342035,1.0425722330692189,-0.2502513093894902,-0.8219579664877179,-0.3341604264359553,-0.026825433067674324,-0.8377176230674611,0.6663696110965822
SIDM01047,-0.9058728425234676,1.4383361252869304,-0.6001141585447505,1.9893933155163048,-0.7375683390598985,-0.5588334177129562,-0.08430166300394584,-0.8058588781708271,0.8041872513388443
SIDM01229,-0.8704830591542584,1.7267630264060192,-0.6949218056186577,0.7114310752867445,-0.9560423929273472,-0.5615479029581352,-0.06796588330375573,-0.8889174705154261,0.6793474543943152
SIDM00540,-0.33979475941450676,0.736595922962346,-0.45578632676056335,0.2906251378500107,-0.8287081013107717,-0.4501222681772145,0.12441694138185708,-0.8499191089150628,0.36060252939082427
SIDM00264,-0.9320516684567727,1.4153433405824074,-0.7226852265281102,-0.2615192383308428,-0.8110046594094568,-0.38955918813239326,-0.20912896449859683,-0.6750230022449487,0.6351844714239614
SIDM00842,-0.866720254779347,1.7255389416128997,-0.731902146380288,1.9585176273516092,-0.8784491873963388,-0.30819148100448346,-0.20422188624790885,-0.7828339370599746,0.8481926849842913
SIDM00923,-0.8773154709021048,1.040846812753719,-0.20699655554638302,-0.11316503276457948,-0.8957447990934777,-0.3298516887611775,-0.20277520804006752,-0.82675118553382,0.5796268754288183
SIDM00120,-0.9012119176741421,1.2472107876810794,0.33444490188146164,0.35329509868518716,-0.8066484267455714,-0.11785817724047994,0.19735766834165575,-0.8002380224810254,0.724069690664942
SIDM00900,-0.822342411367667,1.4493245525591836,-0.4888836592689864,0.8022338742545417,-1.0560359533781818,-0.4032746463983686,0.21079237180119184,-0.8594721151347845,0.2567672588489536
SIDM00962,-0.8089171142322212,1.3246921989751823,-0.7229557906306159,1.3190488052941196,-0.9097399796294863,-0.2558954709201101,0.5256720120175655,-0.7834972846011822,0.8401861127459518
SIDM00889,-0.8613106627061499,1.8051951508303292,-0.650590447134776,0.26570659238318967,-0.8446918415405308,0.042184352302074325,-0.1674197963122409,-0.7447151492248827,0.6784909946399094
SIDM00864,-0.9324797393141416,1.0413975623570988,-0.6937697752724619,-0.7353720840073213,-0.7267599450068912,-0.36238095457944103,0.15076065500309593,-0.7922441226791468,0.5491557657216449
SIDM00233,-0.8724643987025225,1.671705983004738,-0.6996549911001915,1.5319246907270947,-0.7666102325585273,-0.40816003346806834,-0.04714232213517018,-0.8821352300257782,1.4549816840932255
SIDM01233,-0.5024744428857204,1.6128260958581109,-0.06212166662519506,-0.8271910677966231,-0.9269396891592695,0.23729243619079354,0.3594423097395759,0.014310972984625523,1.0234818403460386
SIDM00964,-0.7939978506286722,1.0376079230082116,-0.6006420687440562,0.7741410043107108,-0.605853302136141,-0.45893100323066904,-0.1083451928330786,-0.8891160253713478,0.5277350427277326
SIDM00196,-0.3019685075182461,2.017427636546327,-0.77658180687965,-0.03400963790622251,-0.9019009003547697,-0.6532224344598507,-0.11018744266336084,-0.832190366333229,1.1613095626120327
SIDM00287,-0.8960206603496546,1.7694194042132114,-0.7546812067356974,0.26738739339825823,-0.8729076850467565,-0.610637044391461,0.24727619321238933,-0.8465507970708492,1.302740520396016
SIDM00501,-0.2210209932967597,0.9416701375528068,0.28798768683578463,0.3062028989081436,-0.4065982381406692,-0.40639671917612163,-0.3028919935019421,-0.8606072551984254,0.1170887489486865
SIDM01237,-0.3440694177982054,1.8029934516161124,-0.7907686503331044,-0.8852237906198298,-0.9255646992173524,-0.25913973254271183,-0.2866861934612704,0.7207947782008312,0.8289547967999712
SIDM01228,-0.8665410785155457,1.9883335949006535,-0.7045115413746098,1.501019043387694,-0.7785148310134798,-0.1958638444166192,0.02875099672988605,-0.9035236014767163,1.2549210439214142
SIDM00935,-0.456794484576793,1.4393255943182133,0.8190761378017504,0.929174477823834,-0.3186574262267139,-0.1546521600710215,0.18513311344360953,-0.9219543385982436,1.13545413063514
SIDM00954,-0.9406890821373847,2.0747461727203613,1.5579667955014331,-0.575851621686268,-0.8370816043278648,-0.5344407667499078,0.28444142120501464,-0.8330629356706479,0.645904727852044
SIDM00951,-0.8416022611489499,1.7192522051510757,-0.767117191971232,1.7507065562545403,-0.9751576525649577,-0.5599666807024138,-0.19701443203867594,-0.8133549912445074,1.8074635500207732
SIDM00948,-0.8839513015977968,1.1594273404054003,-0.7269911427207938,-0.45416838203278603,-0.9422217311183437,-0.49900886203700834,0.5673895885421696,-0.7635490398606195,-0.30710150547719817
SIDM00203,-0.816769094274032,2.365049288523358,-0.7067668650091079,-0.578329390948918,-0.9191486669982516,-0.7140804122178627,0.3308352004626056,-0.8264067286849552,0.93807152904957
SIDM00896,-0.8815071937506896,1.1451888510349464,-0.7021673865010747,0.7571375565171715,-0.9805284516213754,0.27183109174515446,0.4995589789961897,-0.8133276672542461,1.704092041515069
SIDM00285,-0.8960301601002205,1.5928711514026574,-0.6669323070208648,-0.3392136140239341,-0.928977736880828,-0.5503800337107132,0.009215092909573192,-0.8294176098960231,1.0720384133943248
SIDM00930,-0.8605263457737313,0.9722233162473818,0.989468425851435,0.04814068849915491,-0.8541444050904378,-0.4769256713859399,0.24993734050559158,-0.8716433674416918,0.9032372506018645
SIDM00205,-0.5963223011369703,1.9726830822512516,-0.6815994941669105,0.1993949381117424,-0.7170900189927772,-0.5624996544898122,-0.16693144975299082,-0.8904533109610459,0.8394108675090498
SIDM00535,-0.9071994268918976,1.1381002942008163,-0.011232660306461507,-0.8273884424530771,-0.8767862672610185,-0.4051162022868475,-0.3839317559086779,-0.7909086215505564,0.6046690547483752
SIDM01175,-0.972324135923057,0.951329591159744,-0.7837017830081632,0.9136628698797346,-0.7993186876040475,-0.36239295043540415,0.14328489490849938,-0.7556130118996872,0.27296093313962005
SIDM00832,-0.9416123434609985,1.1267929064163964,1.9919309358871622,-0.8761558073007623,-0.6228679755547962,-0.05211414699283049,-0.10074653773916044,-0.5662640257172843,0.4525091085958341
SIDM00528,-0.8890613229808408,1.1341548085080488,1.1573727691833848,0.11003255924606971,0.13002048285186427,0.23910163863465309,0.08387618439260638,-0.8516783693380454,0.5483650637407905
SIDM00371,-0.9298041369435888,1.4806928465782982,1.930259695747057,0.9942952892675729,-0.9429882662002053,-0.12141167590946476,-0.15655111520120768,-0.7995188924507777,0.6234904408303572
SIDM00688,-0.9835674467681319,0.8952135805852706,-0.7269906802262054,1.6409637335990965,-0.7902638260476919,-0.0035177615636066088,0.7221585273637205,-0.718561072475319,1.1129174399363342
SIDM00583,-0.9385939409532909,1.1514488596956027,1.6783935204109255,0.55782721449318,-0.537857784630366,-0.29161260046175114,-0.012029978307587253,-0.699678897565103,1.2003170211875864
SIDM00188,-0.996917039346902,-0.11771331928093089,1.1483405000179054,1.779559934185084,-0.7250742113523473,-0.4635151933157969,-0.27228241166969475,-0.6362329969630958,0.7708312248918843
SIDM00096,-0.8857799082279694,0.739895002830565,-0.3594920307095056,1.8035373679580151,-0.9545356093850567,-0.41831168537227037,0.3686527291076139,-0.760689745408437,1.297283993906654
SIDM00379,-0.9127379500965063,1.258575704338609,0.7317705412956133,1.1809308020409053,-0.9111562553210755,-0.6298540381917818,-0.3232128052272214,-0.8257687234597924,1.0801515908529453
SIDM00381,-0.9733719050270607,1.4529981299758816,-0.15061847495555672,-0.6934418508126482,-0.9837043464165958,-0.24597447712193485,-0.005230507373769058,-0.7955847384251303,0.8545125452175437
SIDM00606,-0.7036546275231077,1.4577123545402233,1.1370243358615286,0.011276988610969175,-0.9538884875846056,-0.16028065481279838,0.060207234106125426,-0.891437010856989,0.3106662352163802
SIDM00541,-0.9446265541374176,0.9175695978589291,-0.04269475167782433,-0.862124759123458,0.043397254227412724,-0.24790691510875576,-0.1068698755804738,-0.034525002101099704,0.0999920895455221
SIDM00808,-0.9216900018443079,1.5981131185603594,-0.7369525305269599,0.5882531143006866,-0.9471532410430082,-0.48948611649877194,0.5815781254686972,-0.8139891039058095,1.6542293302161588
SIDM00377,-0.9651263173961965,1.7086352042534423,1.9323696918488131,0.5583474828031503,-0.8511373944056413,-0.33289737426379806,-0.31850702561023153,-0.8615838700931017,0.6435727573355325
SIDM00289,-0.9074676064886661,1.0169477773414413,-0.6776187936023659,1.3161096722655028,-0.9654608790658447,-0.39728147406034775,-0.07540829721741739,-0.8773161297512391,1.2026741304188908
SIDM00064,-0.9400637045740877,1.2391895748034287,0.09945512981355509,-0.7844816133206548,-0.37090919023627666,0.26380298329723956,-0.2471119531799006,-0.7946973311131446,0.8495323706063551
SIDM01097,-0.9296157726577603,2.0856768529643066,-0.7912519368724491,-0.12185028196039636,-0.7030143144668356,-0.7177708495719531,-0.29189713964565434,-0.7898444286410733,0.859618465728523
SIDM00350,-0.17132388262657394,1.0909520821703045,-0.4417312373856302,-0.22869931886114966,-0.7700310075431941,-0.16556117554459762,0.3799594304220533,-0.8365503895807004,0.741420068645522
SIDM01163,-0.979745376355187,0.7668640677473937,-0.6074053615108127,2.727676164214037,-0.8073071995495382,-0.33390864801606895,-0.3546695868503652,-0.8493025021682937,0.9753610528480324
SIDM00375,-0.9714492603271945,1.5799429846030877,0.007336229817191018,0.6822319246571399,-0.4743820111528785,-0.30364743234227104,0.016001752759823625,-0.8821756170985041,1.0842274567840868
SIDM00600,-0.9138481492309408,1.1301960888574485,-0.5220621851133577,0.5104892930015926,-0.8499384259242011,-0.43582173943373803,-0.025706400355789274,-0.8078952159188252,0.4922919416203094
SIDM00367,-0.9655974022327868,1.3807871002947316,-0.5998441162188702,-0.7844059018580231,-0.9450296318953909,0.21640121203163687,0.1384862067273092,-0.7680050888452146,0.6360348693759814
SIDM00632,-0.9451056594361124,1.2993208509834298,-0.6918886092485357,1.1816345694207475,-0.9607746468054481,-0.5007619780394673,-0.03779841061025111,-0.8114263784120063,0.40008081587174776
SIDM00550,-0.8576199438559657,1.4625177364718036,-0.7141122978089086,0.6410658864692935,-0.6486208182141948,-0.21567803633088217,0.026164232723653702,-0.8461140369958653,0.9506432930076565
SIDM00230,-0.7971873057098208,1.3333191353232137,-0.6899755272881889,-0.6509252983930555,-0.6808245383838176,-0.39517790900107735,0.09359641365945386,-0.8714875581774458,0.14138365003271772
SIDM01206,-1.0112048459615186,2.2199210297918515,-0.1685536541491079,-0.05260173364786569,-0.8939105013359602,-0.4881241070326579,0.20593957873637483,-0.9093400704058139,0.7712741787583183
SIDM00127,-0.7772024879524386,1.2747283689327644,0.928453608259149,-0.2568399316091125,-0.7045633520683164,-0.22114752086816938,-0.15028459861289287,-0.8091530330168575,0.8673960903998528
SIDM01042,-0.8918202742645798,1.5344883422197373,0.03784271958949424,-0.8872221088894255,-0.8861307257822499,-0.005050253069390659,0.014847687752738859,-0.7067936521606158,0.05888618244376509
SIDM00491,-0.9397049918810845,1.4094249191673864,1.7075424417403668,-0.012382818652258983,-0.9110624901846822,-0.492181150131346,-0.176105330924549,-0.767349638882779,0.3743379657285156
SIDM00488,-0.9552013419781704,1.492646143298302,-0.12270583114848235,-0.0401094737535666,-0.9021957874669921,-0.44871505572578696,0.04391266879258082,-0.7243756527252093,0.6954640184425428
SIDM00190,-0.9659612309392834,1.2383098987552699,-0.41888678413190417,1.5896596563373677,-0.5687033804287241,-0.3229882224795302,0.03749365466036568,-0.7612248160391271,0.6760210466649806
SIDM00542,-0.981669552126316,1.7145624309573677,1.6154288039888753,-0.14639239332174545,-0.8546226554427966,-0.365831764219193,-0.28079548874599075,-0.8128020401446118,1.3457949695031517
SIDM00198,-0.9802956614012411,2.2690740881486637,-0.45621039672422425,-0.5797742373536784,-0.79791926783633,-0.5453105283578185,-0.22060938844271935,-0.8167690061202609,0.8258400598275221
SIDM00269,0.36561166216279306,1.7885492115087074,0.27405757168051215,0.08754564002129278,-0.8776651324643723,-0.8041586513231045,-0.2524874896816723,-0.5991788077327425,0.7877009119142137
SIDM00621,-0.9175952337083736,2.293337644708177,-0.630708962042632,0.20109162939663697,-0.8652738708137383,-0.7395532094825269,0.4594073321218119,-0.8236548857246614,0.4649850277550729
SIDM00599,-0.983890610928256,1.6647580256664234,0.20078910716357412,1.4891096263430006,-0.9492493172249074,-0.5702362218690689,-0.17498846554877137,0.27522601526313845,1.3272368364454956
SIDM00118,-0.987591943591301,1.3194593090982005,0.5433431248605686,-0.766573629879623,-0.25470009591040327,-0.10739662981214645,0.15676970036690963,-0.6559970078931227,0.5953723137459969
SIDM00596,-0.9375670239336148,1.3928036300180464,-0.16571681103285935,-0.6009965698893122,-0.9157169095443669,-0.012391560296889368,0.3217972688131947,-0.5543769762912414,1.1336871213103539
SIDM01251,-0.8873069835083424,1.3863506304980475,-0.7825201652482496,1.9482901927331746,-0.9103998217587411,-0.4966862548325387,-0.10266448356907715,-0.7795559618222487,0.3139045731403732
SIDM00197,-0.9913525020282251,1.820802259404482,-0.6955767754856952,-0.024862622300069772,-0.9755240089845678,-0.7806841635673283,0.00044486958297007247,-0.7971817085214871,1.0064031681395451
SIDM00810,-0.9151413372524757,1.302379781658936,0.6718148270050169,-0.5040892455707994,-0.3846501175361877,0.294325730923328,-0.1582109520157272,-0.7106514672087599,0.7986258886939486
SIDM00174,-0.8772325945013623,1.5383523325535908,1.0036763848226242,0.40519116050427634,-0.7855832476528309,-0.47140580447339897,-0.1243193959237814,-0.7843517161501558,1.2943006639548043
SIDM00487,-0.9548998129290321,1.0623107983022795,1.3760906981526921,-0.687094652976679,-0.9426459107205258,0.12320456152808801,0.12685979827271365,-0.730895350595027,0.3515007095094037
SIDM00263,-0.9413542106829277,2.1047353655951166,-0.6763614817801857,0.021539059568677577,-0.8823001603778772,-0.6330021812830835,0.09301471023605874,-0.7595023070292815,1.0101458514545163
SIDM00277,-0.8743608248006604,2.0289449747913073,-0.6371721594937209,1.855051862353215,-0.9237187076965113,-0.27553561224711653,-0.0949667219179752,-0.48799795411333974,0.7899702470169666
SIDM00592,-0.9355345670653704,1.7182197589106576,-0.33605861755150135,0.03391710280181268,-0.9435618600944,-0.49231411725144,-0.2646920034811535,-0.8353211232582937,-0.025894918649657112
SIDM00496,-0.9609641320061137,1.495768531074913,-0.5398761967554334,0.6859075894567671,-0.8980503487554489,-0.4190775997696343,0.08276186988965581,-0.8408724113384094,0.25165456820937526
SIDM00793,-0.9155006650807571,1.106306070778718,-0.7626718323734238,-0.40438727441139727,-0.7591494966576894,-0.24564709541022928,0.4603784957832753,-0.8620586592657616,-0.06059241093947956
SIDM00121,-0.8942856409581752,1.5042597562063258,-0.7519205469913404,1.7134014231894228,-0.7094803573080702,-0.5523619003250436,0.0151972669663647,-0.7750228030007135,1.041202099026266
SIDM00202,-0.8702694556647499,2.023763293522593,-0.6550414044955291,-0.2873687883354703,-0.9475661899362685,-0.7343773164473357,0.23665534262291082,-0.7345344569968767,0.31586026961899044
SIDM00047,-0.88242581099738,1.0774092599275396,1.7710704064706413,0.07268818775411047,-0.8930710706287365,-0.11090905449252585,-0.07595309010601643,-0.7703680254571686,0.6765458689101645
SIDM00885,0.07705240388863664,2.0907531411696825,-0.40797695263966754,0.13861612994071126,-0.7840362599750078,0.009453817768659391,0.8442898661895314,-0.8551379197768031,1.1048727194143437
SIDM00201,-1.022552849098368,2.5664475185956963,-0.6476947070511446,-0.6607534974821705,-0.9046619828787511,-0.6364221722882129,0.10826061228076196,-0.829619065922813,0.6951979721834868
SIDM00789,-0.940986880135313,1.56856674708038,0.08442723044836681,-0.8392911093700672,0.0768583363398138,-0.21609705125276413,0.24071869972590398,-0.7135655343150411,1.0534889624324184
SIDM01248,-0.9220310172197286,1.424158461853939,0.474097213713432,-0.4884227156427506,-0.9629957967031975,-0.6456519814188646,-0.3389346858672682,-0.836596707654825,1.070302596224613
SIDM00195,0.29605116988716335,1.6784593416896518,0.2075097761733246,-0.3525243390489265,-0.9768321757067284,-0.642970066524517,0.133446974724268,-0.8166987777034436,0.40311097937600743
SIDM00517,-0.9612431450116008,1.5844424443839953,-0.02249148912558056,-0.2840751313730365,-0.8966838551499303,-0.28048712285519356,-0.1357630531744009,-0.6982872599077062,1.573454029254355
SIDM00534,-0.912105377191598,0.9789146151887482,1.4841956187240544,-0.6952429947943229,-0.6062302518964867,-0.10071040867915339,-0.19869960329948766,-0.4500311325468341,0.09982278416777762
SIDM00863,-0.9004000441123758,1.3535927014669928,-0.6644413509157368,0.1392681646335103,-1.0114129314132858,-0.25382906010135337,0.8695916728572556,-0.7498232330925623,0.3506884310939268
SIDM00211,-0.9034998340206584,1.4678860175755812,-0.7462484002892884,2.0143418258746624,-0.8906478017621734,-0.6598305115995523,0.26395507327607814,-0.8255562293924762,0.7389640805166054
SIDM00539,-0.8931118225283474,1.3149066246879275,-0.20297199197223534,-0.6675817065393949,-0.6985911150691595,-0.590603007542925,0.1960797409014413,-0.6637362768673405,-0.07458640668284447
SIDM00875,-0.9159885496482312,1.536867453674806,1.2092996256814779,0.8270241842120261,-0.41877153431682096,-0.4822219414695031,0.011040016478303053,-0.7492627279511652,1.4490122515292805
SIDM00679,-0.828081423415006,0.28871368737349684,-0.11509116952988699,0.9107373132595363,-0.4568658488367077,-0.5370277077338219,0.055671952771788887,-0.7651229712055398,0.4932800575890594
SIDM01146,-0.9149412270963454,1.3404093540225284,-0.7075840649695798,-0.5665150689938071,-0.9223630726590704,-0.27721348602248524,-0.1496998936743568,-0.6963772432114672,0.9022116592030217
SIDM00156,-0.7810966739090843,1.6894679787471332,-0.6048832271556023,-0.7967209077148526,-0.9193002133856891,-0.2972313358778381,-0.10746957179188171,-0.746444540041772,0.7117657664870012
SIDM00420,-0.9353215993033832,1.2932176679113052,1.5181878945330338,0.23694678667950841,-0.948480955380668,-0.4208123266742327,-0.05245591887693408,-0.7851917983196119,0.44052998791547454
SIDM01145,0.46774970057506315,1.0914408629868864,1.154063461222215,-0.7151274245191455,-0.4154467607668639,-0.17776719243553546,0.07879226375750203,-0.7560107665108348,-0.03856516267043936
SIDM00256,-0.8586622614390333,1.5280908644457114,-0.5367885641390777,0.2557995027361016,-0.7369331554893488,-0.40033329149927316,-0.07211265159812036,-0.8150339152840546,0.9910859565577648
SIDM00444,-0.9384396798636258,1.410787686734954,-0.6702427038893956,-0.5303589605642258,-0.8277895240271373,-0.3841579737400372,0.1771588568721117,-0.6149321440929566,0.6098837254283545
SIDM00137,-0.924769305325246,1.1743485229517223,-0.0716096112190857,-0.23521621637089968,-0.48175309256007387,-0.3664129136841707,-0.2168377982205524,-0.779641300692703,0.22720368322898024
SIDM00569,-0.8652519913353124,1.715996917428655,-0.10980865415832003,-0.26646492121866616,-0.8792891932226838,-0.3198127219589439,-0.2878215998390854,-0.7805484761994549,0.7122647254641794
SIDM00445,-0.89661776444785,1.2907668287782708,1.4569063953867052,-0.04345764802089701,-0.7527593821540267,-0.2146489497016082,-0.04949362312760679,-0.7974236924589236,0.417350247063721
SIDM00094,-0.8998511844278401,1.1852893736334855,1.704786700207334,0.6364955153787283,-0.9082248904003224,-0.29953863412722254,-0.2561117635921019,-0.7082584080459371,0.5419080576915823
SIDM00576,-0.9225798382269043,1.2167735525827208,-0.7210272447231412,1.716065141329357,-0.9412914893869925,-0.566767161100279,0.12147889565365144,-0.7691222124197289,0.9224848367900232
SIDM00257,-0.9438248583762595,1.6599788272741633,-0.6688724280457865,-0.21019344665436177,-0.8888386459759992,-0.3731550198007928,-0.08915656684611824,-0.795225393814673,0.8481221851270752
SIDM00835,-0.8683711708848557,1.175376547572088,0.7497989417273526,-0.6980056474434724,0.01744286458313533,-0.438632869679113,-0.21412564059068306,-0.44231430440053704,0.19745152153296813
SIDM00781,-0.9012043483297639,1.316216581047228,-0.08244352583646286,-0.758607434743544,-0.8187720669495945,-0.30089617302253185,0.14727643327835768,-0.7310179741466006,0.6918379904031062
SIDM00700,-0.874328978886455,1.06741686758847,0.4523772586328785,-0.8617642922018274,-0.7880542959494652,-0.3278280937114282,0.4309252184536165,-0.7598817766849509,0.861785971238441
SIDM01126,-0.8617728912322363,1.0547291119063316,-0.6605050410133099,0.44850213747625084,-0.9593029467112484,-0.35201294255995497,-0.4101388318750697,-0.6994611295324289,0.4832534847489191
SIDM00259,-0.9599537511260412,0.983413164864609,-0.6751292260960655,-0.0882203417671326,-0.9499426059952764,-0.445739135373441,0.25408688075594654,-0.7644293811169837,0.6313387460102343
SIDM00834,-0.9116527644398471,0.9982018954350906,1.3355006161589953,-0.7990416914162096,-0.6798033891971694,-0.24128610548886475,0.14761480288610054,-0.09502824255932421,0.08448261559071828
SIDM00814,-0.9173422565297625,1.3041172047748117,0.31842897201560294,0.12481600076428297,-0.46223078206279117,-0.3274716407629631,-0.07065093645024952,-0.6588047767490643,0.4576765899524733
SIDM00258,-0.8684324643346704,1.6635550485449222,-0.6089883728556645,0.7716332382360381,-0.9583092319478718,-0.29284876942216514,0.019753326365343108,-0.7256563863798668,0.9520377463228266
SIDM00577,1.2054885357899063,1.7660117680093241,-0.3265239854574358,0.6823186525472511,-0.8513949005273911,-0.34639470498929803,-0.16448397747092391,-0.7856451100306308,0.7393595999291309
SIDM00384,-0.8454812252089363,1.4225175478296228,-0.5507288510363624,2.419504479449819,-0.935701914738829,-0.5498739480978477,0.25116677358489,-0.7773223448062756,0.7964193900939458
SIDM00837,-0.8453347208411218,1.7941627466675238,-0.4728241488746313,-0.5321917355882252,-0.47721917130990216,-0.4298047444991828,-0.29668921116265407,-0.7972490542109705,0.8010162314318408
SIDM01133,-0.9106501504339837,1.2156840311627115,-0.5896412732059975,-0.05669396827586056,-0.8228017192488074,-0.5823126025635242,-0.012214410443115005,-0.8613755925237807,0.13118939440041497
SIDM00244,0.4428431029293622,1.5212587262482582,1.0032847577109505,-0.6101527858058318,-1.0013202521427316,-0.34706447795675827,0.20532800089912076,-0.7814288234766444,0.7455257999525762
SIDM01161,-0.9483702702342014,1.8687163116398682,1.983332744282185,-0.15645437592012287,-0.9088578266576374,-0.3978262567935026,-0.052850420013289476,-0.838632847582369,0.8305086708533614
SIDM00579,-0.9072936587864256,2.0093708793228195,-0.6060531271395316,1.0452183755046467,-0.9007086031353779,-0.361670123980711,-0.04730142654184713,-0.8696097393344328,0.9380172460082108
SIDM00699,-0.9899148699828044,1.5196217784327133,-0.5690999457446095,-0.05693127754747915,-1.0154342893288355,-0.37319424960890274,-0.19913433756408713,-0.9203918909457033,0.9425718507541999
SIDM00721,-0.9424271722891131,0.9740073461358832,-0.2593745156661762,-0.4952028765511556,-0.4878798976762714,-0.2827860043472793,-0.08551154479542517,-0.8489011535188643,0.7559058514124842
SIDM00082,-0.9124210366894102,2.1281337045161166,-0.4988710679948447,1.8397902151824905,-0.9322082973539918,-0.26829439501187563,0.22694274732352737,-0.8836688751753679,0.48003726401868346
SIDM00320,-0.7732513477006423,1.005161504588653,-0.6195265420797873,-0.4015047826442324,-0.8861995367494675,0.35433871288737434,0.2292460530915434,-0.7873152387510315,0.45478380515187894
SIDM00967,0.2713290761710613,0.9102147929809209,0.8583882539899683,-0.12718127991711592,-0.3786192176042244,-0.19676312766301782,0.2825322759767894,-0.8692167248038352,0.32270618834046605
SIDM00508,-0.9826087321470609,1.4430769281541498,-0.7804581798915019,-0.8728440289266305,0.6097396107545727,-0.340861482062577,-0.18063922778787575,-0.8489647179552331,0.17588900789371287
SIDM00859,-0.8020390420186667,1.607548276469188,-0.6629555373252889,-0.8031199876312823,-0.9496385487232076,-0.271340351747896,1.1961657168534732,-0.851489166730125,0.13292238137486517
SIDM00393,-0.9347765252553848,0.45556436553536184,0.9700017932780807,0.38256439904384704,-0.8248565297371575,-0.612726797855654,0.19106880352511277,-0.7828041838893449,-0.3191467640403329
SIDM01174,-0.8970269777422627,1.1326221027384482,0.6697612849242953,-0.5920604408208638,-0.9704792453785583,-0.5544711208865891,-0.3689456085541937,-0.7821445143344427,1.3477325769832105
SIDM00530,-0.8396759447563553,1.0563647337748368,1.3610792388907624,-0.7592464777374169,-0.3862553426981731,0.567282356443233,0.65461845322191,-0.7733859068201516,0.5087204654699168
SIDM01149,-0.8937872301254471,2.1850431614035832,0.3566316807794139,-0.1987480552058505,-0.940783064898838,-0.4514878623764761,-0.26574979916754604,-0.8419353289448898,0.29674097627939555
SIDM00243,-0.9318570070420168,0.7598778282058029,0.6138915611278335,-0.0796328243043259,-0.9039239673605883,-0.399991594346984,-0.25959077770049266,-0.607346874123531,2.0387544953862533
SIDM00176,-0.9451851038112067,1.4772014995404974,1.7976396619884545,-0.6680617223088302,-0.9810807465344774,-0.3607059166677788,-0.1895785748348824,-0.8958923596029617,1.1543164568273085
SIDM00422,-0.873494317724737,2.1321458182978814,-0.7784942820610519,-0.7411388227249456,-0.7186474080963826,-0.08136115807934804,0.8414639887442265,-0.8060756611741261,0.593494294564242
SIDM00532,-0.9779085653812468,1.077794573882963,1.3733408437349046,0.07297473847408702,-0.8732592340024402,-0.35306798141970996,-0.25116212617529593,-0.8254907018402957,1.3819300543341768
SIDM00077,-0.9519853462724946,1.154806571828539,1.551326442008577,0.7414576106672784,-0.8578613631783643,-0.30046122889857885,-0.05106632545497386,-0.8480561843770938,0.9934952114768669
SIDM00561,-0.8636229558293805,1.5831279667899893,-0.7073811632957945,1.2967112147028363,-0.7764308417802916,-0.4942586423812037,0.5465797624438571,-0.7710187980771139,0.40774259046610206
SIDM00407,-0.896733970590613,0.40231827466240694,-0.7555718685893963,-0.6409018736374109,-0.9664505439199124,-0.4810289470324927,0.8485266167546899,-0.7454905029404453,0.30361327211757894
SIDM00631,-0.9421389977107997,2.0855842914525797,-0.47787242266396807,-0.7187949506564624,-0.3782840011258438,0.02171804889024537,0.11452480380841307,-0.8446894753498411,0.15286460158792492
SIDM00324,-0.9358256063468308,2.0004755990561534,-0.1690850577569205,-0.09136860427306,-0.9502819908434923,-0.15106932894838906,-0.038084357859451065,-0.8101037294602826,0.6315158188834765
SIDM00410,-0.9454150203747079,1.315759961771428,-0.6627843742736487,1.5334965578123347,-0.9245914319837659,-0.6317468279584084,0.1290717754462162,-0.8298726087465511,1.750042965511123
SIDM00483,-0.6261737432870454,1.5612700569425422,1.3228981621382887,1.2194168635830087,-0.9381222330783198,-0.19219554335650094,0.1843956133681785,-0.8781350970810091,0.6180850928633501
SIDM01187,-0.9678137724146089,1.324186587149009,-0.007872690857207543,-0.4749753946554221,0.1412399561618468,-0.01625541066049371,0.05397706329961493,-0.8022411819550097,1.754084030698694
SIDM00216,-0.8389474603364728,1.7011881185193662,-0.5317043706893541,-0.7977295768414207,-0.7739006019351278,-0.2395645627254454,0.12306944879960137,-0.8039018204337263,0.30047192676193485
SIDM00199,-0.871047897464984,1.1381361685582034,1.042995159145162,0.5934028220292277,-1.0256105094314205,-0.4345676341257457,-0.4448808926092608,-0.774050556751429,0.3190058033836348
SIDM00234,-0.7686777314009138,1.62060572332009,0.9631125971636809,-0.8593348285813145,-0.9142753974785971,0.20880102625193175,-0.10640526104312753,-0.43852852451204366,0.6485117827430235
SIDM01019,-0.8619840475591272,1.7081375492418904,0.02203446053306665,1.370232572544071,-0.9167389114212441,-0.063277900492997,0.1394813011770594,-0.733830337719599,0.8714600880353858
SIDM01114,-0.8823554905495484,1.4620676902201053,0.71327062164993,-0.3175350217855866,-0.6341345166499671,-0.07813303856875738,-0.1305319237171807,-0.7535716280031424,0.4696353052742429
SIDM00584,-0.8634194169167224,1.6528054846382534,0.696026434654142,-0.5247360877223972,-0.8810002054601083,-0.31671167691667984,-0.16612642852768222,-0.7552516775449702,1.6386744108984945
SIDM00043,-0.6230721295953324,1.0786231518255487,-0.06105641256661839,0.1670585737907007,-0.4295867141288327,-0.3463844328744027,-0.14695143205953765,-0.8813943448197231,0.9720397792557358
SIDM00498,-0.9302371058066391,1.5913581402234722,0.17000632707132982,-0.7905383058430606,-0.8621390539838669,-0.2932655383166833,0.010849357695702468,-0.7590317617256385,0.738367912103142
SIDM00406,-0.8442768494516024,1.402913286690611,-0.7155657364374783,1.0978060232434914,-0.8136049440794886,-0.5075064129931033,0.842968527698133,-0.7935960689364255,-0.35123360862421943
SIDM00193,-0.6872033509413021,0.7191970946582406,-0.38323738991484535,-0.6923584490330071,-0.04416695869769097,0.11443761461431945,0.6908211971066598,-0.7365008108993438,0.05775798365989074
SIDM00045,-0.7014667270426034,1.3325919388478344,1.0541140236266264,-0.6782843467620181,-0.09244536523190294,-0.3363776928137345,0.1703812499167997,-0.8097897880518663,0.01468092609229875
SIDM00655,-0.8845389766193934,1.4389113652439995,0.417080303789467,0.5619086077890734,-0.645242293760051,-0.10337602876378359,-0.29906439588310707,-0.6984926571980573,0.8065324230618431
SIDM00214,0.17908766782638935,1.751193500391131,0.05006127916498074,-0.7829596284249604,-0.7778763555941788,-0.30325167654302776,0.44038509193388586,-0.6587815300117497,0.4445084473626621
SIDM01007,-0.8909090613850396,1.430666020113023,-0.7044344810891625,1.4590480841447004,-0.8122684302019508,-0.5399418113557648,-0.01039067503927686,-0.7905313912255681,1.1598469119299988
SIDM00262,-0.9618533680527668,1.5966856260693671,0.7617455784947551,-0.7435816047100848,-0.8438956040061988,0.06277731416883645,-0.1310153290721673,-0.6274913663921586,1.169053086934725
SIDM00591,-0.8624193580966345,1.359609467440587,-0.33064925115028193,-0.20355320683696662,-0.9590569822946258,-0.38126814631786843,-0.32673912927414683,-0.6651760848498056,0.5226123680673128
SIDM01197,-0.948276001678251,1.110956826139415,0.15135243960311706,-0.9018306407062235,0.31079095404627044,-0.06806105629935233,0.13796426566366288,-0.6204997090826566,0.33561055214113034
SIDM00905,-0.898529942356737,1.3284181783387603,0.7563124228486021,0.4848936838027499,-0.5414132955296611,-0.2247357467216525,0.1932771407099779,-0.8184997000688212,0.5852275759483174
SIDM00180,-0.9226836567117426,0.9657678412659462,1.3022590576828335,0.32257742062307143,-0.8055821441572585,0.07515189180311736,-0.13457021887125858,-0.5867635608815133,0.3171260254011457
SIDM00323,-0.8771279513657563,1.397157916794305,-0.7251070779479335,-0.2083548406344981,-0.9018122503272089,-0.7300642851070288,0.2707480093419802,-0.7811877864544101,-0.716241219107091
SIDM00113,-0.9133238768801538,1.4317250365658098,1.3356732320759337,1.1257337661250604,-0.8583491817640241,-0.23667861981332042,0.36024908444398274,-0.5145163717950562,0.6791657010532118
SIDM00551,-0.6073149739476192,1.4970943156713514,1.0348072110308932,0.2838219059731537,-0.5683442179218781,0.07279222782045482,0.14200761724230185,-0.7409144699382305,0.38300214991975196
SIDM00958,-0.8377159676458903,1.4170771744637596,-0.6993372175414976,2.290613174139857,-0.9144645459059151,-0.5780475454054244,-0.08567357048863192,-0.8843682457310929,1.393117289504212
SIDM00659,-0.9178841383158566,1.23052603770625,1.8218989166906616,0.29401200970053687,-0.8355101453959631,-0.3168008337124621,-0.2311135627780897,-0.768746013844172,1.0832339545654461
SIDM01168,-0.8813896182559163,1.255058868180131,-0.6496052132195612,-0.24640205332843867,-0.8031294090346095,-0.32726229873777896,-0.15933572947109026,-0.462671009214456,0.5266398865003228
SIDM00968,-0.8757270019387192,1.2759401463736124,1.7181671059987325,1.5052077406237836,-1.0414333387741406,-0.2397922249438939,-0.3136620222929254,-0.8405105446017911,0.8493893238792111
SIDM00250,-0.7632489977535236,1.371309477085923,0.8456109657653997,-0.24567872798875556,-0.5138785957656343,-0.16463475328951177,0.26091873752289574,-0.8489120027828981,0.719683514277494
SIDM00252,-0.9005075584849546,1.1075465759549015,0.7352207117376071,0.8102499009680735,-0.12901154769739767,-0.3785899680470807,-0.1623092801698731,-0.7071130607431093,0.42688719038185746
SIDM00242,-0.8820394614297308,1.4419602674197198,1.5224203161291987,0.5231850578885008,-0.9148894663047049,-0.2000578797587669,0.6145543612976768,0.16019224603227072,1.6663047204547554
SIDM00438,-0.795303579051469,1.6012919703500925,-0.5821511392097224,-0.6135381342047395,-1.0120322309293117,-0.38382052709151915,0.7152448473319682,-0.7296856935297006,0.9473491808495101
SIDM00231,-0.8930550668669235,1.1879252275846717,1.8047766299329588,1.0602880298046193,-0.9221489826516615,-0.3780368353262152,-0.03705146188800247,-0.7358042837660592,0.8210867498289608
SIDM01011,-0.8796727577725766,1.6596913613571207,-0.713392142846835,0.1404512158285331,-1.0164825192457194,-0.4998547299283126,1.2544990348303844,-0.751479421833965,0.6576937645351016
SIDM00182,-0.9270399400764755,0.9700691335061563,1.427037302346636,0.4813446641944091,-0.6527245872086244,0.1431640201727281,-0.3226820150626502,-0.6738941247234329,0.9331363031307692
SIDM00969,-0.9195791124153483,1.4052792115950106,0.33605526005167047,0.6752458024097276,-1.0427297108157845,-0.2619452846658066,-0.33676673106430355,-0.8785780150168259,0.6924656873611774
SIDM01120,-0.8702171513567665,1.4678315189560172,-0.6495911359066997,-0.8665818725195878,-0.8967687150969426,-0.4381765408812366,0.361233381064462,-0.816682337996902,0.5588915244968863
SIDM00317,-0.890093365852991,0.6041241633124494,1.4301210315301809,0.600450676194814,-0.937446001706498,-0.5556002069867862,-0.5932249207269956,-0.7304414502872956,1.3366730104367233
SIDM00719,-0.8317335677285826,1.5976303293694376,-0.6443620648163224,0.2463735074016809,-0.8569823299908212,-0.4197517539273805,-0.030041621383601894,-0.85355021606614,0.5814336764081206
SIDM01041,-0.8326988021795109,0.9283617038932027,1.4788846233693205,0.5633716715248358,-0.713003200147929,0.0489703173717856,-0.2548657868772046,-0.6912728689736846,0.797474454247272
SIDM00668,-0.8463999072276792,1.0914085059947312,-0.7365887976256267,0.9670795137946612,-1.0357565265349173,0.03821973149043003,0.3338139444976291,-0.8413100096329871,1.039713312725405
SIDM00056,-0.9420542043703969,1.5270757673934643,1.7243215251480524,0.6994060271238122,-1.012857620028104,-0.24129635163500154,-0.1810958884167527,-0.8300728063639224,0.9654920482645887
SIDM00181,-0.8978739590246387,1.291435720745225,2.17762520458068,0.1281136319726019,-1.001394945901212,-0.28209852372247346,-0.19243607707485125,-0.8046211789774543,1.1950378194694848
SIDM01073,-0.845205453178163,0.8750493720814099,-0.6850454608958367,0.8158805167281626,-0.8995663033306766,-0.14145777817825514,0.12991703269721339,-0.8194462380912695,1.2937699819069746
SIDM00504,-0.8909534857298577,1.6484005513541962,1.4178759411081345,0.7547944267635786,-0.8729051625516091,-0.17024231286873304,-0.1707745011086915,-0.8807298436968821,1.4906420253603254
SIDM00472,-0.9748187263694611,1.083317517051737,-0.09041633816180276,1.5858292242276566,-0.4384743721529384,-0.3492000733941176,-0.33258992900282397,-0.8286459202348829,0.3888134876731638
SIDM00042,-0.8661283642859904,1.3700729875423716,-0.36302973510596437,1.1593193271277495,-0.37508724314828495,-0.31209379549296684,-0.02394300775624691,-0.8454741042725981,0.7471251820556156
