,CYP46A1,SLC27A5,BAAT,CYP7B1,AKR1C4,HSD17B4,SCP2,AKR1D1,ACOX2,HSD3B7,CYP27A1,CYP7A1,CYP8B1,CYP39A1,CH25H
SIDM00519,-0.7414417661557826,-0.11864645928250715,-0.8201261123722164,-0.8707407231178059,-0.8237198918944576,1.821374421533269,1.1845585129950047,-0.9191990693359745,-0.06330199591787268,-0.5857673889732553,0.9584082815497263,-0.9479146661828053,-0.9191990693359745,-0.6489303327127841,-0.9323539806424389
SIDM00917,-0.7298446474590574,1.093839453332441,-0.8449836690834798,1.048581727615828,-0.8711158192148913,1.416669811111088,0.9969353154349787,-0.8947631003227959,-0.6403330260763782,-0.7635366001739354,-0.30533723294931,-0.8484144303456282,-0.854959306567899,-0.8697892522737103,-0.8285474586060063
SIDM00309,-0.6243057276831062,0.8651235627120307,-0.7712369127028784,-0.9571250359818796,-0.8318970503525251,1.9224959791551162,1.648148666041226,-0.5414222594484616,-0.14099036567756698,-0.20339632242776576,-0.8120351877263776,-0.8378511059891465,-0.8368618787678516,-0.7970726463094261,-0.7535342849361079
SIDM00099,-0.8066492996085272,0.05222269295456034,-0.7939980112949907,-0.9415186219162703,-0.8124064202977784,1.111928829142046,1.2495473688937433,-1.0169090717230655,-0.7188574540772755,-0.4684330166828768,-0.01281536584589626,-0.8933045145655631,-0.8716261317878148,-0.8233387083715107,-0.7123306298870635
SIDM00276,-0.754604812970044,0.04159619297376284,-0.8827955315729019,-0.8011153252276967,-0.700236163947018,1.3983222801862465,0.9449282215923305,-0.6683701520886016,-0.7039986736006507,-0.764594268953517,-0.25816407092394184,-0.8857020536418566,-0.8494398779305119,-0.5298827460961387,-0.6896570541169448
SIDM00311,-0.7276384496102114,0.6939150269951694,-0.8809476116538619,-0.6771578754738976,-0.6097887055217948,1.5856379231388151,1.2146987330299526,-0.9091359284906363,-0.6018612287318369,-0.832970819558725,0.046081246742341535,-0.8881489395832861,-0.9820201982253189,-0.6702626306252265,-0.7728766335832622
SIDM00970,-0.8081167049863441,0.5747714805488086,-0.875397932640701,-0.7096566141194111,-0.19663152417747337,1.6006437117357932,1.4438991887202097,-0.8585931865063466,-0.49712359487446595,-0.8402254026302887,-0.9386702488236848,-0.9424440922794897,-0.9439220853049511,-0.7791326216210365,-0.7112991548439136
SIDM00103,-0.7240757652916003,0.6691808320668329,-0.8184971891094295,-0.8433961758073608,-0.71753959602721,1.4040723655258185,1.6436997494376804,-0.7679675416086442,-0.6054529458260706,-0.008887742501326588,0.8328249010518581,-0.8604267542555263,-0.9383875201631787,-0.8325703654654959,-0.7968684650109203
SIDM00266,-0.7948565248122726,1.111252174100916,-0.8776623930127113,0.5515997997471631,-0.6615531261009261,1.562075595960497,0.9338042711826499,-0.9676676389459296,0.17240820396919787,-0.7610496979665132,-0.6278831308618223,-0.9701430721202751,-0.9201449752339179,-0.8593298180325262,-0.7674952036682134
SIDM01064,-0.6481791286847679,1.3786491651831871,-0.856570146195206,-0.890995706766037,0.6324451832066855,1.5725790119686334,1.21352543278477,-0.8384823503230797,-0.7263152497614593,-0.16483135724549747,-0.6394467569879647,-0.7747722996541856,-0.8182349899255524,-0.8572052697598842,-0.18072499197715272
SIDM00098,-0.6982044574068819,-0.49274576009785326,-0.8561744578800268,-0.8880030997768125,-0.42760474022884787,1.5941054478079846,1.046334095962036,-0.9246282698113344,-0.6080205932313932,-0.6848630018709715,-0.5371510076225966,-0.9081824502327627,-0.8351508310553163,-0.7769468243618209,-0.695201968847811
SIDM00225,-0.7110961103423669,0.12093560872901438,-0.9393382216405459,-0.8587527639007851,-0.7316836575481328,1.6273238734769135,1.0899002786825889,-0.904927040383747,-0.3400610994694267,-0.7968876794077365,0.8242953726483084,-0.9033036092208158,-0.8083647280184416,-0.7522972960220996,-0.6145459314713965
SIDM00846,-0.7365971297440532,1.7512528242331389,-0.8278441961788279,-0.9110017337014996,-0.5889716168397942,1.7350403128521332,1.0532645455522038,-0.8684286234523515,-0.5088253634482736,-0.5021054727611494,-0.6503800130361123,-0.874767821638543,-0.775231815991195,-0.7811065062640704,-0.660597765523366
SIDM00291,-0.9197511472839603,-0.48198156970530676,-0.858007446158582,0.34601288530050295,-0.6437618272771194,1.3132118166563376,1.0513652929426054,-0.9602445091530794,-0.44177738298689645,-0.5585876026833086,2.0146038666630437,-0.9240442475473973,-0.8901780565893025,-0.7772447051002386,-0.7454062507716728
SIDM00520,-0.7131703595737856,0.2767197758896674,-0.8479149679264334,-0.8646065063241526,-0.8007485951849165,1.697824173237943,1.424554156328317,-0.7227430610191721,0.19186907966127084,-0.4792439517626851,0.19255714942482613,-0.8752313885005026,-0.8779443334235231,-0.8526671790708328,-0.734577383172801
SIDM00003,-0.8278473873603779,0.8547725315982788,-0.8480338951346746,-0.7671423377049224,-0.8161702904763728,1.5541798984714335,1.2596814684827153,-0.7991968474305438,-0.4697197069931629,-0.775941659731892,1.2544186250152842,-0.8652689345539502,-0.8122405691105408,-0.5952680611751899,-0.7515864879596548
SIDM00136,-0.6602914403519385,0.9058659391222874,-0.6947358373145922,-0.9134814304208398,-0.48132654493887034,1.7180884414028437,1.392690858815186,-0.9132886232201702,-0.5184647484604404,-0.6105896366930446,-0.6494548087996638,-0.8763584137621026,-0.9244972598487585,-0.6211455951734085,-0.7142292201822333
SIDM01155,-0.6463516792435414,0.2716353046419649,-0.842942381950179,-0.9803006481015135,-0.6772408376010054,1.6630905538328404,1.5826762302341555,-0.8559562211108173,-0.04885472635728085,-0.6866925969079862,-0.19653886227003686,-0.9571009182411239,-0.9960005819273517,-0.6389850386704198,-0.7370484263546491
SIDM00224,-0.6847846596718407,-0.665858074148839,-0.8067162334193448,-0.8593610153965766,-0.7825436014726598,1.7261435286828666,1.1400659783815794,-0.8649311228240243,-0.5249796435702886,-0.6689427131672949,-0.3155677599420473,-0.9345833474225096,-0.9888047799268269,-0.8018872803537623,-0.6384052971229403
SIDM00783,-0.6465034098698739,0.8437219975376036,-0.8838577791885268,-0.9456619565903246,-0.5499424155825312,1.6987191259038499,1.0309302740076554,-0.903031697870307,0.5455577981929878,-0.7272151989019177,-0.5749822889360909,-0.8756124714303462,-0.908041725684894,-0.5715192495646063,-0.8128756298991034
SIDM00490,-0.7962611173019188,-0.22098509519898174,-0.8624632926878588,-0.864480939948009,-0.7091547664905515,1.6737111234401694,1.0929969155702028,-0.9331670728797751,-0.7047770943197494,-0.5668888022766618,0.3283853884079144,-0.9027883013208684,-0.8682779422132516,0.49509098047208483,1.3188134814506092
SIDM01090,-0.6775747739388915,1.4246524254723436,-0.8344883262540161,-0.7722595688634531,-0.8076759720227328,1.2799366624721369,1.1606783739600912,-0.9387776857753165,-0.4272901499599845,-0.23594748669204144,-0.5662246382780436,-0.9443326300577902,-0.8696069038072828,-0.814652248834711,-0.7940799363217012
SIDM00394,-0.7640135233946802,1.3911867862085994,-0.8176608953966679,-0.7835837696178202,-0.6916246106631828,1.5687700523929498,0.8365358693275377,-0.9144197501538909,-0.6027707472065235,-0.5671258471895984,-0.6573764205780688,-0.9284341409650589,-0.783583345296043,-0.7543303398898327,-0.6757107987299077
SIDM00538,-0.6994012344428405,1.193790386737949,-0.729608711171666,-0.9216051913229024,-0.21298419161489565,1.0372226581277217,1.1758238594090955,-1.063388957304585,-0.5760921381291461,-0.4046361208603646,-0.6699442834375438,-0.9016378171248398,-0.9322410550044977,-0.6530815491142734,-0.8051765447211255
SIDM01140,-0.7825630385739317,1.732844766764594,-0.8907893901980752,-0.29519122045654356,-0.8704507920321441,2.0031966772335474,1.147406576267744,-0.798441193474622,1.0223761664828577,-0.7618507037278233,0.5397849243901751,-0.8570585279164871,-0.9463178917230686,-0.7836311121587477,-0.27919184799680946
SIDM00101,-0.682107952697841,0.5047765096035929,-0.8531057703251295,-0.8764988526327409,-0.6413181875131418,1.4105220387593815,1.2991030816585345,0.05442593819746918,0.6845831193294337,-0.6009538017856688,-0.6696601585631059,-0.9685129600489313,-0.8798953667668638,-0.5914091986678393,-0.740334636237257
SIDM00114,-0.802060647201657,-0.21474720960915794,-0.9135318259253123,-0.9146868327264243,-0.7928445579607918,1.6075055036809944,0.8136217683366955,-1.0287716756892282,-0.466738371955592,-0.5650030758563817,-0.6682326335596591,-0.8976643034959241,-0.9138714782904015,-0.4607995778934039,-0.6919624672938559
SIDM00102,-0.657780364838706,0.7190337562922775,-0.8300970495860662,-0.9316212089174346,-0.6879385387016099,1.5194964420412436,1.1358785595011236,-0.6915910296357142,-0.6528167398796518,-0.5620007602909466,-0.4652760023055045,-0.8699365590789843,-0.9425329420329909,-0.7611961429860691,-0.6688902357919858
SIDM01122,-0.7670820258766663,-0.9213727630916309,-0.8233172761639089,-0.9277672442162536,-0.8630724616968589,1.5468580654514237,0.8520477787149084,-0.9457365905807993,-0.7049793916576439,-0.8275099813562325,-0.8709629056796442,-0.9671701766603086,-0.9467530926724401,-0.8750796264467186,-0.7656621759574465
SIDM00261,-0.7150363467820833,0.7040715372432443,-0.7814535051706172,-0.637417331344336,-0.7915339088483666,1.6580876507578428,0.8215040701640548,-0.9741829065067148,-0.5574178443513575,-0.8391281621828868,-0.6278504655119893,-0.9375333851761191,-1.0632649908265062,-0.8651365450202375,-0.7682567284311443
SIDM00154,-0.7597799374201735,-0.40064407242488614,-0.9136348438365263,-0.8262580203618567,-0.775513991410558,1.4443520212942658,1.4336404218119088,-1.0058204909433792,0.15959479506518873,-0.21833830464089626,-0.7775801008848423,-0.8646789091055728,-0.8146373710611416,-0.9186608042646993,-0.8619708720496638
SIDM00104,-0.6527309678755148,-0.1578075609635572,-0.8359139519156474,-0.8654992567019485,-0.7628689134899003,1.6037317061148137,1.1756304851349,-1.0083837003557674,-0.4065068546148172,-0.577622720714497,-0.09482778462757091,-0.883375239812394,-0.923515054621082,-0.15800741260045445,-0.8903866979325971
SIDM00267,-0.7116099423072995,0.9303410724046768,-0.6443031584479126,-0.8690051293231278,0.9513902391648863,1.570788460887841,1.0273157175734895,-0.8604936188688145,-0.5489123808604862,-0.5404093886447613,-0.6742550074003583,-0.8764215932926515,-0.9382423124443411,-0.7015390844176591,-0.7731226238987294
SIDM00100,-0.5432700991228293,-0.21815952869306166,-0.8733135642647142,-0.7676639443802493,-0.6943049953659457,2.080081378715241,1.0316368147409232,-0.9635010793784387,-0.5551224657634855,-0.5727877937430749,-0.6515133455413693,-0.8027274093330707,-0.9000987961064613,-0.8120293411592812,-0.7105559738507304
SIDM00826,-0.7288757358582175,0.10967564233112174,1.0700885391332953,-0.8428321531345542,1.505204950409806,2.0204370841563746,1.5127297821813788,-0.9034966278304614,-0.46843986659230824,-0.6368801205184144,1.5308004602980323,-0.9186608252310051,-0.7485553164579656,0.35844944222953523,-0.773678289766819
SIDM00310,-0.6945210985279188,-0.6542619401714417,-0.840436888919593,-0.9121074713272876,-0.742643212273679,1.676569512815686,0.8701391342228735,-0.9242119743379426,-0.7001617704116666,-0.13169558064964887,-0.45439349496548853,-0.8943584488725917,-0.8875560140348056,-0.7818938443992985,-0.6077473864495756
SIDM00482,-0.7597799285033953,0.8942316103751846,-0.8337819665510957,1.472588285130046,-0.7382440926465853,1.8459295602292904,1.073484680514321,-0.8185572706975753,-0.5027702397140088,-0.6548189518550604,-0.4745857264721118,-0.8712376637671919,-0.7449829189852069,-0.7597799285033953,-0.6597649036158241
SIDM01247,-0.806196701691873,-0.67557255971156,-0.751664657726535,-0.8016062269541289,-0.8072594523461473,0.39593841714550804,0.9406462424181631,-0.8853272684057926,-0.6324133848367633,-0.6137436794149284,-0.4154248104731357,-0.8315811449416424,-0.8373451506717732,1.2299079682799958,-0.719303532132665
SIDM00817,-0.7821126700687948,1.402233883139605,-0.7476789364975835,-0.7732513916421155,-0.6566958238135193,1.6393745848405068,1.2667476849757158,-0.7956283423046994,-0.43689568864491496,-0.2610533410495591,1.4000234325194811,-0.9797067636729148,-0.9262999435872993,-0.8092150535014281,-0.7312657396561257
SIDM00448,-0.6617687493102684,2.4046058132296078,-0.6927004989754527,-0.6911728677614076,-0.8184661137545027,1.2523581696739459,0.9278706658630588,-0.7573169068641284,-0.22100633387677562,-0.4482083985127799,-0.4403309701588829,-0.9006714069097106,-0.8795889832500462,-0.8449446292507027,-0.7588702982179751
SIDM00086,-0.7601752050165365,-0.3766297392635751,-0.770917162173063,-0.804230559254935,-0.7892680395305716,1.230571475864105,1.1321451430546896,-0.8758193838376714,-0.5814022929918573,-0.398518779602067,-0.7379087977467528,-0.9347575081711101,-0.8560470659336746,-0.7083955073883433,-0.5846809755960323
SIDM00466,-0.8239893358017396,-0.1607856631452392,-0.8402196949315242,-1.0167302953613666,-0.8689793956820404,1.427818771925793,1.510384304436271,-1.0528957221306872,-0.5970148310707358,-0.6554572727564537,-0.16818674100042597,-0.9451609525144272,-0.85896545825424,-0.4254837535796657,-0.7748754780035899
SIDM01132,-0.829422084024802,1.050196506098355,-0.8293354497645764,-0.8580381724808307,-0.7765763940506152,1.6106911422292627,1.2123635325127886,-0.9392191776238058,2.140495361737402,-0.6901179801429634,-0.6110062580419673,-0.905779963416798,-0.8747130599911892,-0.8171353894859198,-0.6239584811483077
SIDM00465,-0.8476394479637779,1.1146447092511442,-0.7776766733283683,-0.9257517122913006,-0.742927119875397,1.64887260539409,1.1359806592811685,-0.9009076850687657,-0.6309331682920533,-0.6079917089149061,-0.5812443922304988,-0.9027151467502212,-0.9026809779171749,-0.1547889984576675,-0.6542887837062515
SIDM00565,-0.8006017275462811,0.31767265493201907,-0.8511134018487791,-0.9143829241610121,-0.8980342304642819,1.580716732955253,1.0722996809452374,-0.8519242607032171,-0.6693502242617242,-0.7758231688356781,-0.6548380626964244,-0.9384210556891177,-0.8314803935727024,-0.5981053589305255,-0.5983376100117985
SIDM01092,-0.7459103614899255,1.219190544362238,-0.7948493401263137,1.2552384438648776,-0.7757514934316923,1.448381084579088,1.1071848183359738,-0.8010016407083527,-0.6983919570905744,-0.6911518406323378,0.4290461885414467,-0.8513971334066417,-0.8352445861074087,-0.8706581663397587,-0.8327951387714785
SIDM00218,-0.6722530801020237,0.4993831467303507,-0.6990745945920992,-0.9931454436165601,-0.8823546501952568,1.2603795479599433,1.063356889009204,-0.9263361136138122,-0.5490624214681086,-0.34554232243723604,0.0860167827676864,-0.9226152460017799,-0.8210662202214631,-0.734707923499787,-0.7084076228817959
SIDM00044,-0.692092743449717,0.5434778387150517,-0.6863381001919137,-0.8546945723858524,-0.7992318470055697,1.5652780764291105,1.4557178267711577,-0.8792014680043325,-0.14372660771751472,-0.5075522261780593,-0.5938997839228796,-0.9103875931938034,-0.943930278040318,-0.5858801232949636,-0.5864378252213484
SIDM00362,-0.6648662615099881,0.6171290730708032,-0.803954304136395,-0.8199217868570259,-0.825048997979391,1.3324137794294448,0.784085994063414,-0.8583401006677187,-0.6717944069325752,-0.6464148437301166,-0.6225551436974996,-0.9089736483892511,-0.9022805436652819,-0.19069165415108721,-0.7170984633669557
SIDM00813,-0.7588057506177266,0.4835666041030549,-0.7774305346248237,0.5308207301861138,-0.9041999627427464,1.3261256831405952,0.8918902069437507,-0.814055706551648,-0.6064688317490279,-0.7050917758727167,-0.5807306956720639,-0.9490721682032733,-1.0072407243692263,-0.8704579491431167,-0.7117483504166024
SIDM00364,-0.820906890026364,-0.3123303632012411,-0.7566766765140238,-0.8289958645965827,-0.7656718255811443,1.6707844711496918,1.137238011878041,-0.92976330245103,-0.4294229866379445,-0.5333670896430786,-0.516775429762316,-0.8862992826277885,-0.9533952328615545,-0.8461926070901695,-0.7456700697491383
SIDM00792,-0.7048205750608564,0.5255972558445068,-0.7676712100844764,-0.8510491758060696,1.4215215822423863,1.5188284838938013,1.4372634033736869,-0.915811054535972,-0.19676946507244716,-0.4200825263757239,0.9000514659929468,-0.987961945177655,-0.8699398476894334,-0.6713480658181207,-0.761109742310918
SIDM00241,-0.7621390031044419,1.2075272527947587,-0.8331345463944552,-0.8159713975757664,-0.6784775321827635,1.2245385766063934,1.2669556275579523,-0.952795119074842,-0.23067759600910256,-0.6078381097098019,-0.6190428106447539,-0.907851495367154,-0.9567340776126516,0.19983846663684776,-0.7426719127130389
SIDM00091,-0.8350433316018429,-0.47917553412300196,-0.7900230951780502,-0.7496179338064202,-0.8551910195849275,2.078211593981838,1.0928176754846177,-0.8752644441483184,1.1606849468153202,-0.5857952551242597,-0.6044741104394383,-0.8722654396443486,-0.9673430592632377,-0.478479900133683,-0.7440079535729609
SIDM00427,-0.772197685047527,0.8438419584820084,-0.848270648265905,-0.6533985635533924,-0.8001952337009556,1.552030956174603,0.8582169961106678,-0.9706422480844165,-0.7147400983332317,-0.695627201113464,-0.5693549258211765,-0.9381689562659457,-0.8805179955343041,-0.8300278081341574,0.10329000312571911
SIDM00758,-0.7921443228802086,1.3405640307808777,-0.8038866648857519,-0.9817066466722375,-0.7732474327597253,1.748637965356708,1.415787648247236,-0.8795068170936687,-0.6205589786495027,-0.4695564680658443,-0.5668021513870183,-0.8301834919433666,-0.8737397117921559,-0.42663246070233646,-0.7258076914741836
SIDM00612,-0.7456562818485694,-0.3248211857402287,-0.7773031476020946,-1.004773843897546,-0.8271137028517167,1.5931203889942054,1.2679437747109201,-0.843944845411944,0.8703082171071375,-0.6812437718987631,0.26409700603534264,-0.9224150648326714,-0.9252077686131782,-0.800766057320186,-0.5279576984423772
SIDM00553,-0.6769904157978145,1.1953390709936287,-0.7554397813842646,-0.8207512633525622,-0.6775002504039204,1.8184931376426718,1.3727209221794754,-0.8281216175466707,-0.39624294862724335,-0.6263911183112413,-0.6449073904102557,-0.8606963528529464,-0.8660891775174735,-0.8226158705607771,-0.6983946951638473
SIDM00343,-0.6802489120360596,0.6923469985501735,-0.8305398289393181,-0.9299299254769468,-0.8304142847196384,1.8304235412981813,1.1949059730741474,-0.9201845530448266,-0.486247435064437,-0.7273850598217457,0.537260306108181,-0.9693956634422712,-0.910286552372927,-0.3024989161354557,1.5129730154407959
SIDM00543,-0.6700176681741107,0.5730824846091791,-0.8297317168868076,-0.6982144835086314,-0.8655674554644899,1.8591929174271438,1.4487446233153092,-0.8381535889019608,-0.3818629102123383,-0.4610492234702589,1.3645163881301479,-0.9466438219413833,-0.862810842327585,-0.6789244272009983,-0.6791836312182419
SIDM00537,-0.8059838155398683,1.1159759635719173,-0.23114914135385403,-0.9954907871535147,-0.6800685154171356,1.6165847902781096,1.3863861078435833,-0.7712305793364849,0.8512791618986856,-0.6104858245614411,-0.4773272725890952,-0.924713763996858,-0.918204706531572,-0.44125256307420035,-0.7713388336523291
SIDM00332,-0.7514027829235809,1.7402347265681588,-0.7660572597172416,-0.9081459593461816,-0.7762876828855636,2.237858140650064,1.637666103379057,-0.9254897293932118,-0.5445507567126205,-0.5982994628276467,0.1359773837106042,-0.9476783240866915,-0.7765271027368785,-0.6006805349061904,-0.6911817691055434
SIDM00299,-0.7676095990605489,0.6770744882945656,-0.8459046830035106,-0.9257454630808847,-0.5464296516408943,1.46443314497044,1.3629180962463048,-0.8492867637619387,-0.5991815759274595,-0.5063029383393496,-0.03124127565259069,-0.9212877848393511,-0.7910109787092364,-0.8266230441702634,-0.712206786000333
SIDM00308,-0.7149024536946482,1.128250525447678,-0.8006486428514571,-0.17153041870811606,-0.6304304150014951,1.763715753074049,1.2004061336176401,-0.928170140592838,-0.6240767090789424,-0.7460942861031392,-0.5859871198772151,-0.8773199529999233,-0.941120804021285,-0.7498931686054275,-0.5980699281877276
SIDM00227,-0.7409817727856645,0.07915313003573526,-0.8688620183199405,-0.9120741170937842,-0.7046368565534151,1.4594307605017935,1.2542599940637278,-0.9008782598091412,-0.20755725752582835,-0.7670869708968647,-0.5114798024575037,-0.9342633134836947,-0.7305305572978529,-0.8535649094925346,-0.5901761928587453
SIDM00294,-0.758050447000886,0.963788200482281,-0.7622748338900198,-0.8908985113183928,-0.6388612720548477,1.36265166164529,1.318106835467451,-0.8875443037368015,-0.43837661170561787,-0.676647340503377,0.16186418980693276,-0.9247374210329039,-0.8584744940578477,-0.8480836763884594,-0.7510215151849522
SIDM00677,-0.7575414170944282,1.31266846045019,-0.6702548825557937,-0.8908708305117904,0.9806924097676322,2.370988280592815,1.2704263204952992,-0.9903153546259051,0.6374073553026907,-0.5733318238281604,-0.5579518318015134,-0.9182604571735221,-0.9204182796279654,0.408732876236534,-0.7518068352002024
SIDM01220,-0.6956449545355566,-0.017229822031037297,-0.8449822048321487,-0.9294112640398488,-0.8668625253412047,1.772227477326694,1.8554228521509986,-0.9647224498316758,-0.6434987762813897,-0.5898234850788147,0.8488176102802253,-0.831140606832358,-0.8799834448325321,-0.23607508693014756,-0.6916966816657307
SIDM01259,-0.7200810859814442,0.730395858057876,-0.8202821257934443,-0.9718201807800718,-0.6584410349914249,1.591501186851196,0.8478919626926454,-0.8189917636673566,-0.6511509271284437,-0.7277770508201583,-0.5537843000469805,-0.8723747425791151,-0.8686991888954979,0.06306991096335732,-0.763242986142338
SIDM00680,-0.7980081990789466,1.286237805233374,-0.8081304125823637,-0.8709819510728565,-0.7945040160323826,2.1694693834947554,1.3535707004174984,-0.8913137517671219,0.4432131308858342,-0.5387789887699154,-0.6244185273327199,-0.9334440230006685,-0.95034121248534,0.3327995679225187,-0.7231945839585009
SIDM00346,-0.6609045856696393,1.2167865487455185,-0.8054378321675847,0.29107439877770624,-0.83994479130909,1.5901610693486519,1.1068422293351672,-0.8292994118115832,-0.4916032559143992,-0.5838278995231565,-0.7817011454532384,-0.9112522233144904,-0.90020437246895,-0.8347772419806743,-0.6862439152399261
SIDM00129,-0.756161201880859,0.7219155512547876,-0.7153518913873164,0.32819150145170206,-0.3544277752578615,1.1662053959548215,0.8567225968231532,-0.9295342076676761,-0.07457531997492688,-0.8029711788548981,1.4664327633391812,-0.8618290059375682,-0.9712256613797856,-0.7763916748846811,-0.7028080547876021
SIDM00627,-0.7639245273335298,0.296971931158723,-0.8605727983403465,-0.9057347307517772,-0.8132903551312948,1.960671213756484,1.1272217282735242,-0.9613579294035611,-0.7619137650419967,-0.6782639363131259,-0.7380496459161601,-0.9035731623603371,-0.8673683721977519,-0.33389726882292253,-0.7526141929050576
SIDM00293,-0.6492291345654989,1.7201896880651322,-0.8087760260596092,-0.9411390409397385,-0.8078145792837803,1.7543262287477435,0.9634438749938846,-0.9483186384487599,-0.5024554357401444,-0.6326062339992566,-0.7277504677525366,-0.9366289998002795,-0.8910175893430319,-0.8680970776644347,-0.7404666405102459
SIDM00274,-0.7770195495863106,1.8708452545925482,-0.8447952157380453,-0.8803238897491766,-0.7873977380044086,1.2891029749898664,1.2448055284860795,-0.9012939689565025,-0.45928270328089477,-0.5015539213198787,-0.5819046630037596,-0.9094654857976492,-0.9425814930327112,-0.7204350896965124,-0.7426500820281281
SIDM00544,-0.7817964964323666,0.5646244011363571,-0.7926379670498687,-0.7328037434370099,-0.7940245131132502,1.9200048232593883,0.8826218958054269,-0.903797893100814,-0.580291256402859,-0.7085399654056614,-0.7087299421594774,-0.9495959352469769,-0.8563740188644094,-0.8561767283721489,-0.7412351371293807
SIDM01006,-0.7561498519408282,1.1795867324599618,-0.8047848621710967,-0.8108250877982675,-0.6944662555999074,1.653165327522088,0.9161269939862589,-0.8279872398103812,-0.5113276657318844,-0.6733602611707351,-0.6122952349422542,-0.9199473569757207,-0.8314264008392582,-0.771376507250759,-0.6566793768232994
SIDM00302,-0.8279946148550624,0.6190828158032233,-0.7774681626740085,-0.7562631223946866,-0.8781524761547728,1.641579298485987,1.1568667294710606,-0.7586977249984933,-0.34300315328249775,-0.6419849234099638,-0.5791280016122518,-0.9069019740722423,-0.90146783000584,-0.8173149934580292,-0.7372360095867624
SIDM00549,-0.7468736972012028,0.3991926934121181,-0.809753266252454,-0.8620083214296239,-0.8292379572330355,1.5372036521035628,1.1463214883238624,-0.911307903891507,-0.4033365015003049,-0.6741872139937488,-0.6744702423664566,-0.8873535491736957,-0.8460559823458255,-0.8707537907250325,-0.6586325601641512
SIDM00292,-0.7678823041729312,0.5397109354987837,-0.8942464526639434,-0.755856726906476,-0.8180918954295606,1.8468857109220842,1.0420465067560127,-1.0099708342028912,-0.670572000759042,-0.6259176319921551,0.17580034552124402,-0.980790548102433,-0.8815747788181506,-0.8376402260085511,-0.7487205131325005
SIDM00623,-0.7101627639610041,0.7474923012658748,-0.744935041547984,-0.5348418117889834,-0.8301443043831503,1.4723329484210188,1.0067399225230118,-0.9500986790779476,-0.6562939019605336,-0.6827517996564559,-0.6633901569887241,-0.9407701586680727,-0.8931383069393452,-0.7903427108760149,-0.7893078558302254
SIDM00638,-0.7719529831195833,1.3167897288239037,-0.7640457957488102,-0.4951579629153775,-0.7843531438572567,2.0067172399569904,1.2235808636805827,-0.833495167913106,-0.7378733569825258,-0.4371512961816167,-0.5958910877651598,-0.876003849680143,-0.8102130177680464,-0.7588406790635375,-0.7327896505090309
SIDM00527,-0.6987353265952657,-0.4454289898356767,-0.8611333693398043,-0.9865587654142091,-0.8801205082563729,1.3442825334171316,1.149412648901529,-0.8816462123312172,-0.1499013428507588,-0.6482062020204745,0.7827662027736441,-0.9190918894842853,-0.9009787995811628,-0.8007569598083415,1.1047203824190792
SIDM00976,-0.6972907084278078,0.032435274014588296,-0.8417478383436933,-0.860769803376028,-0.8042244898680913,1.6718101139510646,1.5060955061106263,-0.8502514563419394,-0.7561084418776115,-0.4373385773143537,-0.1925557632062853,-0.9468370529212976,-0.9543415671797082,0.20544659306209914,-0.32504368553741847
SIDM00316,-0.7254968230165983,0.1301091637145932,-0.7464238561433052,-0.8896063640474291,-0.7640296921178674,1.6805472932663923,1.298252007118834,-0.9676122537231192,-0.4220606079609639,-0.7190851043774118,-0.3422679770326818,-0.8970734808331132,-0.9057274966705421,-0.576438891967078,0.7878016344045018
SIDM00326,-0.7380408282506673,0.3061591289986384,-0.801470830157559,-0.9023543835161243,-0.7805084655636274,1.7550646582869978,1.1061502315546878,-0.9388418497926561,-0.584880266672037,-0.6187316920262496,-0.5444565583297245,-0.9039691302579445,-0.9131954009572445,-0.8378585366608047,-0.81141215407396
SIDM01093,-0.7472962273346033,-0.40360478637263864,-0.744159422419166,-0.9070812912411276,-0.6699192350956452,1.8874935186488506,1.237448898080463,-0.9254709322478426,-0.6013591211965371,-0.6939206046996651,-0.7006918282671184,-0.9068556895567756,-0.8660647158701139,-0.13590194291234248,-0.7484422135236529
SIDM01098,-0.621889781349565,1.2959515811980467,-0.6957437301900244,-0.9821638966575736,-0.7142493328422965,1.8378595606571206,1.3702231843992325,-0.964762444030464,-0.4748414737956254,-0.5738992998713071,-0.44959980867941024,-1.0327974126351047,-0.9919021467627896,-0.7959248439901223,-0.844751054857771
SIDM00424,-0.702728593250624,0.9849461387678312,-0.7805864439210171,-0.843990457337347,-0.7667922371141429,1.050561899203051,0.9812498874184115,-0.842791963831554,-0.3531197067039966,-0.741277301931751,-0.6058744708407239,-0.8893146296024691,-0.8769469555266156,0.4832525669055116,-0.626783890997991
SIDM00973,-0.7597881855869187,-0.4030790311929092,-0.8099634404500609,-0.8212519328921307,-0.6697433821090605,1.1166158776706672,0.45702413181001145,-0.8654852798495785,-0.6341736170963278,-0.7185993040173743,0.30026978941047944,-0.826001017447189,-0.8782587620978254,-0.8802384517916882,-0.5349250345568987
SIDM00411,-0.779683885903008,-0.12274040024286613,-0.8214936443026156,-0.8807595216516256,-0.7039529000045485,1.6830477325296436,1.1025359666835581,-0.9414644380073763,-0.3296170027530031,-0.9164767886267146,-0.37377775928492696,-0.8751107970847986,-0.8529684738630542,-0.7783039438459245,-0.6622236007049522
SIDM00374,-0.7866308429812534,1.108396181024998,-0.7465611647890137,-0.9355622435981111,-0.723279730191128,1.4566374217857956,0.8990723285389873,-0.8236334614863239,-0.5309008890473461,-0.6638912526501465,-0.67930930044982,-0.8040554981622454,-0.9673719664859914,-0.8563321335057108,-0.8001783052864069
SIDM01160,-0.669971553028396,0.9835425058989716,-0.8607550199649774,-0.87584053523745,-0.6876792262686652,2.1381684124654834,1.4228642325675387,-0.8855155065559254,-0.48251045159944594,-0.7849596227694495,-0.7365857437359743,-0.8956891316672195,-0.8199795362385865,-0.7987370634678923,-0.6099481346048505
SIDM00145,-0.7891744741251028,1.5056087496922352,-0.7844361006057209,-0.9348394034022778,-0.8213770112264218,1.5636025693793978,1.113185493186973,-0.8011482656007767,-0.48204371723603606,-0.5728992871222308,-0.537410187122421,-0.9277180055066865,-0.8385103777241689,-0.7698656911063803,-0.7188009476818005
SIDM00975,-0.7566329214122582,0.174563670125844,-0.8144660548641208,-0.8321559666999817,-0.7303749499621353,1.620319583144085,1.0806479985678725,-0.883262293800077,-0.324832979275943,-0.7153696273409358,2.0397511015806367,-0.9213722629446407,-0.8687255671970858,-0.011233988222544159,-0.6912089222486117
SIDM00971,-0.7267082681237359,1.1897238516864717,-0.7576818549818402,-0.8732051592912975,-0.6306652421833657,1.9955040940648476,1.7432072327742976,-0.9087122037983474,0.770643080112049,-0.48986584865924165,-0.09643249335223791,-0.9049805855949652,-1.067721407503525,-0.4136121655689171,-0.7785005044905324
SIDM00251,-0.787384180834258,1.1764343059461704,-0.8495655086953302,-0.8942938632855105,-0.6790052705850983,2.223796474068373,1.3480710974503634,-0.8696603074485028,-0.5638899286228677,-0.37962435935216954,-0.6819339888618857,-0.9408618869066119,-0.8885833015223771,-0.7143327091024146,-0.6360682010644504
SIDM00412,-0.7105096379975344,1.0975275893706513,-0.7916977118124242,-0.7962059199539205,-0.8183120929134018,1.8188024726340788,1.2067377343651313,-0.8838326469495144,-0.5345397145381217,-0.6215505436097998,-0.5746980259612412,-0.977448375974611,-0.9800319202640785,-0.05724230683407473,-0.5693872428534512
SIDM00023,-0.8173721759378662,0.7208170255683662,-0.7916825873326996,-0.9908420868092492,-0.7272601965141058,1.7217706032111593,1.2845371424209637,-0.9604641412143282,-0.5733322054327789,-0.5769347929658354,-0.7188661785999431,-0.9084189734819104,-0.9434633464265963,-0.7133940465080884,-0.7825387590276648
SIDM01198,-0.7060531333770949,1.0081366968977095,-0.7858967189226437,-0.8325873005023235,-0.9000992856740975,1.038563462179331,1.174386137215452,-0.8018378373105955,-0.42275681432455914,-0.6816952178693669,-0.6984041577907544,-0.9006293218308858,-0.8681240456523519,-0.6824906381786751,-0.631394981347962
SIDM00441,-0.6848226311540938,1.0815230349109084,-0.7541009657518308,-0.7811385165304514,-0.7562556940322139,1.6539989002125204,1.294758609407196,-0.8031821794287577,-0.1835140886827489,-0.6863600421797751,-0.7133252998414247,-0.9635845640751268,-0.8424106671945283,-0.7630488782152398,-0.5675886605027899
SIDM00388,-0.6623666419515812,1.2547531670316217,-0.774182220428439,-0.9201206114975211,-0.838314442392613,1.6269171455312732,1.1750167809977115,-0.8851737050485797,-0.36538723541397533,-0.6827697116464008,-0.5307394091883664,-0.8653185698915264,-0.8341552792222278,-0.8233646884787361,-0.610671852460381
SIDM00417,-0.76924143166924,1.0000620725107179,-0.8277688538947339,-0.942713852477277,-0.7552506958729731,1.2416802291363345,0.9369438583450483,-0.8550100743444483,-0.3117199010730073,-0.4500076585701195,-0.47321019303766265,-0.9626228544551153,-0.9690703765462927,-0.8521646494491195,-0.7161918364264834
SIDM00416,-0.7318943141570224,0.8320448784886706,-0.7511257932743646,-1.0027725009488109,-0.8613224371767276,0.7073805644675909,0.9445198331192816,-0.9177830339780427,-0.2618152476258491,-0.5725739513240071,-0.41488338374402683,-0.8714107218806797,-0.9142788858311244,-0.6392349890436259,-0.8139550228089732
SIDM00974,-0.7204689045303252,0.7174760071046122,-0.8037684876609469,-0.02786731448634588,-0.8103571628369893,1.6161535806599285,1.1961581014090146,-0.9144296255671946,-0.2749146980111594,-0.7155297203389881,1.6324554162838403,-0.9101671197578926,-0.9469610775520826,-0.8277494073248257,-0.7633868115976428
SIDM00833,-0.8261241366189176,0.8781512231391502,-0.8447981027297922,-1.0003053510691795,-0.7469512692631823,1.8660375615105265,0.6037572325152625,-1.0796777024579343,-0.65775601654834,-0.5831770133206967,-0.27523084585336327,-0.9271912277332346,-0.9351539102143558,-0.4945235138758171,-0.6352602086198044
SIDM00562,-0.6188121147216239,2.0431310218010825,-0.867150699536305,-0.9118004630709768,-0.6547037625514543,2.065499842339358,1.4951729962469165,-0.9856239248563932,0.021887259757962355,-0.29748389667564556,-0.5585689263902085,-0.9175330553530626,-0.9142845880776128,-0.7602617542979716,-0.723419983973173
SIDM01102,-0.635882373733453,0.9060626597167426,-0.8170514671941916,-0.7041202827654182,-0.7594276474495603,1.6914082444104466,1.1332881246616864,-0.7757450981178992,-0.6749483491711974,-0.6930325640172929,-0.6306705771320018,-0.9223045982268052,-0.9370651895999657,-0.9135810126153782,-0.7253225476791545
SIDM00418,-0.6796265433680242,-0.23796418189001634,-0.900732336094945,-0.9536638161090156,-0.853447002344469,1.2596297046665847,1.0116287769477883,-0.805790096762679,0.45323664077527065,-0.5216147601861059,1.0034037162724234,-0.9573148255219338,-0.7824436951037921,-0.8277828007184383,-0.5308127196042234
SIDM00841,-0.700264868741313,1.2838040884092996,-0.7981480409743369,-0.9944037414155306,-0.310843837110069,1.2118647967173166,1.0686603862283137,-0.882526201392177,-0.4493116186290572,-0.7007455002840889,0.13061020812875984,-0.9124870161357866,-0.8721771917766165,-0.7353220492800149,-0.7853847426669308
SIDM00260,-0.7237902483071573,0.3650400164195049,-0.8457624917309262,-0.91475517363851,-0.8034921086987147,1.6809990600221765,1.1601715364290495,-0.925529254381477,-0.6407489435799245,-0.7572744372304433,-0.80366338542601,-0.9079189203607958,-0.8521556797317492,-0.7906895192501064,-0.7145426360441439
SIDM00111,-0.6863899144359176,-0.15367333471957365,-0.8176474967493007,-0.8466286793488045,-0.8124682523616245,1.8284242764722567,1.1828233840003373,-0.9311007891585725,0.0757290503482831,-0.6902378378593066,0.21636503557882605,-0.8808890904554812,-0.8931826804927893,-0.7958127371513665,-0.7010565520184444
SIDM01179,-0.7743863516583057,0.24821185019488337,-0.7674010546014147,-0.980498489648675,-0.8151544677062309,1.564162309202636,1.1273961065530482,-1.0305916205638113,-0.3415547307152081,-0.48269553814929317,0.7948605118070489,-0.8869078512112593,-0.8572310923056411,-0.8559432047351136,-0.7319274810158065
SIDM00351,-0.759174001250618,-0.21640500254131978,-0.7768721621956134,-0.8792806973149588,-0.784270855507399,1.2294022317277222,0.8213350596450246,-0.8830495835771169,-0.47336732737702025,-0.707600163742077,-0.6305186373042521,-0.8604825006821037,-0.9060351206823597,-0.8301482096835456,-0.6760132923331186
SIDM01205,-0.4321235653195222,1.046466050753754,-0.8101546420754016,-0.7555247768824657,-0.7386526586424734,1.7512514907252381,1.426384232930427,-0.9371803366788963,0.025529400839451002,-0.6098757796816542,-0.5377321085591481,-0.8732240001238096,-0.8862234988381319,-0.8427411362922166,-0.750452706370579
SIDM01095,-0.7802401887057449,-0.5635343611811464,-0.7271863314571385,-1.0354942608333597,-0.8060749542492207,1.6080545897997518,1.1201039391154017,-0.9296141861780737,-0.5114096495386335,-0.769713357848414,-0.21064918241555067,-0.9513170316327413,-0.8806456860049648,-0.7895994065914952,0.698630590803794
SIDM01159,-0.7864724713567616,0.21864928187240193,-0.8644539043345464,-0.6213008589256582,-0.8007482286696921,2.231014455347022,1.3742224855372434,-0.9211719431637193,-0.5094438052500425,-0.7536394032503497,0.3751437854750729,-0.9703579768191053,-0.9550124296273597,-0.21882119960314908,-0.7223314435537518
SIDM01183,-0.7730916692216234,-0.6030153811412474,-0.7838172165665155,-0.6166282919091697,2.0267021776038683,1.8250004246548976,1.3062924952046917,-0.8425259544444912,-0.4068721663834664,-0.6619793638404301,-0.4793287563954057,-0.9649164371017782,-0.895223772936829,-0.45882034970924157,-0.9260476894595645
SIDM00328,-0.7278339663856074,0.7607192818160129,-0.8529136657950406,-0.9118554728560218,-0.8703053368419138,1.975873362333651,1.1428452710877146,-0.9062409556873791,-0.6690404824427553,-0.7418462991369753,-0.5163260087851951,-0.9747932874274264,-0.9022938407194242,-0.35163316365003894,-0.7689744188437351
SIDM00389,-0.7058417362609516,1.4402496716109516,-0.7485389208968966,-0.8276058648841791,-0.7092381730480178,1.623140948786637,1.188534794171379,-0.8239197876180563,-0.5297158180051371,-0.6504265958649075,-0.5455105096064402,-0.8686979180104784,-0.8451181163233209,0.16631021915980038,-0.6949721208993244
SIDM00489,-0.8047634755855909,1.3451234309218885,-0.845356491502622,-0.9655474744515976,-0.7618313414501331,1.3512848837442026,0.9651175118430185,-0.9324730295837146,-0.6525371544495658,-0.6346487554798088,-0.614471721719855,-0.9369797877554628,-0.8768913980676116,-0.6766534619272633,-0.8436075629653377
SIDM00953,-0.772305620882375,1.305878698380048,-0.8319585387346586,-0.4730881784078457,-0.6288784037619659,1.4465643593025217,0.36991846991869876,-0.9744868168707457,-0.588871628426283,-0.5137986811111749,-0.5587432359947742,-0.9668066143733626,-0.9442001705949358,1.1105226142632227,-0.7803232741463192
SIDM01245,-0.7033962472901893,1.4988707687207707,-0.8245706813765898,-0.7951797405974894,-0.6434083128610801,0.9818280914581907,1.3151091943697963,-0.9014695748748285,-0.6603106609799599,-0.7146149544703015,-0.7096749266200401,-0.8910063415742566,-0.8891040980157393,-0.7687265584261872,-0.7917403729232987
SIDM00929,-0.7302926262536032,-0.009628495549288378,-0.8207031401594782,-0.8401708505068738,-0.6321816345530659,1.6963370309782169,1.3682365896112567,-0.968084158329338,-0.6378009535395143,-0.7299541617656129,-0.6766501484788127,-0.9255721437253497,-0.9070463906795533,-0.39016592968598485,-0.3113542536363554
SIDM00732,-0.7976523619386764,1.2973020060367115,-0.75754746322703,-0.8925307629878715,-0.6952263175030619,1.6000404650672573,1.2414138206801049,-0.9042512837401036,-0.5008927900938945,-0.7485463200026995,-0.5974892824620738,-0.8809262706120297,-0.8682624838379097,-0.7842965951457714,0.9388696493610865
SIDM01047,-0.7564269808796775,0.8488262737796864,-0.7842348245285575,-0.9594504647930144,-0.7748147643024524,1.6457040532895537,1.1348876295123818,-0.7990400276189839,-0.7201867728638932,-0.6262243872057445,-0.6161230337447747,-0.9422355108008206,-0.8318751304465003,-0.8543188358510302,-0.7715129485266152
SIDM01229,-0.7485081993723565,1.0373029463334806,-0.7821386143473896,-0.060432054306701774,-0.7467038278466718,1.633376765819628,0.5473994448708822,-0.8899699780281387,-0.44082231459021065,-0.7531968077268385,0.09476052837991861,-0.8690669582516704,-0.903282840922958,-0.8213258544071629,-0.7487146018045286
SIDM00540,-0.7999368222140647,-0.6059624746610022,-0.7735406764161137,-0.9700417106240867,-0.810735217832978,1.3702886303356498,1.0903238707842844,-0.8813089032908832,-0.6808464577480488,-0.7150755420921189,-0.651774349956691,-0.7882392881060614,-0.8486030443020124,0.572022447056301,-0.7951246139806813
SIDM00264,-0.8087137615452717,0.5841694890244428,-0.8536721254775943,0.42745363356597965,-0.8635109386571724,1.4089821382397791,0.796013764008199,-0.9473991420021635,-0.5191113687144131,-0.6421692741440546,-0.6141319685535915,-0.9741733201142035,-0.8970583475384705,-0.8253436442588185,-0.6144369354329406
SIDM00842,-0.7221845472986438,1.3391782828466623,-0.8499205237394667,-0.8089056670180568,-0.7681816803339075,1.7500731230622988,0.8078945148143241,-0.8836881160388667,-0.14702779993454845,-0.666612953257872,-0.6469250324318794,-0.9156663733304664,-0.9309775548180095,-0.7685859828998407,-0.7305247878284788
SIDM00923,-0.7343060323280168,0.7158495263690656,-0.7946239970766256,-0.904373586601712,-0.7082140273894595,1.5402014595145306,1.128652822084056,-0.8949199396521181,-0.6777549804052415,-0.6922683493381461,-0.6848597781802149,-0.895041684799107,-0.8215438270359537,-0.5851664555828977,-0.765705165691492
SIDM00120,-0.7839187858720172,-0.06341565035507504,-0.777955591658216,-0.9782845497955232,-0.7591046869700153,1.6637350447060635,0.753072755158419,-0.910983394872246,0.3991553203716281,-0.493925666768945,-0.18449562262344157,-0.9625870412548181,-0.874577466674509,-0.7746896073889155,-0.6935834960981201
SIDM00900,-0.795536713361307,1.1212333140586366,-0.7789256423484636,0.5519660658681745,-0.8682042037188281,1.5645967735459116,0.8914616200046026,-0.9370885722930926,-0.7322513639975631,-0.7319696173104819,-0.572744485771411,-0.9337019251601648,-0.9605272468910568,-0.8094065522673024,-0.8495782797949006
SIDM00962,-0.7224900414502311,1.4226050253542926,-0.8179614742658788,-0.8386660307910349,-0.7909941252364393,1.711505335561712,0.9944469309127131,-0.9154983798583273,-0.5227220659640947,-0.6015641650071304,-0.631266734034845,-0.9258871325415898,-0.7945087034696561,-0.8779905355238191,-0.713626875343669
SIDM00889,-0.7747580935273621,-0.6742693165379454,-0.7965061512902024,-0.90565154077961,-0.696210480128176,1.67981148319226,0.7618178501376606,-0.8074478349914166,-0.670755913270012,-0.6703139883855634,-0.4740701571370804,-0.9463615753048465,-0.8484971193248388,-0.6486955958009527,-0.7104559215087478
SIDM00864,-0.8168585869748394,1.2956617298202553,-0.860729665119945,-0.8277963715416129,-0.8203772981216298,0.9856950623425856,1.4118523536072702,-1.0228545484450742,-0.6544343893747108,-0.7367721134923827,-0.7199794615471965,-0.9702441038215925,-0.8717611153723366,-0.8571617776936303,-0.7597300566266239
SIDM00233,-0.8196896970201857,1.4832888978882603,-0.7846806741614117,-0.9324636641775245,-0.7599496266583532,1.370025180507397,1.1930756104496392,-0.8565012472029451,-0.3732300290392962,-0.5055171376009711,-0.6977018154880475,-0.9520106274729813,-0.8987529723870502,-0.835109648590967,-0.8595521324794565
SIDM01233,-0.8320066959633069,0.5559735866337516,0.12189026075752879,-0.9422773490036664,-0.7259769011162587,1.895632786755365,1.2129725434550949,-0.4768955372987044,0.12718157547461212,-0.760832150388124,0.7392204330553723,-0.9382008341735267,-0.9253391758691859,-0.8377006031882728,-0.8723804488148174
SIDM00964,-0.8399506036934137,0.03463066735243564,-0.8790537819591056,-0.7943349652668924,-0.8083216607809585,1.7924669211732531,0.9994937910879446,-0.9319487495028945,-0.658360251578416,-0.8162256041294744,-0.5681777357492496,-0.9579642417392854,-0.7754867202742872,-0.6689664816795247,-0.5321973969361191
SIDM00196,-0.7674298261057327,0.5889395067616685,-0.8605860395200255,-0.775493384843981,-0.817162243888043,1.6293110837150298,1.0115115664280283,-1.0081980521649205,-0.7453441328301035,-0.7559733519031427,-0.5682733828290086,-0.9466962757934745,-0.8759866726129717,-0.4761887196608826,-0.7373600777675163
SIDM00287,-0.7889492152455765,1.2389417460765826,-0.8346306094292283,-0.87571296720519,-0.8360632397306085,1.8171512055026795,0.9731995819104083,-0.9383388216610994,-0.6032204926781807,-0.6803773094164298,-0.6012412360686562,-0.8154117006779017,-0.9831450769100816,-0.7738843878700716,-0.6360704446738074
SIDM00501,-0.7116723068880787,0.7105338015347833,-0.8782562809205585,-0.7105063062272439,-0.7886841945690544,1.4718846447148886,0.9681580088587459,-0.9192890140704585,-0.5165932570581334,-0.6008911847760806,-0.6570675856002015,-0.95084988543592,-0.9405253791303008,-0.7467044803838252,-0.7493251780489122
SIDM01237,-0.820291351680938,0.7799881288746697,-0.717721443874409,-0.890080953447307,-0.3595735042649794,1.8921851414153983,1.0945080259453366,0.03344039180762,0.740139509677706,-0.5228227769523537,1.9795396822599178,-0.7129001489628749,-0.694831331166163,-0.7160976309241478,-0.7627766162051764
SIDM01228,-0.8362714418349644,0.5824890555433396,-0.7835366505832325,-0.6233387110479687,-0.7484213146256727,1.8468990836911106,1.0953865831707155,-0.9325983283410132,-0.6550076932949835,-0.6068399415353823,0.28932486492066245,-0.927935531139473,-0.8841642222934059,-0.47942235620727014,-0.8473452437793703
SIDM00935,-0.7086759446665226,-0.452315488180735,-0.8650890696581952,0.2517029666425761,-0.7452232252221258,1.5970169185076355,1.4466483878363434,-0.9123856103458106,-0.6654730168104286,-0.5106063223179592,-0.7271231610638955,-0.9480431415406538,-0.8763778210584104,0.2748416614604733,-0.7753838123681032
SIDM00954,-0.802618997733805,1.205717917141384,-0.8798369095264192,-0.4841897966391187,-0.7993564638688127,1.7153804201696998,1.005963204327698,-0.9005090038661053,-0.5023132687506061,-0.7166027769919155,-0.5201071648399463,-0.9522572862266938,-0.8693327671142836,-0.5209551438446773,-0.7690453932138833
SIDM00951,-0.7650430613501412,1.1483043228335605,-0.82601206013161,-0.8671579198587067,-0.7319773658343879,1.6112664927684446,1.246516331503454,-0.9882856023915341,-0.7163859293872652,-0.6579920682244372,-0.7501557935678373,-0.8311265012088938,-0.8932510389722931,-0.7624588389357376,-0.717313729617495
SIDM00948,-0.6950324396122464,0.8976376330732457,-0.8221819554748706,-0.8316591837184769,-0.8176395106053708,1.4170872357822577,0.7179537008976825,-0.9829798892639561,-0.6493188577100727,-0.6446019584522483,-0.6184219707133378,-0.9308815835059212,-0.8873627615126841,0.4589483533872588,-0.6758896418376522
SIDM00203,-0.7679286867412243,0.9408043863446666,-0.8192698839248609,-0.7544469534181373,-0.8206534644247322,1.4247071697760332,1.0780001901104577,-0.9379605772584734,-0.593094325616464,-0.8059342560800956,-0.7052572105262346,-0.8878593832257474,-0.8747441039924673,-0.08339740057687642,-0.7550712561681653
SIDM00896,-0.6971773708629994,1.854991753173717,-0.7623722586784425,-0.8556078764563189,-0.6790828339597581,1.563688051192534,1.7591425357975474,-0.8547596621462435,-0.7179786691729494,-0.7438739272791616,-0.48995813696042406,-0.8196751731162946,-0.8211156131285736,-0.7854819657599309,-0.7057051989465558
SIDM00285,-0.733685706736262,0.5746449415535305,-0.8707058813130681,-0.7789930533610873,-0.7376771297998913,1.4537965978326441,0.19319188040063132,-0.9974775703025531,-0.6200779812110878,-0.7772758666307679,-0.7110141129302742,-0.967775720737617,-0.8322041847840826,-0.8246094334075539,-0.6836904378766826
SIDM00930,-0.7631177885870805,-0.5276073238018929,-0.7974868047219296,-0.7546012486142305,-0.8011246884858841,1.813855932485459,1.2313792138316009,-0.8750152275331362,-0.3982068258579459,-0.7165710101537789,-0.026842453663558394,-0.8681708067774915,-0.889022883457549,-0.8713205218742031,-0.5415499634606221
SIDM00205,-0.7106614906246421,1.2160603802655303,-0.8396609908357562,-0.6514483843932588,-0.7436085662299778,1.632655767518213,1.019051330449062,-0.9837640691430573,-0.5782003608009649,-0.7077137216734521,-0.3283750658348437,-0.9036878729363602,-0.9535757504259578,-0.8574875798865078,0.15181206954541418
SIDM00535,-0.6917734716512027,-0.5242284003830486,-0.7347744981757455,0.04114560197840334,-0.8077601655695937,1.3894776408625302,1.6336944200221015,-0.7147635815416317,-0.48070983425449754,-0.5690168878242737,-0.7153479242022074,-0.9534265170517299,-0.9086841209807278,-0.8461099820563044,-0.6247072683323055
SIDM01175,-0.6880405446021017,0.013940202147917953,-0.7782566105420369,-0.9089573131869997,-0.7781582670582234,1.4624456882038497,1.2828588629734181,-0.7572133597529086,-0.5124641170865172,-0.46111099653280613,-0.4901450647179091,-0.9061103878042878,-0.8444695485290169,-0.7866594592828158,-0.595502892358602
SIDM00832,-0.7928822529376879,-0.6368048803206546,-0.8675686331602569,-0.8676025364157853,-0.5622467533964792,2.1215524674276396,1.3388386095669178,-0.8038260290223787,0.9701014807113038,-0.6190963707999715,0.577123569896925,-0.9854431456191882,-0.8895886296939999,-0.43745436462362264,-0.6776874137069101
SIDM00528,-0.7396546171072375,-0.7308976051359735,-0.8222725740082037,-0.9378576202803156,1.055301308663199,1.5910666582847184,1.3235313892305345,-0.8293752436128562,0.6468317005745492,-0.2976138596694537,-0.6113983397803491,-0.9501751277262724,-0.9068684634085985,-0.7108153511282375,-0.70375677553061
SIDM00371,-0.7319754695325856,0.23389945466441678,-0.8337181367641062,-0.8825020000097049,-0.49560420910725855,1.7506415703982823,1.4128300088042778,-0.9443597149909445,-0.47505948499434975,-0.5416151368416166,-0.0002893797188837417,-0.9187719372845934,-0.8934557698760833,-0.46852799021387626,-0.7211674286884573
SIDM00688,-0.6804663429652301,2.2961277660844184,-0.7879417946747748,-0.980726528504565,-0.8737286534553399,1.7145704351729882,2.2496995389390064,-0.8788474705418206,-0.6047308987092891,-0.6930551133009721,-0.6339320586063574,-0.8520737342971689,-0.8220340448554649,-0.8053155672713673,-0.7742929415586295
SIDM00583,-0.772490699421038,0.3546004170321264,-0.8588115921303255,-0.8966431570297997,-0.8399077551756419,1.7026513472303635,1.0229370844602668,-0.9170014804320132,-0.23069343227731284,-0.6872072882465733,-0.7077750564561466,-0.929817711580957,-0.901438642303944,-0.8399657895306606,-0.7490490890335145
SIDM00188,-0.6771815257970702,0.02990501924407559,-0.3161989795414563,-0.8844145083687842,-0.716017455542811,1.9749289060643767,1.1259870905522564,-0.9085523714955346,-0.5633876391837163,-0.45574573692256454,-0.4194783807395669,-0.88357087951967,-0.865817757198063,-0.8680701147694226,-0.7159911054494243
SIDM00096,-0.7784600404685479,1.204386632034792,-0.8274753554670998,-0.9591363423663615,-0.5694460319124829,1.2614600609797921,1.124502417423854,-0.8313796716887287,-0.5878616950725978,-0.3676375742484936,-0.5440941945700032,-0.8779547022607237,-0.924955947759467,-0.8260104807315501,-0.7041524472517127
SIDM00379,-0.6672031887769317,0.3970541521260707,-0.778431851217558,-0.889103392852691,-0.6522918443054327,1.6458120997151404,1.2550046785320284,-0.8577835371906585,-0.5069303530393718,-0.6223600017487326,-0.6569723086121262,-0.8887900605873015,-0.9020568167053702,-0.7610770856426724,-0.630607356047391
SIDM00381,-0.7599087377450029,1.157999107766366,-0.8611379431445804,0.2140982718211391,-0.7473083522987405,1.8771565021229755,1.3227364261006342,-0.9047893637460975,-0.695724843048741,-0.4687576606009262,-0.09320670169008238,-0.9205881920958624,-0.9836216632854914,-0.4630732951337636,-0.628665745470006
SIDM00606,-0.7624907563006051,0.05516490615929042,-0.8543402183181746,-0.920661203576071,-0.7863365724753384,1.5367149982409911,1.1532854201794922,-0.9933258218239259,-0.31606505417629954,-0.6282545807234107,-0.6137392693040674,-0.9405814703999756,-0.8470752635598723,-0.6343583662968414,1.6967434159393733
SIDM00541,-0.6911839140631681,-0.36567666680080907,-0.8442143310216113,-0.9483656787719369,-0.44473510282943257,2.108728236901598,1.0669886580597303,-0.8097399992071942,1.2127665485072374,-0.6481170475660802,0.05304806029205925,-0.9360759546952785,-0.7869887305937414,-0.14462501889794835,-0.5687326320141232
SIDM00808,-0.7547010061183143,1.282551400505136,-0.8050664568020484,-0.8508939324906248,-0.838270591939818,1.4780659338658344,1.22335917717969,-0.9592916320855045,-0.5693520077710601,-0.8357762719769682,-0.5390434601934402,-0.9037331215692315,-0.8505466632181602,-0.8585746511923505,-0.8519654409445255
SIDM00377,-0.7100108156461671,0.7052065582043778,-0.8816970791659374,-0.878004693838956,-0.7038738233075761,1.630000450188497,1.5115955566711008,-0.9606148437653786,-0.6161809412504168,-0.6953056295902338,-0.6829862426031608,-0.8693330799610476,-0.8158220168219635,-0.7783578714730626,-0.7472291848843601
SIDM00289,-0.7225799401684363,0.6891491499659526,-0.8832678746092762,-0.9443811110971806,-0.8476498321343593,1.5824035078448413,1.1356000392369796,-0.9151079676320631,-0.7470200227401684,-0.636090735163087,-0.746706438987212,-0.8408682202040683,-0.8633572577768687,-0.9143931820398039,-0.569685010286922
SIDM00064,-0.713505752827875,0.5467474596499479,-0.8347377306146322,-0.9310541723017528,-0.8745215260123924,2.00809995607207,1.3168882449500292,-0.9728697936072096,-0.7561003129277277,-0.722543026858832,-0.26031469643383737,-0.8450805248452028,-0.8852150568034686,-0.7815677955124922,-0.7477597950597801
SIDM01097,-0.7410647629269604,1.1714136049077029,-0.8080100386440067,-0.9531604894354861,-0.8467187590015349,1.6567379466146184,1.2819055103300812,-0.9724565883050817,-0.6564914117726707,-0.6289685531621076,-0.7416491288431326,-0.9586523955492234,-0.8352491135495046,-0.803669970977708,-0.7096152477948593
SIDM00350,-0.7660840091028098,0.89114763232889,-0.8603659747104055,-0.896613021307345,-0.8001288421673919,1.7788136222584565,1.1733049305251484,-0.8648157457652131,-0.5478234906471954,-0.6884879741071762,-0.7070244375583933,-0.8810939702774119,-0.9397055121133109,-0.5663827141835358,-0.8000842907961845
SIDM01163,-0.6407570859643051,0.7248907018441447,-0.7891383643999507,-0.8907780332249151,-0.8888270575209104,1.4559690543920927,1.3304528468919807,-0.9885587817973961,0.1038321932938181,-0.4522513281285599,-0.4221986877037919,-1.0059577964334834,-0.9159242688742139,-0.7643332443411732,-0.6841002627761322
SIDM00375,-0.882482433330837,0.7415077519593866,-0.9282417604516411,-1.0137428181526018,-0.7903698071272605,1.7110749084900563,1.0032819669496629,-0.9945594937450105,-0.4342802701227442,-0.6470728530336689,-0.5738671037673456,-0.9168495214160457,-0.8567730570206574,-0.8586679423882996,0.7961883075233933
SIDM00600,-0.7500462635179809,0.4837503269256596,-0.7946357246665902,-0.8925119879194368,-0.8989226765384718,1.1092950462677207,0.9763532806993087,-0.813530747147604,0.3055682472607388,-0.5662098182375663,-0.4599964484579019,-0.9630827399691333,-0.8988501233381149,-0.7387339524601373,-0.7605217028443614
SIDM00367,-0.7731892613582945,1.2141783645149464,-0.8456511410434114,-0.859875768608156,-0.7589150472394426,1.5226216672116064,1.1866638602581703,-0.9190739664540646,-0.13924563650807364,-0.715631127761539,-0.5801205356722872,-0.9083215680111323,-0.7681913633840847,-0.7688094619553395,-0.647738081406692
SIDM00632,-0.6834595122476188,1.4025169955359187,-0.7733855248386108,-0.9050461029378161,-0.7480966579554764,1.4497199843190243,1.1444215004892326,-0.8979978646926157,-0.42460092800188637,-0.6889591914307016,-0.6115697366574612,-0.9431427530236126,-0.9643372209798367,-0.8825809781001464,-0.6726014671455971
SIDM00550,-0.7908891037849549,-0.32549504952133507,-0.8438277951395055,-0.9435877758969657,-0.6997698241833709,1.4084750177385998,1.3229256627968649,-1.00696140778482,-0.7463061649172479,-0.6651720535993665,-0.5537631467400401,-0.9475179761198219,-0.9442088892396943,-0.827856743103653,-0.7960587331188594
SIDM00230,-0.7830361185114142,1.1584996532189715,-0.76541432335756,-0.8819364013426764,-0.715546344789321,1.4098887122226655,1.2924471964509527,-0.9303986714721609,-0.5086940059985365,-0.4062052885400759,0.651711860948098,-1.0193526367351533,-0.9093723597113366,0.7795345226058825,-0.7745782638594773
SIDM01206,-0.6505168783789675,0.61626028325731,-0.8821641326471453,-0.7003676564827431,-0.9265578844968072,1.7811362173653424,1.4245973101696605,-0.9137167638548898,-0.5797156103482786,-0.7246835953871094,-0.5538368364451164,-1.010682451947612,-0.8464291366695544,-0.9218615290312382,-0.7719233813797945
SIDM00127,-0.7539155657702732,0.35197095120349514,-0.9178011811495682,-0.8350830590765749,-0.6882146392924722,1.7981633110911426,1.3025074224182658,-0.9702447927680931,-0.6588767002397693,-0.6874662356582335,-0.6092180984443543,-0.8634455153714974,-0.853777330976481,-0.42921171555557264,-0.883335805914235
SIDM01042,-0.6965400243473373,1.9354422690203645,-0.8324234831423785,-0.7465649981455122,-0.6757221443750167,2.2184197416934635,1.4854218583479608,-0.7379852958001887,-0.5757248836172665,-0.5306810189477885,-0.5627810048083841,-0.9219148543668375,-0.8181504166324466,-0.41485783484576627,-0.7020814807426252
SIDM00491,-0.7009110968351381,0.71016297048442,-0.8174121828485186,-0.9324569706609711,-0.7770100005041825,1.6277937762089087,1.2086617800408819,-0.8861407885677334,0.4770645015542713,-0.6593636813477617,-0.4168882182984585,-0.908498475491211,-0.7604281025094063,-0.8274453931064079,-0.7581690422776366
SIDM00488,-0.7638750442824372,-0.5660029439782204,-0.836463064467851,-0.7714763303559056,-0.8458024333457544,1.7267519205607942,1.083188326114756,-0.9146875516533454,-0.8068597862399817,-0.6987797640142148,0.6595595014483079,-0.8657002763068942,-0.8808924738148423,-0.39219984971570226,-0.6746750058134487
SIDM00190,-0.6647483349620005,0.5011756697391037,-0.7342104772949678,-0.8714901931878477,-0.8064340185690795,1.54398908416305,1.2262135474375122,-0.8465378028238638,-0.321603087825412,-0.5850551437117213,1.5077320668379885,-0.9507082174475668,-0.9448531513139286,-0.6816032897984974,-0.6818623707765213
SIDM00542,-0.633260046455404,0.028102404524286546,-0.8582381010964868,-0.577890104917552,-0.8018942270845746,1.5114511143722134,1.2244911258039821,-1.0462450007314694,-0.40698835206270906,-0.7162744692818983,-0.13757658478600787,-0.9756288764027555,-0.7954983289084365,-0.5720730423741369,0.6373139164493727
SIDM00198,-0.7988176080429484,0.47270876417615104,-0.8319660816293473,-0.02654308440500843,-0.8746606006252338,1.5118407571776822,1.1686158520719059,-0.8129538839546424,-0.26598508064065834,-0.7084939632897582,0.0014817261442022088,-0.8094378204497242,-0.9690826476687017,-0.7928876402482465,-0.7036626139067464
SIDM00269,-0.7817717229738708,0.5000404742264952,-0.8646989779857319,-0.17505045945635292,-0.6283372069596893,0.8654455095917248,1.018850514450798,-0.9584872443311878,-0.2569378909217845,-0.7345727317595364,-0.4876164732941615,-0.9386493231400889,-0.9120315726382837,-0.8569239302138271,0.5204349048513325
SIDM00621,-0.7839013811939859,0.7310531004662113,-0.8065446150136952,0.09304119051838422,-0.8373313111839361,1.3575979298910845,1.154752053349262,-1.0304285877581545,-0.5766504631290971,-0.7518867100490316,-0.7739345852948627,-0.8329791920751944,-0.8286100134791536,-0.9372217357285537,-0.6719604601975779
SIDM00599,-0.7181490413642324,-0.2018776577392739,-0.8508315434888994,-0.9559671578995124,-0.8646099675663143,1.4284760566169734,1.5434867788921698,-0.7785996781100021,-0.2044293056552382,-0.7085706439765138,-0.5111415966434065,-0.9228481199398075,-0.8003745285807126,-0.7841760181565315,-0.6640321807359233
SIDM00118,-0.7001337632401388,0.4743818646805721,-0.8253207363117169,-0.9086957129247629,0.1551896169409048,2.2388375120315103,1.4343827884481906,-0.8513290400656541,-0.624649269521383,-0.3809368646864369,-0.422819784109336,-0.8788390579976231,-0.8565662496840495,-0.702919754342297,-0.8791195678264044
SIDM00596,-0.6636086623844778,0.872833009171894,-0.8683732689049,-0.9359381229750773,0.3111582070019729,1.8547312830944136,1.1256100193751857,-0.9085522256196502,-0.5318716563832367,-0.717155392875887,-0.7280212245569974,-0.911062299065998,-0.9199683299178664,-0.49126392255956264,-0.7233583930913109
SIDM01251,-0.6633608229074129,1.1901393339581308,-0.8673666519738468,-0.9341407690139609,-0.799844236150882,0.981942764099629,1.1783194690176804,-0.8373300579240234,-0.4914766232736723,-0.6532502056109116,-0.7025424568743028,-0.8415305556651671,-0.8359473678001439,-0.7905378163230322,-0.7583521216708565
SIDM00197,-0.7181644644214591,0.8718395666584292,-0.8192580038328127,-0.7331965137311566,-0.7503413700018103,1.5751227016185272,1.0573953765893274,-0.818892123690341,-0.6830968103621144,-0.6061055198737657,-0.4677048619178738,-1.0707477645234451,-0.9298513623539956,-0.8710904079130671,-0.6643135242788142
SIDM00810,-0.6670430908250998,0.9959255657367558,-0.8471725539942745,-0.9416848171141958,-0.7861841130782109,1.658024198811705,1.033092834779696,-0.9208706625999864,-0.5558307590782209,-0.5293438474544511,-0.6996858138216182,-0.8789186110487435,-0.8752950959934154,-0.7720580178168491,-0.641774097406725
SIDM00174,-0.6151385957017944,0.7598641414944594,-0.7550994142272501,-0.9261901919203627,-0.7487394631697522,2.068640619688944,1.203475509549903,-0.9934142172177192,0.1504305027693568,-0.6182534710761064,-0.2341354881570519,-0.8688571647207519,-0.9889984985282786,-0.8532342975521608,-0.8358212322145747
SIDM00487,-0.6931521315733015,1.712317635749305,-0.8388759441421322,-0.9284252955493837,-0.6393868957119855,1.8511534462338595,1.3560312236976775,-0.934627782128055,1.0031354899986376,-0.4974978310258015,0.3735629524045677,-0.8658864235538366,-0.865464032897034,-0.6425437489044084,-0.7729486238160251
SIDM00263,-0.7652281013141632,0.952054737201796,-0.8290929300034965,-1.004831878360387,-0.9646894572791358,1.328255387301242,1.2457821975385555,-0.9524058172927763,-0.5919914793861066,-0.7023001744756244,-0.433914291589289,-0.9448456187501438,-0.9122339637758818,-0.7396487782648159,-0.7561866723867594
SIDM00277,-0.782362993148622,1.2937325968207694,-0.8499376350824178,-0.8366392173279114,-0.7267981617426261,1.6988916990385674,1.2856454794721852,-0.9728605844174513,-0.5270574307248009,-0.5146828705939965,-0.6773894194284688,-0.8923821440244725,-0.7017351345773778,-0.8573516106501818,-0.6587037523482308
SIDM00592,-0.7509141919582917,-0.17898711786601582,-0.840901606627932,-0.9263487339921186,-0.9010051418345161,1.256381931507415,1.2043070495649257,-0.8284081650517793,-0.7115728324132621,-0.6929931807249001,-0.439784640403782,-0.9531841679981158,-0.9178487170306668,-0.7917041740682395,-0.8658921999465302
SIDM00496,-0.6254003125093158,0.9905337675561263,-0.8429072187745336,-0.8877014094168959,-0.8639680859010295,1.8219640335109573,1.29790790598147,-1.0247781658698487,0.22196685047189332,-0.6027624843475511,-0.6993773932581699,-0.8653608259413297,-0.8975395543497809,-0.762158621389764,-0.6030403348875244
SIDM00793,-0.570545617620842,0.7459446826692884,-0.7539643095885064,-0.6770987755752131,-0.8144748852768818,0.990136667515919,0.9782926806530788,-0.9106180485132174,-0.49135135005692654,-0.5790161379604862,-0.5139434507687919,-0.8188624972962952,-0.8725646400086243,-0.7757065871223283,-0.717539007501867
SIDM00121,-0.6824368799487628,1.6259521599223181,-0.8104454435495486,-0.9688760992425336,-0.6740546942525819,1.2730989824788026,1.562095017149052,-0.9572862530434407,-0.533309811205396,-0.6519593291408697,-0.7296167611278939,-0.8870179254260834,-0.8488686670486458,-0.7469345223517054,-0.753289835915095
SIDM00202,-0.7659020064651482,0.5284688795487209,-0.7855799414541702,0.275540621656352,-0.8180716331935771,1.656888152915808,1.022763402922702,-0.9585933538477016,-0.5407599346341949,-0.7254818975994064,-0.21105565711874513,-0.93847535254788,-0.6891843945719186,-0.8292287493426957,-0.5211792764175153
SIDM00047,-0.7526944587597421,0.831457249646407,-0.8632412802289795,-0.7703956124172755,-0.7144181325487601,1.7782713841582198,1.4343892126922595,-0.9273954443124536,0.3303733328906457,-0.6809382110913167,-0.5739294106315157,-0.9001403204747133,-0.8614874416941696,-0.4265665486593381,-0.7259257419259058
SIDM00885,-0.741027627502669,0.8500745078589735,-0.8537450632035635,-0.7093293486851011,-0.8952741037430687,1.933033520892216,1.549779850654138,-0.9079904433951685,-0.606633680811645,-0.5900179251111163,0.7530227854455668,-0.8837327438071465,-0.9352813900573632,-0.7486395488789456,-0.6915666220393193
SIDM00201,-0.7389224592301593,0.3491670703379817,-0.800590122486397,-0.7961055614210081,-0.671066816472203,1.3471254205824688,1.039075502668887,-0.9629310948660745,-0.5767579056992249,-0.7407408436223134,-0.44554506907834407,-0.9761342449986214,-0.9151443550798913,-0.599393209406768,-0.6395011074709798
SIDM00789,-0.8105022234916296,0.31932619661505807,-0.7897769840235932,-0.869340116913993,-0.8657699201801905,1.792365911199817,1.1654418736514398,-0.9518264930960779,-0.17585406997532987,-0.33133201683751334,-0.648992170105937,-0.996237928124907,-0.797407388396766,-0.7907343100898184,-0.5970915494318547
SIDM01248,-0.6196315361837633,0.5140471154019903,-0.7827976686640309,-0.8946487827540844,-0.6671599794696831,1.3852597259787496,1.4425154705391712,-0.9131807257603886,-0.31334969407153973,-0.74362265670872,-0.07585999590171552,-1.0067857419292923,-0.8922249057689684,-0.7972142704986143,0.6944368160723062
SIDM00195,-0.8599115619546844,0.5615632531484135,-0.7969650322093615,0.13951697714848574,-0.7971010685211629,1.5907804603831526,1.135013023855803,-0.9998668165872857,-0.2928258733311785,-0.7878542023122189,-0.3301382124060986,-0.9939752606356007,-0.9316568712530177,-0.9098207117550138,1.0691350415894776
SIDM00517,-0.7342683102684396,0.3132320840517406,-0.8269317881522158,-0.901113544966134,-0.6928047631585642,2.1174826017896735,1.4582794815734665,-0.9803213285077277,-0.5818542512645322,-0.6707362644063682,-0.4146513706803309,-0.9252474606258797,-0.7884186359954383,-0.8124900556095209,-0.6832086683496494
SIDM00534,-0.6838692938368577,1.282431589414988,-0.8129916147145052,-0.9832684346501209,-0.39436644857795977,1.5507034774719872,1.3977315771252548,-0.8598390862177913,-0.4850189355073199,-0.3826660979055305,-0.26143213001773524,-0.9832684346501209,-0.9832684346501209,-0.5336301379255098,-0.7786497348157038
SIDM00863,-0.6882457093572043,0.4381969203112681,-0.8175009845330002,-0.84008786136172,-0.8116342634855777,1.5829163163221283,1.0914530422738875,-0.8904901920781391,-0.5664409695806418,-0.7220700986047407,-0.5737113552119776,-0.9389182958004721,-0.8923910276325959,-0.7497252187220567,-0.6961784111135043
SIDM00211,-0.7268144181844093,0.7422361916913659,-0.824436775810929,-0.7492746597475106,-0.8317355922187527,1.4701986122117807,1.1354138984440079,-0.947547727182049,-0.5385180294690083,-0.6413003017034554,-0.6092012881380875,-0.9141722326007782,-0.8490023517435743,-0.8197552186752495,-0.7289416338956323
SIDM00539,-0.7148145163113255,-0.9219322801321994,-0.8115862300195935,-0.7752709205038278,1.1942320513681184,1.1990167639831857,1.1941144080833277,-1.0448458129301912,-0.5573666944970493,-0.6554628697754762,0.9140092242031185,-0.9021785724428941,-0.9007708743990597,-0.7668505878012902,-0.6554402809976714
SIDM00875,-0.7110443204291421,2.1280850266531504,-0.9176808488742876,-0.42250529787395114,-0.7919340581745351,-0.9377099509736497,1.0997711199927467,-0.8714800444443151,-0.8274642200581345,-0.7064315866609638,-0.42718870347064664,-0.9650011286024309,-0.8444425144752138,-0.4384333908543651,-0.4928335039138355
SIDM00679,-0.6267900464258376,0.8495214551924678,-0.8067984936171488,-0.7888284114453811,-0.6454097284320003,1.9533008183708849,0.8760733968664176,-0.9585404926500836,-0.5312996759809322,-0.700992071125577,-0.45981017526695733,-0.9374987921290501,-0.8746573270206726,-0.4355775667490175,-0.696322243057509
SIDM01146,-0.7281055680618668,0.5128009947939385,-0.761171777156307,-0.8670341742947991,-0.8329247700618588,1.860962104607383,1.2800944465345472,-0.7604408749807953,1.2214922995942439,-0.6719048359545924,-0.5755945157585449,-0.932570368133394,-0.8327680041724721,-0.838572885135886,-0.7644975660938349
SIDM00156,-0.7192676181089229,0.6324009251017211,-0.8051328029731895,-1.021746186994463,-0.9097986656172408,1.8871652729294328,0.7312731491096542,-0.8701058140618766,0.0590678714563037,-0.7368098276778278,-0.7127962158612676,-1.0048335748391979,-0.8399969496371116,-0.0995784168349439,-0.7010578432688781
SIDM00420,-0.7472880839861037,0.8514256579332627,-0.7428433172477064,-0.9599153081325489,-0.7245775341436136,1.5649437621073223,1.3326412467855757,-0.8497347939365204,-0.6567934754145487,-0.5209113471356417,-0.09862278890893221,-0.9669308892181487,-0.834588639711595,-0.8415271423033021,-0.677410609562106
SIDM01145,-0.7440303151201492,1.167926091298164,-0.8377949577878007,-0.9988768076208392,1.2467797655839945,1.5950493111632935,1.614971772084056,-0.8581984766527485,0.11524324277608529,-0.5005898213181288,-0.6356686137112442,-0.9274819314823559,-0.9061868424922791,0.09180585511564689,-0.7412073074294254
SIDM00256,-0.7891048664014932,1.2205423309192536,-0.8683138487136947,-0.8556797810592899,-0.640991458539049,1.9516192409466353,0.9901136312277071,-0.8297082563260877,-0.42737451164188184,-0.7297447706635802,-0.4654764782153262,-0.8683461028839573,-0.8894566932445435,-0.8440583535879641,-0.6683699101270664
SIDM00444,-0.6678923524403505,0.684710726885084,-0.7962885234602761,-0.9259184091049687,-0.6529922878209177,1.759119994038109,1.105444537915053,-0.8432630265954164,-0.6998048125079329,-0.4926695918788325,-0.6271640819084329,-0.9118527948811009,-0.8486410941624644,-0.6891209997449662,-0.7992741007862697
SIDM00137,-0.7395271906162176,-0.21067186123666812,-0.8430839870235021,-0.7379750963739774,-0.8230619933442945,1.865010464232643,1.2969650615402635,-0.8560623757556904,0.10710475288130025,-0.6875278471816404,0.15008330748532894,-0.9499420919689308,-0.8765388684800118,-0.3622034659013779,-0.7265032141698294
SIDM00569,-0.7361906931718186,0.3080008093980213,-0.8082012901906195,-0.8632287069748378,-0.7910434298581678,1.472875476462536,1.4810679283875625,-0.9438484744872768,0.1342772652115154,-0.5722020944628944,-0.5117826933081798,-0.9405066435557543,-0.9368562841739674,-0.04500769958060887,0.48518658544511256
SIDM00445,-0.8582320785121603,0.8275984562189618,-0.8402434796892945,-0.827135240537214,-0.6153185833106103,1.9277430411374545,1.2381807272649776,-0.9111699402574592,0.6018770737298001,-0.6044909022623337,-0.6866441131802011,-0.7643702300407758,-0.9544665682933521,-0.6325591567347536,1.4244047525683294
SIDM00094,-0.7274444900716008,0.03921724710563398,-0.8281474808958098,-0.8296714527736018,-0.8130540028826765,1.3517370465765877,1.3056962578736382,-0.8456800656346103,-0.5032503074555583,-0.7422531654794766,-0.469483978511157,-0.8891586132554681,-0.865648272023646,-0.8578872069966069,-0.660107154784013
SIDM00576,-0.6534321587622091,0.6687657660576615,-0.7305508365493948,-0.9317307019139739,-0.7290192863423034,1.6373382704506265,1.238965446413444,-0.947984189204906,-0.3831077197618034,-0.7801793079768989,-0.6615007038257289,-0.9198260645953306,-0.8604632299464516,-0.8957272196641264,-0.5786891597603389
SIDM00257,-0.7840491912377975,0.8486380010519583,-0.7568694482445681,-0.36096584166089185,-0.7713223996292088,1.7707669014373826,1.28273815412773,-1.0089917028021986,-0.5149357664428436,-0.7238011148290164,-0.6684009639821119,-0.9249616494364019,-0.8206532398436882,-0.5393726496085481,-0.7786119201668783
SIDM00835,-0.8875757406854038,1.1467023112008494,-0.8379844237913265,-0.7973143344748992,0.06627590872008035,1.712497306552974,1.060457416195269,-0.9697372058377296,-0.23695943292405228,-0.7230637656442819,1.3185376960927468,-0.8694129313303295,-0.9243979092992336,-0.7847546376011676,-0.681009537452303
SIDM00781,-0.8246763712281238,1.344880506930074,-0.8350594863220064,-0.9270506121716714,-0.6315395483828738,2.1285262544757044,1.3334779027910824,-0.9455408708565732,-0.8011368649062567,-0.7248974083213494,-0.6292242170028062,-0.8753694335188231,-0.9645616636327857,0.4108776067488778,-0.7164626510845478
SIDM00700,-0.7424194082920229,1.1026743676244888,-0.7790576074370181,-0.3798592975012283,-0.8091183691052733,1.4603148196383937,0.8087180208322914,-0.7290175859509512,0.6416862343769727,-0.4833431068812231,-0.7266876536830645,-0.9180270725910005,-0.935011168248593,-0.5393788200573817,-0.5707526513541037
SIDM01126,-0.6721868529056279,0.34286183548231525,-0.825919833419902,-0.8812989889395394,-0.8150050308341543,0.9832431484104813,0.8283115253367486,-0.8961299601131083,-0.2578003502060191,-0.7042991163285316,0.17124248037137366,-0.8782039039590653,-0.8822379115527905,-0.8082446498013822,-0.6186224300979243
SIDM00259,-0.782725170610228,0.5129410134424031,-0.8173092387992668,-0.8834753355092657,-0.6843816476393951,1.8614295056329397,0.7219048640099274,-1.0198223602312713,-0.4773164926328667,-0.7132862503459793,-0.5150620977675506,-0.9233786872034381,-0.929954866249873,-0.8260018185663294,-0.697533762270795
SIDM00834,-0.7572028760898093,0.5652864106729173,-0.809141490207723,-0.9461998831077849,0.004338989331829525,2.277646281277178,1.4186512647486094,-0.9417577561434439,1.264519007894137,-0.7209518260304527,1.0706120865966438,-0.9012480370685825,-0.9006780717874747,-0.40019518691768985,-0.8039971658209614
SIDM00814,-0.7043189012258421,1.1742861662247415,-0.766791014912668,-0.879922859951794,-0.763103567496378,1.7445249646407133,1.010999225040624,-0.8679458696657149,-0.5073216532451914,-0.7128205816078176,-0.7818434752991541,-0.8470973175499387,-0.847274428254303,-0.7110263922054716,-0.7601342426731705
SIDM00258,-0.8188736151570832,1.1420714252153021,-0.7870260647352882,-0.7310181047712796,-0.8912627881530568,2.176575455648019,1.1814593313716906,-0.9912392507745661,-0.008144475101082724,-0.6866657510686971,-0.46282774013216016,-0.9052833198531423,-0.8419335454957181,-0.8098173386519399,-0.7690765577481063
SIDM00577,-0.761125029167324,0.8378986305473693,-0.7658639980519563,-0.5492204534336709,-0.7322016504679985,1.8092884590421177,1.0168853567252514,-0.8453885166473201,-0.5002273454193946,-0.7624720170066116,-0.07223766371282637,-0.949065005632821,-0.7818307927076574,-0.7804058928240628,-0.6409110815652599
SIDM00384,-0.6918711626146317,1.472163571436694,-0.8242980512889174,-0.9161043498043352,-0.7188497921149768,0.9292751520570239,1.505491504067223,-0.9166130300846238,0.28875244800732974,-0.189380916176895,-0.5177201335613761,-0.9407765132008451,-0.7979160878064718,-0.7898961610614225,-0.5382461333781746
SIDM00837,-0.7797186558385362,1.2600505603018448,-0.844419641619429,-0.7593681079294131,-0.9522520570876276,1.8439987503015227,1.097701766276238,-0.9965025811889551,-0.4933869740915563,-0.3535042709182977,-0.5728821829186406,-0.9511239442535684,-0.7777535812432931,-0.5637738865897266,-0.6018580668723388
SIDM01133,-0.7607253422922202,0.41228800724871345,-0.8425670304307148,-0.8166333460908269,-0.860072347054422,1.5894668650559458,1.0660816465417644,-1.048043210739645,-0.4901168709565105,-0.7854182271066736,0.15477618529442344,-0.9579528241184642,-0.8503677575894636,-0.7483639071166208,-0.7841219810324236
SIDM00244,-0.7760174157196181,1.3865831795802044,-0.801097047141708,-0.5467211789582924,-0.7447750005416027,1.8692459874890506,1.2293419086570456,-0.9274813512649808,-0.5576858901492207,-0.7378229756895991,-0.48936629163098394,-0.9153215919832286,-0.8531749477868646,-0.8094853511012353,-0.7723530192827835
SIDM01161,-0.7495987928568221,0.07272748917150663,-0.845246398141131,-0.9347482670777366,-0.9316975631954462,1.9739454074798974,1.3181724304987443,-1.0087810639512234,-0.19636559064870152,-0.6678261634162278,-0.0028952554514676183,-0.8917364070248366,-0.8615150274906042,-0.5198189824920173,-0.6474552811931774
SIDM00579,-0.7487949240109233,0.7579139898844108,-0.8575488157871759,-0.9157548015846398,-0.5790060297307944,1.8286528005100349,1.1173563538660853,-0.9228596807892849,-0.7019267869947633,-0.8607339711242135,-0.649447959628658,-0.9040473081964024,-0.8559962855675848,-0.8860260801918836,-0.810553805741615
SIDM00699,-0.751967300656358,0.3878172754020939,-0.8451391667138222,-0.8654758454726915,-1.067864951389354,1.3379683424745241,0.783726065983188,-0.9887235069925628,-0.698746882961927,-0.7859721195038265,-0.18961086884652933,-0.9786007705361913,-0.8571223786752036,-0.87001402369452,-0.762219908462573
SIDM00721,-0.7180440000426244,1.5686912964635413,-0.8912307100305489,-0.8248592945080713,-0.8501053778496703,1.0959794920962136,1.3557319014989504,-1.0145110721054689,-0.7547328055453655,-0.8957558032412889,-0.05360256158914632,-0.9293219477007019,-0.8497022046219901,-0.7745097471148399,-0.7292188368877632
SIDM00082,-0.7942598047328305,0.8790092961713559,1.2176017465114921,-0.5806882718472592,-0.8291081765523612,1.710073771828245,1.1689673033190717,-0.7889518352610959,0.171827769452605,-0.7419337716572701,1.6126723500297342,-1.0412553518477903,-1.0925081788024709,-0.6305617464882868,-0.7200462979170169
SIDM00320,-0.7426363562141071,0.08975866603373445,-0.7729601934521495,-0.8778958075650688,1.5865669779804046,2.110872523066509,1.2915358019910312,-0.9878740541107872,-0.716145557238675,-0.5719324857742378,-0.6492936267511004,-1.0013229432690995,-0.8653156257721359,-0.6251468161857475,-0.7790301550274437
SIDM00967,-0.7395515595190334,0.3906446011457925,1.5561455759906182,-0.8986301301223133,-0.3098104891923747,1.7365234728891608,1.591066985432746,-0.8755553895240822,-0.9202538297859353,-0.79170470246705,-0.6297642807173773,-0.7913263301525563,-0.8653296072172674,-0.7268361292137518,-0.6800320017144118
SIDM00508,-0.7611864409415857,0.9977048736007781,-0.8886857326879247,-0.783159694322481,-0.7307437083166888,1.816657156528184,1.0978834978611547,-1.0048179808977984,-0.7770863363526757,-0.769613706725345,-0.2072907224491701,-0.9653110729606522,-0.8740954488350302,-0.7748899963368819,-0.8229348088303278
SIDM00859,-0.7490921106186098,0.035679574187075645,-0.8039768740534502,-0.8990082541029197,-0.7959451098034795,1.105405899457435,1.284588127181083,-0.8704685425666956,-0.6105658358242312,-0.6984173181794888,-0.6257442626155446,-0.8953906228019417,-0.7952892412191116,-0.7593109757132738,-0.7757509804577988
SIDM00393,-0.8081828074624378,1.357145991961756,-0.8573364203530743,-0.8636844133282965,-0.8271861836226208,1.369754309673342,0.37834118090130375,-1.015937110227559,-0.37477893530151174,-0.7570041407256726,0.222322603736183,-0.9345190056152416,-0.8772525190427327,-0.40637207533293124,0.7977222494037163
SIDM01174,-0.7501199619328939,-0.27820972038488934,-0.808601068690285,-0.9554748080184192,-0.7906147002703102,1.5102665974701854,1.0801002294473339,-0.8614713484338279,-0.7912896697834156,-0.7207508485560021,0.011954886214953194,-0.9583679658694553,-0.9008925790878314,-0.7707521300116741,-0.7735252527245058
SIDM00530,-0.7690456241296345,1.1128241761384152,-0.6724232921246373,-0.8828514317448728,1.1403985910190861,1.9000993070506051,1.1798989730036742,-0.8393459739876106,-0.6191602909969712,-0.5432755756129922,1.2130105674095966,-1.03684110891566,-0.8367504439565464,-0.6194223166607491,-0.8399813680591609
SIDM01149,-0.7489861040266548,1.4969275860520348,-0.6955666764988652,-0.8488366632735527,-0.8742116831692213,1.870445000775866,1.153998082072767,-0.9273248958085704,-0.7308273977465474,-0.8647883893913778,-0.3360631812400253,-0.9128979093104554,-0.8954220244338889,-0.6163708490388838,-0.882517878785189
SIDM00243,-0.8520461979645081,-0.07371291367465031,-0.7443772658395766,-0.8657232857149517,-0.847529397475125,1.5325358963761164,1.03693916315011,-0.9155258374831263,-0.5206783733686937,-0.7699608570760514,-0.63292790649806,-0.9274505267911565,-0.885371752521019,-0.8129852395674453,-0.8001050781103626
SIDM00176,-0.7638815012740078,0.7023506783245489,-0.8662348252893436,-0.8074108528935235,-0.7439144007777085,1.2837775791176764,1.2479550915780122,-0.9662656038405344,-0.4156563700415735,-0.5147018655448267,-0.44032643842947167,-0.9115628106725779,-0.8828148025258097,-0.771053941896297,-0.7295574582951182
SIDM00422,-0.6738622904892471,2.1555379837106066,-0.8235779792373192,-0.9253750931860094,-0.9113862712141277,1.2973579421508314,1.1316113898953686,-0.8958592427491352,-0.633073628623884,-0.29813388751438746,-0.5207046939574244,-0.9380906664926553,-0.7506005128485104,-0.8315221241642368,2.3472278665287143
SIDM00532,-0.7269288696587589,0.053577006511276205,-0.7277070272784418,-0.9273739424281813,-0.7569264617395144,1.6717985240681688,1.4421773739402846,-0.9231729845254333,-0.7362680618142801,-0.6696899360661882,-0.36926276221780574,-0.9004392982843782,-0.8420800379037444,-0.6943549928843944,-0.40907341381638207
SIDM00077,-0.5714934213402891,0.13006234776590342,-0.8288108757398321,-0.8901255825872318,-0.7105608762771365,1.8691263314001092,1.3852325055460948,-0.8665397959416833,-0.6376864567145046,-0.6335171135635799,-0.515166310852723,-0.9385347035707229,-0.8257236817608685,-0.23077848744655033,-0.7038032770293823
SIDM00561,-0.6771400421460028,0.26374543315825766,-0.826705302672153,-0.833360901952642,-0.7275885898959047,0.9376181673981835,1.3530993644052571,-0.8256009754996196,-0.4190286095480205,-0.7534993283329285,-0.5202137179125161,-0.8938436572471838,-0.8000461695902625,-0.3314974978481496,-0.7480167212058929
SIDM00407,-0.7725427558708907,0.9842637114882145,-0.7424286465949471,-0.6913246307147426,-0.8000753959785117,1.415030131540005,1.296168689100337,-0.9338023167850779,-0.3415520954049738,-0.6410503915935875,-0.3526804481458351,-0.9729898903491552,-0.8040086227734968,1.5453532832663488,-0.6549894881008191
SIDM00631,-0.7372875958869854,1.2259747387980995,-0.9066294764945725,-0.9491922114183292,-0.9652699540366024,1.8200848872457929,1.321580594897797,-1.0061286964643936,0.8318178109249079,-0.5905988746319969,-0.5430593465817198,-0.9347629472989984,-0.8238658649863475,-0.8213833137758372,-0.6866574909234301
SIDM00324,-0.812426518148141,0.10661688291657698,-0.7682421084856702,-0.8349019667298619,-0.755158662962697,1.9947211147714166,1.0641916129026856,-0.8523564020147343,-0.6702140931929307,-0.8058919121008314,-0.7655252894356946,-0.9174559978231833,-0.894914263166924,-0.8606581005739481,-0.7688532018329214
SIDM00410,-0.6987089157908877,1.5128187350410651,-0.8559103281089951,-0.9146111410199057,0.4263504009408692,-0.587538427754266,1.4161235709516844,-0.7961261650230889,-0.6196295569903737,-0.7017512581439024,-0.3733096869842861,-0.9393737175891481,-0.7770406396340429,-0.7597471576096363,-0.7454524099922704
SIDM00483,-0.7111923405816888,0.7375602870389546,-0.8856348227296765,-0.9011424240703195,-0.722168943992281,1.3423323349262337,1.27778632489357,-1.0171554447871787,0.05426038859098963,-0.7931054446277868,-0.18320740030802596,-0.9651056771321894,-0.9133692922614809,-0.37975919825718435,-0.7768039422840128
SIDM01187,-0.8090569644306811,0.8988134189853265,-0.828079436684761,-0.938023632866199,-0.7311490106731996,2.2280627039166094,1.4286045484256866,-0.9135869808013971,1.717962194476384,-0.6772990009164801,-0.36262603491269924,-0.9555162011527253,-0.9206406775706465,-0.8589040079394638,-0.806480268489792
SIDM00216,-0.8178774166197349,1.8103062599412059,-0.7813221259752471,-0.776154308070088,-0.7643778066265353,2.0480176710951556,1.512799281219858,-0.8679380329117826,-0.5182143591248404,-0.686105079986813,-0.5712822612005756,-0.8970293801605465,-0.9164760666670665,-0.5830489168718024,-0.7166359487070796
SIDM00199,-0.7702730929380097,0.9036700475300219,-0.8112670626362556,-0.8691363088420513,-0.7787068018469904,1.1414815408304533,1.12086663993052,-0.5282342911374079,0.9596675520977663,-0.6000632430535753,0.7147237117271791,-0.9063371951249525,-0.9591088243756369,-0.7581823808394752,0.8282514192535954
SIDM00234,-0.8362828342352047,1.2580716735222164,-0.728110019584372,-0.9338009524191839,-0.7574955962440066,1.295919026381856,1.2084702093793025,-0.9951947055187376,-0.36344877533823144,-0.8020523025794263,0.5956551004622908,-0.848187360941724,-1.0103816649902948,-0.7961608536263278,-0.7667004402570567
SIDM01019,-0.7257078219704876,1.7628641640938343,-0.8214132705008185,-0.8811825327190561,-0.8015338781846344,1.8378718731860815,1.2935743777769608,-0.9483292854560494,-0.40761673417151,-0.6701293220052386,-0.5077313616463344,-0.8803142447796309,-0.9689015324953514,-0.8389738605003622,-0.5223154261689651
SIDM01114,-0.7690350508963478,0.8956018390341558,-0.8248991972028373,-0.8535630834446117,-0.7971466709853529,1.6259260254935344,1.0653495027611015,-0.9592789258418524,-0.34164647697609946,-0.6847072194233799,-0.692645442117829,-0.9125894212157522,-0.8621139019843506,-0.7379974161129222,-0.7163342983980967
SIDM00584,-0.6882249752464519,0.31370798988251297,-0.829447159253832,-0.865741159153809,-0.6962609839634023,1.7297649240475994,1.4484762075097688,-0.810313497931702,-0.1554391094841844,-0.4524249233899568,-0.7536235857852699,-0.9011571217971311,-0.9777061533343917,0.22729840345277166,1.4824992759753397
SIDM00043,-0.8515908221276081,-0.034547037914401134,-0.8168369480121027,-0.7795492968403618,-0.8315619271618835,1.7925115149309372,1.1580536210938954,-0.9370165551117698,-0.7462538985866858,-0.6106555271297669,-0.5273086408939247,-0.9065262907343342,-0.9959200772801002,-0.2096482005003473,0.6350464705332072
SIDM00498,-0.7492823842805032,0.5558533796169394,-0.7442773797101032,-0.8814544320365137,-0.7113957845689134,2.0608443047589886,1.3452890087768794,-0.8803072848487977,-0.5802878817145777,-0.6332388931086876,-0.33881654155869234,-0.9133568715364916,-0.9575966203044027,-0.7358396680169397,-0.7580818110456218
SIDM00406,-0.7660400342352508,1.521329415168577,-0.6631631000803262,-0.824892782648379,-0.8427424348915974,0.9926688075008903,1.1044959679793196,-0.9099614435782332,-0.5340561909208864,-0.6934743296865454,-0.613316919818511,-0.834662230480524,-0.8588409690340927,-0.4791200487371978,-0.654575405609606
SIDM00193,-0.7520969476119506,1.0180739891468953,-0.378862529816033,-0.8245145466897628,-0.19234992008377227,1.8969133545408696,1.5107010411316546,-0.9919393767701488,-0.49998700439237653,-0.30949730972618433,-0.6330083671982109,-0.8877482617834828,-0.8278766403170282,-0.7815345967292318,-0.8178088896219916
SIDM00045,-0.8207547769239385,1.0937053510717798,-0.8377385028988825,-0.8715381383273831,1.513304407718085,0.8072019808605956,1.8876990790167067,-0.936112226817165,-0.5890702388598168,-0.7014960202221827,1.1534292764806873,-0.8817124263002438,-1.0490965486688195,-0.6190429568723816,-0.5474109429070656
SIDM00655,-0.8487769352854431,0.7620798156454708,-0.8531278326623526,-0.9660569627744217,-0.8549471444600583,2.647349197086473,1.296956157311187,-1.0570897830061476,-0.5541356254341454,-0.7496993908427512,-0.18745496802602687,-0.9923881298833573,-0.9528598258594757,-0.7887374184073814,-0.6325207913535213
SIDM00214,-0.7523779228455414,1.1095305361249994,-0.8091066469985475,-0.9485286813320728,1.484968264600666,2.000404462945038,1.4144762290603907,-1.0387728060880417,-0.6314439858699591,-0.8176767776062956,-0.5136976942850827,-0.8760571526216506,-0.8962877320908961,0.28019666996710846,-0.7403059617531491
SIDM01007,-0.6983479757127545,1.037837369692672,-0.6608921621798091,-0.8182083936351101,-0.8113446827712545,1.609665419808429,1.3333999501914648,-0.9500663299454554,-0.6950700562613374,-0.7271409801576884,-0.5455917641844097,-0.8436311485828746,-0.7686894839716103,-0.7667017213499651,-0.94313372882908
SIDM00262,-0.6751506344952569,0.5751713219219873,-0.8113217969050518,-0.8969163592230417,-0.7704519520175619,1.5187966210692752,1.1936348793208256,-0.9825646897000879,-0.043786366649514206,-0.6846276933885586,-0.6289392802283074,-0.9273173936280104,-0.896387021288612,-0.7640233567612653,-0.7783743882369629
SIDM00591,-0.8003635734997754,0.930677169152562,-0.7402424179351401,-0.8613713279433793,-0.47459324250927987,1.3741785818949201,1.1454569984167127,-0.8053746628677364,-0.5027605041205452,-0.6719792722965293,-0.5076502088638358,-0.9416751426714295,-0.8282980635408228,-0.556837242080659,-0.8173166257322676
SIDM01197,-0.66307312455383,0.5614408047557237,-0.8073587535768044,-0.8969456480285815,-0.5090392459212737,1.9055066445563928,1.6074592604099598,-0.8246853974965703,1.165979024075249,-0.5668549870833834,-0.31775197642406405,-0.8863117168846727,-0.9872363196249015,0.42304186063442123,-0.9285123493923765
SIDM00905,-0.818761143300327,1.355962657080932,-0.7518176580979555,-0.936492260252718,-0.7820643196795297,1.5949645781075952,1.3338420399032982,-0.9311821229814302,-0.6723281219414012,-0.7597439355971671,-0.7135957046071444,-0.8332394949259117,-0.8443599218553968,-0.80427906557239,-0.4977256252433849
SIDM00180,-0.716017548941329,-0.277433522966046,-0.7869074126106368,-0.48830228360279454,-0.4681436376391524,1.5870211841988753,1.4988300340698637,-0.9067222006916426,-0.5189764303150791,-0.4529500129705635,-0.5169847982047678,-0.9070799783892458,-0.9575533514142855,-0.7036069368922535,-0.726770360381022
SIDM00323,-0.6402155854498821,1.362829176976107,-0.8000942532307639,-0.8314685729481824,-0.8126015828546435,1.5466662373271431,1.365986051713913,-0.8306016231527443,-0.6640503121372908,-0.599365301799457,-0.6301876733447681,-0.8016701031663799,-0.8518167527716742,-0.8365912219123753,-0.7358260774508241
SIDM00113,-0.748934374035318,-0.4484442835379701,-0.7755365143025459,-0.45306149600685514,-0.5526973436037009,1.606011450063089,1.379235108049006,-0.6835015385297616,-0.6717383268867823,-0.39946904263442906,-0.3994033168657614,-0.804154161502137,-0.8202652155525912,-0.7910714606527368,-0.7040550251707419
SIDM00551,-0.8773749932416202,1.481309272710545,-0.8273638128976354,-0.8949863897867528,-0.6371127237718317,1.3713226730830668,1.3499462494930001,-0.8977399753518556,-0.13734895295265886,-0.7217621445351947,-0.7299146211709848,-0.8938879288426761,-0.8668549921055985,-0.8170270283629764,-0.570682134845625
SIDM00958,-0.8475406889044085,1.3436936391702856,-0.8104578608502567,-0.882094178416876,-0.6215054769323741,1.5169943495598164,1.3595667128733562,-0.9649395400026584,-0.6257681689165514,-0.8140524239297977,-0.7469431846005635,-0.9015280678552354,-0.6620352214722144,-0.7764813395333544,-0.6248800271783213
SIDM00659,-0.7536844606568727,0.33702659872940893,-0.7081729362353224,-1.0353445531630099,-0.6932896050837026,1.3480288417737036,1.3186549639318035,-0.8609474226281982,-0.4038797093065955,-0.6362688396685048,-0.664633607817299,-0.9543574205288481,-0.7217007979650991,-0.7773815903313317,-0.4240225204224005
SIDM01168,-0.8121730640650108,1.0571159030492976,-0.8165278230065328,-0.9406695103389536,-0.7695408693336492,1.304415585100936,1.3222191959879743,-0.8957520299366831,-0.2757428279911734,-0.6612883024654436,0.009708169498524842,-0.9218531188404665,-0.8788546421996807,-0.7108660299920728,-0.6749887687787978
SIDM00968,-0.7662693483531394,-0.399289862069785,-0.8035839749348042,-0.9498019565486399,-0.7441124306359298,1.164976971296391,1.4710315888483263,-0.8745396359807914,0.5761465596421702,-0.7338958050537445,-0.3321963933098919,-0.9061937474031244,-0.8780401031049969,-0.796962263244086,-0.7338380734724443
SIDM00250,-0.7851190067890977,0.7189600400403032,-0.8085589440566078,-0.9935672494346708,-0.7556618090095051,1.7503416695504341,1.5194057071480518,-0.7981611860437413,1.0093739611040842,-0.8097940928370353,-0.6584132262597964,-0.9630947739478688,-0.8587549924696789,0.6862343022609819,-0.7441191579194785
SIDM00252,-0.7663184792207176,0.8182027885262653,-0.8181043743045213,-0.8434504534982408,-0.5531780888922226,1.4181919648095191,1.24795517453498,-0.9073845149639241,-0.47831778450894863,-0.7234036414097401,-0.7155840927618634,-0.8425901425075345,-0.9048368170517095,-0.6019540618099541,-0.6574035535479591
SIDM00242,-0.8070089533354358,0.12207479910452627,-0.8297660458801389,-0.9728684983676068,-0.7834886300732504,1.6269914481104462,1.1547032647163413,-0.9674259942143664,-0.5657743066811408,-0.7751516382202056,-0.6794271088260206,-0.8953764690452782,-0.900911649595851,-0.7835939537447082,-0.717016800862116
SIDM00438,-0.7719830789589686,1.3824181561976414,-0.7293949589525227,-0.8618642075758715,-0.7087660595859918,1.6435344917243682,1.0236701907617545,-0.9204534555868671,-0.29244506272507204,-0.6934875745316889,-0.7977790608076538,-0.7482300276737601,-0.7442301310847425,-0.15289963813453553,-0.770161916638445
SIDM00231,-0.7108666542766315,-0.16292446607393696,-0.6991347613241747,-0.8877959297797285,-0.7310842379356131,1.618063050946365,1.2065256737517893,-0.01882326350364667,-0.6746349703266326,-0.5982089588725713,0.1805638305720996,-0.9123819882757471,-0.866322494664517,-0.7853399476432021,-0.7429204436080262
SIDM01011,-0.6908502569275903,1.1938681722961648,-0.8167954553435921,-0.8564730069843615,-0.7564178157361243,1.9844739184637128,1.301559577967503,-0.9298986062397048,-0.46935886820983974,-0.6698376662602246,-0.7387812531463827,-0.9187425000319795,-0.8279439249868449,-0.7960318651020429,-0.7566640911915135
SIDM00182,-0.825817883609674,0.491299896478549,-0.7468829196408944,-0.8017261421381842,-0.8406414225657495,1.2208294719012414,0.7975281406785315,-0.9407581226396612,-0.5772053534752836,-0.5895101621744842,-0.599637612281863,-0.905022738370353,-0.9217404459434516,-0.862969071102496,-0.7908553752794631
SIDM00969,-0.8295103579949142,0.9827501456384131,-0.8340507667676579,-0.942384049862842,-0.8864959666516967,1.5112548102718417,1.2619947553382245,-1.0170924703161053,-0.7377385878837448,-0.6907763462499044,-0.5542947972744543,-0.9176743437396825,-0.8152872351106999,-0.8042320949319143,-0.7247628479848748
SIDM01120,-0.6877883951904761,0.8635984656976853,-0.7983387027054897,-0.8992067510702205,-0.5451664571552196,1.8246714056532214,1.1675262124194128,-0.8256129919023444,-0.339963303278068,-0.5764814048694369,0.24875981962639337,-0.8806970666431861,-0.7479613492090449,-0.7178188273542276,-0.5939266242596865
SIDM00317,-0.7062188935126678,-0.134063563650864,-0.31484649929365904,-0.8554348401500709,-0.6766849739542563,1.4619202008566194,1.2199963684319577,-0.9138571139420877,-0.5776625599831066,-0.5752702659921219,-0.35527279879090967,-0.8695135220770105,-0.8671561780539334,-0.7153774429395753,-0.7467541077043381
SIDM00719,-0.69094312625981,0.6678490330470175,-0.846609064638525,-0.8744702946725272,-0.6961858978868449,1.6449472419638569,1.2665770477109246,-0.912607588897058,-0.5233889900788429,-0.6195780089752727,-0.5048781154458883,-0.9450121004429145,-0.791677536761369,-0.8250044187069621,-0.6377504185918828
SIDM01041,-0.6906736108181062,0.3308073581419131,-0.8385503865787606,-0.8972750691469997,-0.6871974201929666,1.2206983207332942,0.7757800930009626,-0.8678780675760881,-0.29798236473156936,-0.6717604327585466,-0.8201228121184114,-0.9032222916945318,-0.9733524184435891,-0.8331420110689042,-0.8076458566457503
SIDM00668,-0.7107115198790709,0.7485574216108783,-0.6535743866880411,0.8992120516427325,-0.807593613143919,1.1756302705106711,1.0741694237896529,-0.9884811411101471,-0.6091271529112666,-0.755065246659089,-0.514472152769362,-0.9134471120058127,-0.8199854848389763,-0.8157563899494988,-0.6903081021054066
SIDM00056,-0.7463163271421986,-0.6188862902722495,-0.7979295912276904,-0.9025713945129763,-0.7655139401549154,1.7864749629083065,1.3033283156186812,-0.898885355587344,0.47157159926612446,-0.7446091239423949,0.01791906001121594,-0.8419605406712435,-0.9472725269128458,-0.7572076687175295,-0.6079709562479793
SIDM00181,-0.6988145192229125,0.23287299565394143,-0.7816371785001771,-0.7359520768088225,-0.6940709673075225,1.6004462853230073,1.1660594299332776,-0.9758272357429619,-0.6625915568745235,-0.5597690567295369,-0.4913725897332127,-0.9000084044294424,-0.8925284591969938,-0.7860598637826212,-0.7206324577897002
SIDM01073,-0.7759617366357554,1.2329403280423479,-0.8571531964381311,0.7144716445435694,-0.7488071309778964,1.3331964748340368,1.2694442555621523,-0.909459084562502,-0.5374266076577898,-0.6683875245594844,-0.22018002637205014,-0.8137709084282343,-0.85958953324433,-0.8189391102137702,-0.858564905520258
SIDM00504,-0.733528145411535,0.37138213722954977,-0.7852236361184718,-0.9886048285976693,-0.8288156383501263,1.6781007583823753,1.6213626072690543,-0.9374800164572418,-0.2150806422481468,-0.6004269521914216,-0.6397721499806711,-0.8660448262456333,-0.8313894286411484,-0.8211027152541146,-0.7126348716831703
SIDM00472,-0.7951819859518464,0.9966823038010726,-0.8874062819462365,-0.15593025408472339,-0.7947658517729034,1.5233711048753718,1.1004001386432072,-0.9657902370096754,-0.19546263972447503,-0.5575177230788322,-0.7112393410564658,-0.8659168755416987,-0.9381944852776546,-0.8103340749591871,-0.7285022432629803
SIDM00042,-0.7009977007626432,-0.3519667926662443,-0.8252322231739793,-0.8857484704346305,-0.8659958820210272,1.7749894163341484,1.182201120738712,-0.9736824765623464,-0.403153332440263,-0.8425601634844407,-0.6065990444380784,-0.948665136510974,-0.9523098708949339,-0.28283895398308473,-0.5132679069724345
