,NPAS2,PER3,PER2,CSNK1D,CRY1,BHLHE41,BHLHE40,NR1D1,CRY2,CSNK1E,PER1,CLOCK
SIDM00519,-0.3738409005644543,-0.8384298043292333,-0.6108209551455152,0.8447003429351443,1.8801128510349205,0.09168428603698738,0.029317267529827624,-0.8453328836770357,-0.6767075413902904,0.9912631665647312,-0.7575084458388646,-0.26119685222700684
SIDM00917,-0.7463880287297304,-0.48833841460226823,-0.6348750028907862,0.5261718799723685,0.7622802914097492,-0.9744402831722331,1.4724265934304421,-0.3481514015436693,-0.25828014083923984,0.9694332878928931,-0.5331126941658254,-0.18047162003857836
SIDM00309,-0.6277942847927682,-0.5614354377365379,-0.804663361385567,1.0171581683758437,1.4615103083868137,-0.6505549342977152,1.0942270903988085,-0.35932762379620875,-0.6641698770433822,0.36714552334197503,-0.7654080570111748,0.4448276801377079
SIDM00099,-0.2930411955675013,-0.6809875748583594,-0.8389821257148845,0.7413537960323845,1.269663589607258,-0.5113113332944282,0.8686297624201124,-0.45026364390530327,-0.6056090174120381,1.358051101148111,-0.6963861184062649,0.0702539766530248
SIDM00276,-0.7127444734199948,-0.8081450185629033,-0.788193669886891,1.0732761580995103,1.2319743020877025,-0.6678647880707721,0.8567149262196132,-0.45524197346591744,-0.6980437868111047,0.7841491822823536,-0.675275847501403,-0.17228019845561143
SIDM00311,-0.4994366259186434,-0.7527207923159784,-0.8691319137607288,1.0753670951377123,1.2196328767222842,-0.6399142928569834,1.4663737118827336,-0.39634452320434316,-0.689275379470817,0.9114659477843828,-0.7410063470650778,-0.06752096267270236
SIDM00970,0.42583606651282463,-0.42060992694257227,-0.5078167797688148,0.7861285362205581,0.9692700217279568,0.20997561884354918,0.9275044919973068,-0.5513765336706371,-0.5863080837268988,1.2368092104696777,-0.8213312226155539,0.05144048979131081
SIDM00103,-0.1997705281435632,-0.8515641549641666,-0.8294840949420291,0.8873217579234678,1.2190963271363264,-0.8785809788998981,0.5676032335670702,-0.637596803288311,-0.5661984931572033,0.9926452604528566,-0.7970299815167012,-0.17063945713265607
SIDM00266,-0.760197233963839,-0.8055199199310197,-0.8738693715426079,0.21275394453509916,1.168334907620008,-0.9246062896697949,0.665748965945633,-0.4140819435035333,-0.39582602773714687,1.518758518838414,-0.5873322757056166,0.11814108805008645
SIDM01064,-0.7226405636881641,-0.8379778945432277,-0.8730970479770064,0.2734574673403089,1.207187543298849,-0.8618113886145676,1.9976609912531802,-0.5011388034202254,-0.4230443812450791,1.1933148754010534,-0.7450956252298216,-0.04623327174357074
SIDM00098,-0.6272356291942414,-0.355133624557808,-0.866197873053039,0.8793701404188626,1.7953866182033913,-0.8389527553016229,0.9053324813943946,-0.6024695250397131,-0.697110397910293,1.362370688348309,-0.8068348624954286,0.17801178160082495
SIDM00225,0.9579772914857196,-0.4983107911629828,-0.8289593910777893,0.7131763057173031,1.1715941966177494,-0.4073685761858222,0.5454544566650679,-0.7035323519228546,-0.6841684543028347,1.3867098067255363,-0.6702039914585116,0.019328835399060523
SIDM00846,-0.09802018199491612,-0.4367280201467121,-0.6434587257830716,0.821000478040949,1.250424597930268,-0.9213026750022172,0.955999895661128,-0.500163588200191,-0.7153421642142095,1.476214555647299,-0.5755734264464736,-0.1497411016510633
SIDM00291,1.1201493956319069,-0.424225066032408,-0.8674849293909862,0.9450078501147217,0.8707459522870399,-0.7251386086606151,1.5462712664070128,-0.05177339616097574,-0.4539273667303545,1.835642143414166,-0.6559963414619102,-0.29046012501226137
SIDM00520,-0.4831721354351317,-0.7778081900845105,-0.8021200981059535,0.7740798302277494,1.1930131944273155,-0.15503075998089988,0.877194012945981,-0.4832142662111621,-0.723475069201536,0.7409298384581166,-0.8036668269637479,0.17243949710745643
SIDM00003,0.5165515414186833,-0.48764963858688637,-0.8323568208738796,0.5889179859494614,1.1907455163574723,-0.859902224680774,0.6933441746598035,-0.603308026506117,-0.749477013924104,1.574797776327072,-0.7418741262411211,0.0560543455731583
SIDM00136,-0.31508484366805656,-0.7305778440498752,-0.5375532356116615,0.940730935058055,0.9390031340766702,0.7095903551539738,0.24866701619265488,-0.3313127661978059,-0.4247933344854616,0.9732404353857083,-0.7961119035265034,-0.040647952204983184
SIDM01155,-0.14679292708231656,-0.5794802116458531,-0.7746479686300703,0.7497011062312245,1.2880803514210166,-0.2983978138522761,0.8494311276177439,-0.4454211825910694,-0.6203351125225518,1.5657976591594578,-0.7548693042228126,0.11934156947504616
SIDM00224,-0.1752225931069238,-0.6828847766801568,-0.77100494893525,0.5353585627492301,1.3370684526929641,-0.5451137865527064,1.2336657272485454,-0.627915258883737,-0.7235523155094642,0.6270856944723058,-0.8543651165491688,-0.2368636488350494
SIDM00783,-0.1999219075755219,-0.7145484783755968,-0.6557925328540394,1.1018235779274421,1.126867126921034,-0.7523137080998085,0.5730197432960252,0.3110524924107199,-0.6193367708747126,1.3049699120206797,-0.6664997842158744,-0.2633850193533045
SIDM00490,0.12239092050761301,-0.6023995995190257,-0.5488956050190354,0.8032793130835941,0.9080617144097155,0.08519843113517601,1.1010833411154455,-0.3626611625316796,-0.497116118721795,1.7470851769861124,-0.4728448577255185,0.17772053847890745
SIDM01090,0.01956407697926994,-0.8845862217838062,-0.41169792185798443,1.0956386471394541,1.7317215938346255,-0.7748990153252909,1.225216770466811,-0.3721603579884954,-0.5469165308281339,1.5364257272032404,-0.7467312869963573,-0.309810190687339
SIDM00394,0.3879382760864159,-0.13341473692940903,-0.5712848575517155,0.9545821072720861,1.3052322273257901,-0.9052527645464455,1.5712908809710988,0.3796117810057027,-0.5851644906347101,2.1436272913389085,-0.5373626732494267,0.01843112502190496
SIDM00538,0.30549991212257976,-0.14055626874566624,-0.5966491565238665,1.6228427750143986,1.062244447446117,-0.8587683964355965,1.0621389478036298,0.6705177597647318,-0.38915074671866945,1.193921689549536,-0.19382913328319462,-0.00880058387024503
SIDM01140,-0.8308349025316523,-0.8773934481760608,-0.8299682923547566,0.3683783465242272,1.4370167278273474,-0.9638669318684486,0.06981925462571115,-0.5690870868807527,-0.506824150587864,1.6657503887484082,-0.7714509947855966,-0.16043049197591386
SIDM00101,-0.39365700725630004,-0.671465437225376,-0.8582274727603141,0.7475091905489062,1.4138877068380136,-0.4870923598714818,1.1920902883701128,-0.3838583929882542,-0.5721370854817375,1.0351317763921484,-0.8135852919507913,0.21174488153385826
SIDM00114,-0.09919085985927219,-0.5434021070473,-0.5330618577939331,0.9391569448997528,1.069296192958553,-0.226562159963106,0.6730111017525291,-0.38511258648688385,-0.6319625545623578,0.7570350164181407,-0.6889673613814319,0.36386688841419595
SIDM00102,-0.608704236781626,-0.6850216574263944,-0.8296069931386821,1.1930960512144608,1.2970590302541236,-0.6681578072194551,0.48800169256162895,-0.3682445823002234,-0.5191489196728429,1.154209919658139,-0.8480614611618272,-0.2369138549552396
SIDM01122,-0.7044813782645136,-0.2826107582868721,-0.7479048388692976,0.624065903667207,1.8852732706913116,-0.9026449338777827,0.48688424793755264,-0.4938332482319968,-0.4981951322158718,1.3259728214829292,-0.6487169995134106,0.12622327338733735
SIDM00261,-0.7893666970797231,-0.5026768212133274,-0.6048039290709517,1.0301277135015272,1.3172322640066587,-0.9845640509982134,-0.05960610614763811,-0.4453127470969265,-0.6324524487574547,0.968143659615708,-0.6576774168156123,0.08941040831487174
SIDM00154,-0.29248756043568724,-0.4923268095576607,-0.40363358447676867,1.0794890577081984,1.1901435341559423,-0.4264884553583845,2.332369107391746,-0.3498129889181068,-0.6083659768045564,1.3065311792766021,-0.5298494773959058,0.4140125429955969
SIDM00104,-0.2217107716385937,-0.35380299263442205,-0.8193591759130147,1.1505437222319344,1.552838015411217,-0.496911244747313,0.8665131180051898,0.03451425702230842,-0.7186161610747781,1.8361265513666178,-0.7866476328704989,0.09543042385095768
SIDM00267,-0.7167250819955566,-0.8402102443591863,-0.6178529035996062,0.25662583925167154,1.1755014894359228,-0.8665938498558899,0.822083835150642,-0.3705902095565055,-0.5827886042015751,1.0652769410341216,-0.7791560447198185,-0.22725466695735927
SIDM00100,-0.6854117254360425,-0.20928023109345584,-0.8002138937693126,1.2093675325634077,1.356581829863898,-0.7618020861815384,1.4698840452303434,-0.28937090276494193,-0.5582119757295646,0.9646443435037468,-0.6461921329960666,0.5878745016356939
SIDM00826,0.362636577703249,-0.5304997355685478,-0.3306412435114225,0.8445522098089172,1.205013572680834,-0.575521577784152,1.049838865103698,-0.33762903768643676,-0.577311940142677,0.6129793761288913,-0.7168405151147549,0.15644735623224743
SIDM00310,-0.505634292232688,-0.758446659423989,-0.8909715138776134,0.951224485468734,1.4657772178803616,-0.862777205191963,1.3331006738776108,-0.31850259602801084,-0.6136684102679019,1.1123182728537266,-0.7324115386991986,-0.24214351499042427
SIDM00482,-0.6498296213880794,-0.3903965519143985,-0.5372628194077335,0.6692878247215391,-0.6557535137498509,-0.832535901596765,0.6486871252781851,-0.42860595293663756,-0.40002013936589104,1.2134878934016353,-0.718375090770661,-0.03538150519802061
SIDM01247,-0.6899995404273049,-0.7568881408783067,-0.4867019645760409,0.3587455130455001,-0.8078970970914813,-0.884350752390607,-0.22123354121523708,-0.48387356349414834,-0.12974299691734448,1.5716313899131693,-0.6831636220122325,-0.24703659852335974
SIDM00817,-0.5826440899013056,-0.6313452128736567,-0.8736554706929185,0.45743071748012204,1.448005684741961,-0.4806851503535937,1.1298032338077553,-0.579381904402228,-0.5968786748504347,1.0664201619630307,-0.8470849478044277,-0.154862032044932
SIDM00448,-0.5808475872938677,-0.7534366495557796,-0.5774115421242734,0.525546201547882,-0.5246989318077134,-0.7869730271763704,0.43084225277202637,-0.2046934429581718,-0.4492113263935664,1.0824928297299703,-0.6441066483771369,-0.21745015215485752
SIDM00086,0.21681855067820724,-0.4966070333556072,-0.8951628606577884,0.7198939893673555,1.3126167946256566,-0.4043992983010984,1.3436762860704625,-0.3817122584813592,-0.7581742827743396,1.2047850228055275,-0.7283042574318828,-0.08459575691142383
SIDM00466,-0.22281694891924084,-0.22102207153617157,-0.5273377432695735,1.1436680966646953,1.1626549425295387,0.6862713742509448,0.1997270371404273,-0.585473501284553,-0.6161646561463643,0.4280500545106542,-0.8283717879713713,-0.2093441052657025
SIDM01132,-0.5621472532540693,-0.39642473429713665,-0.3148256711870437,0.7935914693824511,1.615510853310592,-0.7558240510403568,0.6445567438177178,-0.31638519004860727,-0.5521255376746079,1.4130692599211074,-0.6377041309493232,-0.24276925372316785
SIDM00465,0.5063165476781982,-0.6259536137154279,-0.8549982730355229,0.9341882224913268,0.8293197455508768,-0.8841391410916629,0.7213876592669337,-0.3648053425083579,-0.7157821875587325,1.1925151985286067,-0.8019132712634485,-0.009440777227540937
SIDM00565,-0.6778238850592914,-0.6856700431629698,-0.801730124714309,0.900070467077912,1.208977130917063,-0.8090053344112703,0.8190940260204386,-0.3519045306035852,-0.714180329200808,0.7269165584193107,-0.7875055467299822,-0.12025942148024343
SIDM01092,-0.6290803725162798,-0.802651151349416,-0.7419772037210005,0.5765105323374866,0.5909779916376782,-0.880474321326036,0.9341914652697468,-0.09828959934571466,-0.5167752016349049,1.1388348130266572,-0.733069455476671,-0.20910880419255953
SIDM00218,-0.5671404343879712,-0.6979870717813856,-0.8486022876881112,1.3914693483206206,1.9829410190436878,-0.5386235746203307,1.155850246259453,0.9609834682062627,-0.009558859987632274,1.9779680378674023,-0.3127641581290374,0.4008258094778885
SIDM00044,-0.3989320420265186,-0.42564118813001744,-0.7133770645919714,0.9622076862121302,1.3409636457349323,-0.6384200665072102,1.0535415249118008,-0.10548418977310908,-0.5990003885105496,1.0565578088872483,-0.828220038843417,-0.19282016346872033
SIDM00362,-0.5798290004545685,-0.45612481226489526,-0.5934135249615387,0.45159160769944157,-0.770633504756835,-0.8117673541098652,-0.4006692792077274,-0.2788355746404183,-0.464970061401887,1.5045722623653348,-0.7282607252316413,-0.28179179434526386
SIDM00813,-0.7681121680688686,-0.7975540436269153,-0.6495430326275552,0.38883199973118515,0.8474529824615123,-0.748547735981545,0.7231900430322767,-0.16683867492394067,-0.02589549933392626,-0.1498469023249929,-0.6226152011226337,-0.1487857035759548
SIDM00364,-0.2273528068106424,-0.4551388355973601,-0.5596414598677674,0.9343290918917048,1.7765795738994377,-0.8320703967036648,-0.01322746295364447,-0.37441979646526113,-0.3936235355710809,2.0129360967725196,-0.6662339195177723,-0.0948962713191243
SIDM00792,-0.7108564390944306,-0.7300747689173354,-0.8558361846673629,0.488891891247372,1.2339357580949333,-0.7517846063582815,0.2086894927120416,-0.3722406352191474,-0.5727255737076512,0.9595432846999752,-0.7939915125052055,-0.3036266601558003
SIDM00241,-0.6428087585455002,-0.38028909547672407,-0.5142951546871802,0.8910901129714288,1.5618995341061417,-0.8720047845911726,-0.18449228992217848,-0.5514086654078061,-0.5339127793609326,0.9726908501523053,-0.7380205982184366,0.1942786397250992
SIDM00091,-0.1626820953072795,-0.5113313929981301,-0.5522670091617051,0.8265332138837233,1.1175495124337238,-0.5360643265560363,0.6035024336436782,-0.4557052447976179,-0.6055466334594316,1.0334107675939939,-0.7497580113790837,-0.18066796876806876
SIDM00427,-0.19740423468083526,-0.5311424315738837,-0.8299841210951714,0.4871463190003643,1.4625321264405906,-0.8479742018146657,0.15785495326632668,-0.3543363033803531,-0.6455807415689118,1.569874677503113,-0.7164431222558112,-0.03924215494243815
SIDM00758,0.8879406760892087,-0.6552969214463156,-0.3856971909080582,1.1975859316707573,1.0181820108302795,-0.0807750139305945,1.232677433019776,-0.17887599399182602,-0.7404542227462244,1.4657422882217213,-0.7393020548691722,0.361484220198747
SIDM00612,-0.08942030845566264,-0.5669738153510137,-0.8232382163055778,0.8429453249642047,0.8055660398821769,-0.277107910475647,1.3031940850008472,-0.06347649966694298,-0.7056292146214113,1.49635372652313,-0.6936940034344208,0.26322301937640036
SIDM00553,-0.7062933637840789,-0.7684295844054599,-0.4943927990382308,0.5935665754455457,0.9070004208250143,-0.8704048431973695,-0.012995643620630699,-0.2523269723879889,-0.3485722703278532,0.6273477583184888,-0.7414565336660739,-0.2452523428374217
SIDM00343,-0.21932195498728713,-0.44477663613834,-0.7756515113754383,0.9042581738570019,1.052971141611516,-0.681208658808849,0.6554701563319845,-0.1622044621192128,-0.6535134345407836,1.4551287090606095,-0.7402341095506767,-0.07485164924767113
SIDM00543,0.3248100628691925,-0.7043825949956088,-0.8077271560918953,0.5829027958898924,1.4321663034368552,-0.6699922945364072,1.5389978186492117,-0.04197220855974949,-0.7260902243601375,1.1884454396899307,-0.6887761914516983,0.06995725925375686
SIDM00537,-0.41381019816680725,-0.31170813035984374,-0.5682016612335528,0.7386243306103925,1.3670937259687697,-0.9574395999473915,-0.013582122249765764,-0.4942909660753552,-0.6099444752991597,0.9952141571476997,-0.762845874634139,-0.26168357529002434
SIDM00332,-0.5149956517017764,-0.7174112350835053,-0.5709263543893627,0.1479810649353893,0.8385946532243238,-0.7325495059012993,0.52048958997352,-0.5740773028766146,-0.4420295917619798,0.9242046826074052,-0.61267299946753,-0.16334850375056964
SIDM00299,-0.07540008670706491,-0.7629126544548582,-0.8380068826155014,0.9689479729512652,1.023992876884833,-0.9263697141237586,0.8712428844360196,-0.49654080982931287,-0.5488203879300656,1.2251359417996215,-0.7978621888624271,0.09114829622887957
SIDM00308,-0.707331287040764,-0.30996044002904627,-0.738091443595331,0.8147026869866892,1.1623956545699317,-0.8790190017565732,0.1659442975992553,-0.5232598055307733,-0.619869104145987,0.631167834576521,-0.6333476621928676,0.05582011352112855
SIDM00227,0.3570103566339806,-0.7602163258213811,-0.7662972756908442,0.6079498878638443,0.9229011033400727,-0.4178566581863929,1.476744666152546,-0.4209231585843332,-0.694644913515244,1.4525081187902193,-0.5924832406394731,-0.07377162189909725
SIDM00294,-0.7583069745938297,-0.4062546346072669,-0.6156355079753255,0.29534523399786056,1.2764211573561457,-0.8890370632610867,-0.3472306574924063,-0.5141736916979203,-0.5401841866440247,1.8298504958605162,-0.6902327990903838,0.0708548056804586
SIDM00677,-0.35965303087541944,-0.7980229085126758,-0.5510998811315234,0.4437862845664428,0.7905942292948331,-0.821302653135727,0.1378870937783501,-0.17591243012533853,-0.560849713205452,0.8280096023388919,-0.7166467836271037,0.7491268771070057
SIDM01220,0.3448828688845291,-0.5321091144356493,-0.8451756700211389,0.8255332427425593,1.1099174614165441,0.5862956272217648,0.6034366866884461,-0.25987604892171223,-0.797567943827503,1.1945917011201594,-0.8151412018673272,0.14486077575550546
SIDM01259,-0.7141994005723815,-0.8594132969575405,-0.539312045304627,0.5414937989091182,-0.9202535594417637,-0.3170105475565413,1.0531001563465958,-0.5270011264009099,-0.4123141468728249,1.0592636333600776,-0.5539409896531609,-0.049139360758190115
SIDM00680,0.1695512056877621,-0.7549029237708913,-0.5047455446455983,0.9238986998434261,1.5551943968648705,-0.6969780557794146,0.5094620409144716,-0.5038846613533543,-0.5216654744166703,1.1889916557658453,-0.8018159067549117,-0.19264142216452332
SIDM00346,-0.6897866550185326,-0.8925071233280203,-0.5805976373837725,0.8542277194051043,0.5531004811123251,-0.8780469601250724,0.4666866425651529,-0.2935703378999131,-0.5948320236526196,1.220582766767797,-0.6480717567660269,-0.20698699374974708
SIDM00129,1.19393625764901,-0.6430801895515281,-0.6687537982711351,1.343421507088919,1.1327534695993788,-0.42082692406052036,1.4127136399819549,-0.24883024984658095,-0.45653825759025285,1.8639940774577275,-0.5710235652500301,-0.4429933051464921
SIDM00627,-0.2180943311759584,-0.4777471185298086,-0.763321812071274,0.4215081504108159,0.9258251067710881,-0.8382281074058509,1.0042804927830462,-0.4085694513274457,-0.5607735888896396,0.5454430423006934,-0.6992132856531078,-0.300432320928183
SIDM00293,-0.6687939467593681,-0.7667319129145287,-0.8395059806539228,0.6689417658517532,1.1525991421250774,-0.9247207958229962,-0.26528407648027064,-0.2642784906111785,-0.6345206960162854,1.567514468552056,-0.7842338683905642,0.03300485280936109
SIDM00274,-0.3299361821338613,-0.7210214784545752,-0.8913493143726177,0.892803242619459,1.0157011535765006,-0.857566765383375,0.03261564052579746,-0.4937912289671143,-0.6708861518054383,0.5901093828746048,-0.6282807204058197,-0.07113402950154539
SIDM00544,-0.6783025854085812,-0.7586023355678635,-0.8380729830635555,0.4384430967477608,1.5055936678477104,-0.8130905052580725,-0.6131193154927146,-0.5166666307318333,-0.6187962347069673,1.4999355784407682,-0.5670891906625889,-0.18164043000549432
SIDM01006,-0.5820402636109386,-0.7197867788826142,-0.617420673375571,0.3530327313314758,1.2931765306098277,-0.1882750917615082,0.6609077132661728,-0.3930106775384607,-0.3655751134841504,0.762549870295021,-0.6802286448786136,-0.2515793441660927
SIDM00302,-0.7070802819862687,-0.5528531094157955,-0.7599951226529198,0.8441033009446324,1.2635873581113675,-0.6611747379055225,0.8531680346184904,-0.3117386642108382,-0.6321560516875646,1.1856953159442216,-0.7661943791818252,0.41875126642493565
SIDM00549,-0.4614440497822611,0.245512399935847,-0.5320131817500952,0.3836602204967882,1.4488429535790777,-0.9627003783584853,-0.3370656536776047,-0.32010863759359115,-0.5277763308684197,1.68549737469647,-0.5768643740686739,-0.07269427938258678
SIDM00292,-0.7169123339930746,0.8981902854101551,-0.522944010815929,0.6311815864629449,2.2671291780617477,-0.9115821663673678,0.4478599718501551,-0.45926314381706707,-0.45026736854586463,1.1545446047414185,-0.7532774584494576,0.17070617725766177
SIDM00623,0.17573566309048994,-0.32652192456111223,-0.7670260183545612,0.4699982790480537,1.4652398850652892,-0.8993284519800593,1.2751892556878932,-0.507578518428957,-0.350475288998888,1.821949381497365,-0.5605638597002585,-0.13935087542162242
SIDM00638,-0.07158406710132621,-0.832604370809213,-0.8178752972829576,0.8307633368263141,1.6905377199769946,-0.7990008632989558,0.38197085445619505,-0.40205889415656976,-0.7066780645577428,1.7121973235855463,-0.5100311037447947,-0.15525803115796882
SIDM00527,0.06364786133389326,-0.5757933852598831,-0.8012503282458664,0.5619775649730825,0.9562192250288107,-0.3615048010498083,0.7268089703338899,-0.4019048834474588,-0.5900013783744961,1.6194629769505033,-0.8080912199786984,-0.19053456133103702
SIDM00976,0.31563835806272694,-0.6473641390784592,-0.7307154985879928,0.9637037152606459,0.9618592739797469,-0.884873273482,0.7745432787189921,-0.21330639260341688,-0.6113662523316324,1.393878319158137,-0.6604704243568535,0.018521939021385932
SIDM00316,-0.27071345162812677,-0.7220735631717741,-0.7584558472646087,0.6399855512561725,1.1171814600249776,-0.7478888750641542,0.8327101342101452,-0.4208950210268428,-0.6282628646319508,1.4536168003327594,-0.7151874670294219,-0.0846714775350366
SIDM00326,-0.6901930027386552,-0.5422358321013012,-0.8605816734557459,0.5657968442826031,1.1538259191291456,-0.8397205675402811,1.098933579205043,-0.33965110139284593,-0.48300481676959794,1.508511366449749,-0.7496800738038544,-0.4118087730411691
SIDM01093,-0.6535843587343703,-0.3265371713877285,-0.8237398660500264,1.15086199606808,1.5331305645879971,-0.8637198962782331,1.4279119114623957,-0.3708572150682969,-0.5598503144514445,1.4060557512710643,-0.7601290416439908,-0.048222759050401076
SIDM01098,-0.5004550003631671,-0.5252449030838356,-0.908811678528718,0.6904826384795368,0.5843226822938417,-0.8649321016410422,0.05862861489728364,-0.18074944428387288,-0.5912509094611886,1.2717235437359993,-0.694203735796869,-0.4076194213492902
SIDM00424,-0.6476409897972014,-0.6695715489600853,-0.5217079843496332,0.4033778806760923,0.5842919554010532,-0.8767106642152591,-0.47424923364729316,-0.6012320303564469,-0.5767270946090681,1.4245181940790161,-0.7786662868460655,-0.35865430631994005
SIDM00973,0.10797776082608558,-0.17652828292875078,-0.45143751068247406,0.5290014557606406,1.8639980358898824,-0.5742220594992782,0.24853333102650993,0.9927485303464112,-0.21601885135167753,1.6804902931520664,-0.37248514183260606,0.0790546430157898
SIDM00411,0.2262142042395175,-0.7687966446663385,-0.6219756377868793,0.7893391255677303,0.9003688513694478,-0.8894045456836576,0.6754323913661269,-0.3431529283443731,-0.741441693426831,0.8053911819251419,-0.8595882476480029,-0.03215670073892679
SIDM00374,-0.6032527844639753,-0.8278634955912856,-0.5813766892257936,0.47387988963268457,1.1586687962513864,-0.9877760309919124,0.5579768257159223,-0.27457881741069007,-0.6486696029426173,1.0733429473007088,-0.6016359093279072,-0.3035537399258602
SIDM01160,0.028665016813182002,-0.8150759901843498,-0.67390982795034,0.7241917224928631,0.9794368148966694,-0.4053946066363031,0.9126268799171199,-0.2988235290918813,-0.4987928925770808,0.8115911422504863,-0.8155539338099982,-0.1385106329500369
SIDM00145,-0.6619030829844812,-0.43253368806058873,-0.5258855521883503,0.4487540573305666,1.7898329777476276,-0.8489597865610188,-0.3211864027910885,-0.3581004733469024,-0.5569866902982303,1.140369425451037,-0.6257748907107938,-0.2894814764549695
SIDM00975,0.5339884484913893,-0.502708947694354,-0.7684841886763996,0.5387886408327804,0.9765827662092058,-0.6124734229298127,-0.23185299572615753,-0.30993961044658835,-0.5901920565160009,1.7481858269579307,-0.7691377220072458,-0.03889465544051605
SIDM00971,-0.43753393626286535,-0.4044724899894232,-0.5573987655519496,0.6153390176031295,1.0757357567775012,-0.8411158138391605,0.8461308482197747,-0.160669148775373,-0.44416705914769145,1.2244148769824637,-0.7588333772827165,0.10807144038364203
SIDM00251,-0.3308219812134308,-0.6242040120525111,-0.6468959129761156,0.6802642942273928,1.1697941179160392,0.015525325926165992,0.7053164740133012,-0.33855425771630976,-0.5924161483280039,1.1283980443286628,-0.7565900305056521,0.15838314105960666
SIDM00412,-0.6796951887076561,-0.7074770516068728,-0.5728144314338008,0.7711404648116924,-0.5950144315789191,-0.8601590700512423,-0.5434281174715311,-0.4273926386802517,-0.5679716690608616,1.2533159193266623,-0.7785471564046607,-0.4054095901750128
SIDM00023,-0.6607248145307911,-0.42155100488906566,-0.653863490410632,0.9929800960716708,0.8688545760871574,-0.7238274436735341,0.04544512521649457,-0.496855041824516,-0.6461433509364258,1.1278382944194998,-0.7953620839866606,-0.271236317868818
SIDM01198,-0.22812819826116315,-0.18740575963566183,-0.6295563320076468,0.19760381256021992,-0.7765387234348919,-0.9166843050819788,0.6495221937252068,-0.4224802151089008,-0.4776078712301345,1.2685252744045366,-0.7079869635704766,-0.012898334476504143
SIDM00441,-0.7053641488187657,-0.48049737921000796,-0.564307533646402,0.5503850220150316,1.423225015224084,-0.647340412937918,0.5568738833686923,-0.3608029829849258,-0.5769963202977122,1.1517028507500504,-0.7545758615283165,-0.1881322434592871
SIDM00388,-0.677309255552185,-0.27845094916143676,-0.5501745062836338,0.10564780562358142,-0.7903343420776382,-0.797293867265885,-0.055334588711918535,-0.3755667875863745,-0.37069390959234383,1.4660681074896131,-0.5707995585056461,-0.35170114999620367
SIDM00417,-0.616805482784712,-0.7850851194399076,-0.8546896475049204,0.3377257492559664,1.563923689169436,-0.4263293392139234,1.456127301184047,0.39888781457783545,-0.4908132247130627,1.246661508499282,-0.6738831377515857,-0.21087718812391779
SIDM00416,-0.639543028231514,-0.7414309824720052,-0.7674918532159617,0.32204234893019107,-0.5273213834523701,-0.902371237604161,-0.5223138057698945,-0.30614944132553223,-0.4622009386911006,1.5509312451186414,-0.7388857616183849,-0.2985947580701154
SIDM00974,0.26874107952771,-0.6023055490994537,-0.7828461794442345,0.3592408073021259,0.8552902745772778,-0.18522332725138482,1.330490410722378,-0.3819526133413116,-0.6609890137536201,1.5142296430856852,-0.7973611589331059,-0.2419896827547559
SIDM00833,-0.20061379645930216,-0.6963334209015984,-0.6540707219858795,0.8402701896969111,1.0454814765767808,-0.6511270116631381,0.5609979674506069,0.11847105906727715,-0.6406896650719808,0.7355123983977399,-0.74087287911471,0.06317514169392655
SIDM00562,-0.6945241156477248,-0.4320751044691323,-0.6703502487349556,0.3543903333955454,0.9792838247845252,-0.9197230739050837,-0.5344267739310157,-0.44310379119692567,-0.6980945777862043,0.16444679890149738,-0.7228321327753446,0.48043770519185663
SIDM01102,-0.6546025224608784,-0.4667523921733898,-0.5347494775763018,0.38133289575747303,-0.9451844625988042,-0.8728677900529981,0.5156719724255917,-0.2788657316357164,-0.08310234849228929,1.0776048486993257,-0.5709858521868709,-0.08171162459573054
SIDM00418,0.48393194515911947,-0.45933320728199195,-0.714887575646652,0.9311543997454773,1.1745923959421574,-0.8678996850509192,1.57889603174904,-0.2608726371563862,-0.6313533795433265,1.3019964227165128,-0.7818165450999062,-0.11862266478095264
SIDM00841,-0.08436051022469182,-0.8554340756454296,-0.47448265500614845,1.1975121466521579,0.8772874496928822,-0.6614336944315246,0.6707541716956343,-0.07110643438016127,-0.6316374523406709,1.7259273186053181,-0.7922937028664274,-0.4637310070801067
SIDM00260,-0.25608143703632896,0.2021987435681057,-0.6529263797906534,0.6343649613678695,1.4054872162918004,-0.8416873070127009,0.7903414828936205,-0.21832731085159995,-0.5995210918018848,1.3484438118282738,-0.6485834144561579,0.15069577702971956
SIDM00111,-0.22362570100737886,-0.3834364994015721,-0.6695991087443401,0.9099784590235964,1.3202922343333565,-0.5668179392120183,1.4481986653260175,-0.15853597804637806,-0.6937659032946351,1.513735851606054,-0.7439826174106962,0.09546764131784845
SIDM01179,-0.729622731456318,-0.7863445024283752,-0.9119716573681728,1.0800894912448504,1.1176254254627909,-0.6343467668476221,0.6137937861455696,-0.4269082699725405,-0.5595927242591554,1.0293693979268508,-0.6826036751152571,-0.1515837055698324
SIDM00351,-0.5308548887405667,-0.802025051631154,-0.5512739014413162,1.0852401756934198,1.245286380419915,-0.608089266326456,0.521952809610495,-0.49946509561482966,-0.5720000742386927,1.2232817311912842,-0.7728441490072407,-0.09726201556232564
SIDM01205,-0.6962339270165568,-0.1937492872716862,-0.5489308015791784,0.7505911192645096,0.9629902744097644,-0.643801005422291,0.6255501566631443,-0.49966396605285696,-0.4738898495858542,0.8256310731910173,-0.6497050867607208,-0.3660475045873471
SIDM01095,-0.7180692967512002,-0.6796969035825686,-0.6629724418115713,1.057013892896668,1.7053912269208231,-0.6099139617016689,-0.2794501538331938,-0.3241811837484941,-0.6270274421363695,1.9099117306401192,-0.8071330942419135,0.445523508563823
SIDM01159,-0.3154126916865574,-0.44611017636318856,-0.6555861043609309,0.8426491596485568,1.0464947021069317,-0.7230613919282345,0.48950980298544533,-0.46147688619835586,-0.6597198149933312,1.1915547647877582,-0.7830326681521005,-0.13507656389378195
SIDM01183,-0.6679162233258215,-0.8253860500654149,-0.6796286705551174,0.4403347891370218,0.9042460849898547,-0.5883411981343496,0.4551938644471721,-0.5249750157071431,-0.728149593625299,0.8288185284280453,-0.6874868238283042,-0.3896285289913839
SIDM00328,-0.6755088079875874,-0.4276410425770361,-0.5782794916216915,0.40873239902715314,0.940834196844675,-0.8896610516255522,0.22567860477421334,-0.35878717950485145,-0.6901875025196987,0.6649794986862095,-0.7466796809786661,-0.06061149604764479
SIDM00389,-0.6013571308593576,-0.022749287171479376,-0.3769766159828902,0.3739232414813192,-0.8142814218608866,-0.8243662758587422,-0.43302588374576173,-0.4370400971638824,-0.6933306034369802,0.6863541047963032,-0.694732470576995,-0.32042352947976005
SIDM00489,-0.7181995178598234,-0.6130515267274321,-0.6115345904335653,0.7488355119533058,1.3192843700327057,-0.6062814734941885,1.9397314191614246,-0.2254911878556838,-0.6193039341092254,1.398891308859087,-0.6550026279427972,-0.4756149225459962
SIDM00953,-0.7188074324616167,-0.7166308953086993,-0.5892566215298538,0.2875115280038644,1.2207197534824639,-0.88381740086239,-0.0540392046103462,-0.221081181771386,-0.5118324062636864,1.983001176845799,-0.643780102682066,-0.17369429161011204
SIDM01245,-0.7145454677509623,-0.7658771690136319,-0.7227733374668451,0.5451721179759367,2.0008613904074863,-0.8345636498634509,0.366120796903341,-0.446840190134682,-0.43265715887558726,1.058624621229012,-0.43971373443186973,-0.4064329561114308
SIDM00929,-0.7058088018903095,-0.26406455423425745,-0.803871688096549,0.6941855587296204,1.0258044975659786,-0.6862879086725154,1.1314236791959953,-0.01167373484734829,-0.579568021341682,1.7458337683580119,-0.6292949426317503,0.6375677449915339
SIDM00732,-0.05949159730684742,-0.4459531017414021,-0.7421087811626669,1.0465438082106688,1.2090200181465922,-0.7273241786284581,1.1380627265639454,-0.5699759983869245,-0.704348133718708,1.8758757113972555,-0.6262417687553562,-0.11600321447870321
SIDM01047,-0.7124358300878415,-0.6638657120379291,-0.5885344793959114,0.8051114440262439,1.119302794691924,-0.8325965025158594,-0.06117200516459411,-0.3514777664110503,-0.5178331211588466,1.4763851679099678,-0.7254561269746237,-0.06547095752982424
SIDM01229,-0.711994101368051,-0.5049604255543808,-0.648749874913682,0.2275991156980527,1.551879942092974,-0.8644286461966136,-0.13186730512340197,0.0550632298274114,-0.4929330834708079,1.952020979453431,-0.6661043159264184,0.0036889908665725074
SIDM00540,-0.4596548629689806,-0.43188394960080806,-0.6222409186785494,0.8570498646684528,0.957181371628226,-0.6991830450415195,1.0655162579998676,-0.2521269838455478,-0.5338525368038136,1.5521287522984388,-0.6008446116379885,0.008053490286769984
SIDM00264,-0.031636956150175095,-0.6802053947921396,-0.7802122122048957,0.7629192541797293,1.317639772000925,-0.5592819583709825,0.17045996397776805,-0.4326003646289888,-0.674784292310943,1.2945351734048518,-0.699691561968069,0.014115813247062263
SIDM00842,-0.6577834112036793,-0.5886120555260865,-0.6364699170097464,0.4991072085589425,2.0997978897646736,-0.8475932792297092,0.6786684220402572,-0.17220997032255156,-0.532245777190659,1.8463114460846481,-0.6845447587164545,-0.18348832459211853
SIDM00923,-0.6630884781797138,-0.38650757947294606,-0.7971877142348367,0.9261416084897359,1.0490330775089722,-0.8196761263148654,0.744130067078477,-0.39894517654349637,-0.5638112349493212,0.9926016310595946,-0.7195266789356659,-0.11258524016748807
SIDM00120,-0.5864684678049837,-0.6942813078739788,-0.88736920944344,1.01906091041301,0.7174012194683431,-0.9205510664545342,0.14860565222245262,-0.4903495992640528,-0.6383472931813856,1.4422818470977712,-0.78925528138723,0.13720754097076943
SIDM00900,-0.650862789742744,-0.7769099478272351,-0.7400750535786711,0.504083046670874,1.4472371258836771,-0.8917892359972862,0.6209271630147272,-0.2978456682091398,-0.589770532235009,1.2317830341339078,-0.7072668510363498,-0.1413828795797772
SIDM00962,-0.7452291174082639,-0.7204945160980564,-0.4173269437762822,0.3436966833190342,1.5488545852668953,-0.8952149164152309,-0.28387471016677873,-0.458281901618418,-0.6347282441558914,1.4714859607622814,-0.5879411677265859,-0.31633555434095373
SIDM00889,-0.5722270935660654,-0.5252984225076398,-0.6307841479127515,0.6821270285035599,1.6905361091500244,-0.8636311949046717,0.14073720087448824,-0.43067279017986004,-0.517832622848842,1.67532214619461,-0.6724862252002378,0.20545414055843605
SIDM00864,-0.7639829043734312,-0.08491768326013055,-0.8876650102728144,0.7020005052492867,1.4992993206254468,-0.9636811640103957,1.2245477138233083,-0.39864878623158695,-0.6519556132786567,1.2487927490522295,-0.7433846023302235,0.15434662469022475
SIDM00233,-0.7141832719892337,-0.33257815893558124,-0.8583781061387857,0.4334999797180268,1.0102906709719601,-0.8289592815367262,2.0015502529259668,-0.497272491468864,-0.657976618164116,1.0253109333776529,-0.6946050457377164,-0.20838531791709086
SIDM01233,-0.7126874341914486,-0.24593893756880125,-0.8319748499258676,0.5025541617881292,1.1874819194396367,-0.9290138481421936,0.04830739181549203,-0.45260594121532344,-0.5676287690089759,0.5943415573032763,-0.8024384559542465,-0.18909650554882879
SIDM00964,-0.6226047899106191,-0.7426301694286871,-0.7603967661195769,0.7701260638739047,1.2593462545535996,-0.8748988739830459,1.0245481125762306,-0.47108573168273304,-0.6808268741176214,1.02801015622616,-0.711310624917211,-0.13243332063723642
SIDM00196,-0.7433317545464682,-0.7950502936667725,-0.8120280989166067,0.13956101962716702,1.8362781663525771,-0.9208014400752789,-0.7651151782311857,-0.5035398923540593,-0.6422520167576866,1.6341367668880977,-0.6656575381375444,0.004766264234619318
SIDM00287,-0.6600580883501808,-0.8172905130754311,-0.5545719901708533,0.15430618864446868,-0.7175523126215463,-0.4248439036937752,0.17693715098190974,-0.506807568754933,-0.40822867263808654,1.512331835549158,-0.8050580568978786,-0.20425125763690496
SIDM00501,-0.7067431812869094,-0.7449044230071414,-0.6980518071287071,1.1407568887229358,0.97932133064191,-0.8331484325508108,0.9923412124944013,-0.39088640048449597,-0.7042120423640859,0.8904298273600345,-0.8362518558498673,-0.21956353823724448
SIDM01237,0.43930839328339544,-0.7951926709770113,-0.5294990078311389,1.2184965481948145,1.4093644103843839,-0.8567438085149702,-0.3700623122044123,0.12724844063719723,-0.5511253489973187,1.1588990754765303,-0.7169697156959945,-0.0734415091735301
SIDM01228,-0.49050194597589536,-0.7152561011549949,-0.840696586415209,0.5307196785654795,1.1234076078731743,-0.9112426740031478,-0.24436931941815593,-0.6156796671188964,-0.6621327040017262,1.9998268079194763,-0.8163506643235927,-0.007872439750634291
SIDM00935,-0.6808451116473864,-0.30766965383060557,-0.5032103367671276,1.0711428471524556,1.1913293174573878,-0.43011311771948396,1.9259882673776425,-0.08783683774605493,-0.5471018578051753,1.1863455870362076,-0.7254761564627059,0.01379371750883524
SIDM00954,0.05563332989383934,-0.37721237587479134,-0.84553211623081,0.30092278250895815,1.829714703881273,-0.7903853429515265,0.19426478969909936,-0.5661494676524906,-0.5584727667453793,1.862232612140881,-0.8064416788646264,0.044901577674176504
SIDM00951,-0.6758983955684859,-0.7458818508010855,-0.47978891096276516,0.5921933000482608,1.6270137744326503,-0.8559351920584829,1.230439573889939,-0.33906631290759476,-0.5530469292942274,0.8028447712106046,-0.6209646554797592,-0.24243705422441594
SIDM00948,-0.6569000130172786,-0.8014477860369392,-0.5166158563793238,0.697372849005235,-0.8520419322611054,-0.8728075661556495,-0.2842217864473265,-0.30144191922314134,-0.4626443623787236,1.277151262755419,-0.503825042136744,-0.20613162295888418
SIDM00203,-0.7770089035007542,-0.7486497608058694,-0.8546388860628876,0.48575795114776943,1.563661822491719,-0.9650257738259487,-0.701530227346457,-0.5483548353905823,-0.659245672137249,1.4630668870941332,-0.6473869033104571,-0.11463628221976584
SIDM00896,-0.6340458126982211,-0.49976637091933285,-0.5147900872996141,0.6637754207765124,1.258943165739129,-0.8676084340556731,1.1590306187793975,-0.4459158782637163,-0.3929281156559402,1.0348608500315448,-0.730613437864846,0.057031471350610916
SIDM00285,-0.7249473589337011,-0.7004812270313936,-0.6443413788484823,0.4397741579099278,1.1087836087304124,-0.8377695332378934,0.29429973072418225,-0.43778179498679715,-0.7060888176019641,2.1735581863125164,-0.6581803862395287,-0.20615243152172133
SIDM00930,-0.12003823456086148,-0.3628885291854156,-0.6653408560114047,0.9853596013115952,1.511295846947337,-0.5261729161321893,0.5494116078236452,-0.1520694026575421,-0.6707465919891175,1.3794388974432559,-0.7472172308603124,0.33283896286799397
SIDM00205,-0.7411917067004529,-0.7595104602204812,-0.8271498021021885,0.3360039964258059,1.7192397771545356,-0.745538408247972,-0.424946411682702,-0.6594539392582421,-0.5286851071351132,1.6870030789634411,-0.569696593811281,-0.11176598685838003
SIDM00535,1.186385463988694,-0.588502855121307,0.11120120652243844,0.3147951294614554,1.8090887452722013,-0.8714537325782163,-0.42610653263066267,-0.4423632375244632,-0.25540442282864184,1.4638297124107729,-0.5436129819642932,0.20978629413216104
SIDM01175,-0.5652292660120697,-0.15382711078645595,-0.857018826758769,0.616708458046502,1.10006288140068,-0.40536119988097613,0.2601969634345408,-0.11713767081409938,-0.6764257787456608,1.629216728052593,-0.6596600934341839,0.38286466041038664
SIDM00832,-0.005783016035756797,-0.785692414485472,-0.3620961232791907,0.5537722743379463,0.5052211551496736,-0.6698269666721243,-0.4046271523330974,-0.3804841834642452,-0.29405989763561996,1.018316229642335,-0.7992387072491275,-0.13371372970145112
SIDM00528,-0.61352092446666,0.03472520122338382,-0.5544429561143147,0.548065196142794,1.2962933969956194,-0.42957285124528505,-0.5994899657306374,-0.4452599460183459,-0.5859056401832874,1.0598860143828273,-0.8541731226165825,0.07342470647293169
SIDM00371,0.10284399120177803,-0.702542914363073,-0.6799591080168524,0.5524289643796331,0.7575767548104773,-0.9138325092921031,0.8678389989298404,-0.15933011732330896,-0.5592353466833101,1.1150004924122152,-0.7923069598031113,-0.01777861699702445
SIDM00688,-0.705135654811542,-0.8526158544381403,-0.455550983028293,0.5805703542201844,-0.7846056215135532,-0.8775783327204988,-0.07188333000131855,-0.12981811928875323,-0.33311400523833784,0.7814017492555674,-0.706283544458147,-0.09028279787014248
SIDM00583,0.4754016451674712,-0.5996413802296967,-0.7785919823420312,1.2432569622932863,1.3751157307867676,-0.2414312749380308,0.604925980515036,-0.33225101625118464,-0.5631092835130532,1.030995983703837,-0.7809529839530882,0.06871843809841177
SIDM00188,-0.5901479039266171,-0.7339796013886344,-0.8396132812671535,0.8251664647291587,1.5412995437854593,-0.6367952967257984,0.9594536989515431,-0.45504200729792865,-0.6337601134462533,0.8137087470064702,-0.7513272547629354,0.06829270115191739
SIDM00096,-0.6693203855429627,-0.5632307076769154,-0.7717645660275702,0.810171456853873,1.2970335957695194,-0.8943286279294212,1.6850617826228922,-0.2879606604330336,-0.6482528162921406,1.1148044056733102,-0.7475517701264192,-0.11988711177735546
SIDM00379,-0.3917402179302325,-0.2476484442855274,-0.8147865305497872,0.42090385935257024,1.2116362241906418,-0.25673283820457987,0.5475832061336141,-0.3403008168204308,-0.7150552927791182,1.0253857432361302,-0.8082357209247782,0.039014347933229866
SIDM00381,-0.5206479721241003,-0.35871762186282924,-0.38430617588013444,0.5654502877283967,1.1945300509358154,-0.8815973483382926,1.7842735329138921,-0.33818847247354106,-0.6023213380577918,1.8477389958650918,-0.5991821822300504,-0.1331156370155678
SIDM00606,-0.1503030686735471,-0.044969364202766475,-0.5512140445356049,0.818854603053895,0.6508916647434067,-0.8823140545748388,0.5168704148041879,-0.10059672729633146,-0.5315336388469394,0.9961182519193609,-0.6174666481542609,-0.11057236069474569
SIDM00541,-0.24479277462704524,-0.8462746628516257,-0.3747532129019356,0.5338033588224911,1.0702999229173211,-0.9042538938822773,0.15494186447966368,-0.16891742867103948,-0.49286651583601,0.6823389402020401,-0.8295967404269434,-0.08105179176673112
SIDM00808,-0.7217272492557066,-0.3701560586712506,-0.7704627253173988,0.6045254523387129,-0.7717671269295593,-0.9414374706863643,0.41320495796024637,-0.5815424001519474,-0.2675732248550653,0.9845901552773498,-0.6621033775476352,-0.012257859025061652
SIDM00377,0.11989971048652051,-0.7383173860066031,-0.8346932122483178,1.0911289153423258,1.4805395274926938,-0.22946277124467515,1.4075399382736757,-0.18149368260606813,-0.5685415964196711,0.9496657326542903,-0.7601523708061707,0.005112196402836192
SIDM00289,-0.7501840025236081,-0.7923021249932741,-0.48131715274171516,0.29624893099379696,1.6820105609529128,-0.9255573004986258,-0.3615643166916701,-0.5199194051631496,-0.3782274337464566,1.3868974933717944,-0.7549335149894888,-0.055482313177809446
SIDM00064,-0.7374562139139467,-0.6417694609490341,-0.9279839448508008,1.2003669252806743,1.3982182670378092,-0.5491911789772523,0.603151991204759,-0.4643666697579185,-0.6026817692164819,0.9352417649475252,-0.6929973971581199,-0.02718209158960482
SIDM01097,-0.7677674379485098,-0.4275325959672401,-0.7550649175362776,0.1660344469486812,1.1547152559171852,-0.9584539410173226,-0.41731653803514346,-0.13747075423367208,-0.5991735614149114,1.7083499733234353,-0.8797717571116307,0.16747831533577937
SIDM00350,-0.6915379213817592,-0.4554237901483362,-0.6968890306998103,0.7354327411490948,0.7634140249813561,-0.7635108478309482,-0.3339528533897116,-0.5342018337783654,-0.5437127652718567,0.6269973582692565,-0.6316021315300637,-0.27961786622971924
SIDM01163,0.15634151407884936,-0.753408815055371,-0.6824001238334901,0.6923492931327929,1.2897916204206816,-0.9269789463010416,0.35216821861028696,-0.005960097127293971,-0.6566527509742414,0.9174588355344019,-0.6285787374521745,-0.22607085973827987
SIDM00375,-0.7503508899262736,-0.544163572314597,-0.7948126965378599,0.9686139414753636,1.0119776398703118,-0.9540490571645696,1.4723677414988763,-0.3188561711113658,-0.465458715347588,0.8777916041698223,-0.6450195095658301,0.21961128989101633
SIDM00600,0.3895580096495414,-0.8548958796445982,-0.7291236000696544,0.9546496440264793,0.7797821810128585,-0.6983437308292295,0.6688544168794719,-0.3321742994323472,-0.6145849464626446,1.7703904710430567,-0.6270787152748375,-0.17824187592475677
SIDM00367,-0.7110119338013087,-0.7588352882388442,-0.6304998561819538,0.7379706112914723,1.2115072753075393,-0.9565462586887334,-0.5067125995573915,-0.4385416426249108,-0.6136368228185757,1.4210426628897175,-0.6958682031978775,-0.08798466922536766
SIDM00632,-0.6799621006948807,-0.8104669151617991,-0.4929603148606569,0.6530477846494153,1.044179457396952,-0.9461121121470121,1.0018482151968184,-0.4613949620933323,-0.3903885072639428,1.4487994465271765,-0.5083608491388935,-0.19822252201015586
SIDM00550,-0.1805612948768977,-0.5108634333576654,-0.8042394664654565,0.6392413354668851,0.9049823121646735,-0.8275140083728197,0.8294994999045892,-0.20152672515800651,-0.7260230501341869,1.123652788065385,-0.7477836183253981,-0.5164379395958597
SIDM00230,-0.7550370501012512,-0.22700942477144453,-0.7086039180532441,0.2299020495994389,1.4328715208161567,-0.9260757650679224,-0.41215498738024103,-0.4727360394725117,-0.5370241920252838,1.331086850220342,-0.7542239551889809,0.1449820745828758
SIDM01206,-0.7433139364758977,-0.7871505140403403,-0.7183973503980988,0.5530937722671636,1.48307592354009,-0.9195991693200096,-0.5177592500296664,-0.5528793518200931,-0.47887967052891506,1.7964018678888773,-0.6005963797057503,-0.18302248543993294
SIDM00127,-0.7225671953922198,-0.21703647678181512,-0.576159771279016,1.245049889602614,1.0145350025583906,-0.7817913956637172,0.4163240257204161,-0.22584630054856455,-0.4666861910383548,0.4618824471323279,-0.7540322771963318,0.16234566718621968
SIDM01042,-0.6777941147590123,-0.4990290826511857,-0.5194015058769205,1.1241711947961355,1.4393588596875295,-0.8300657355918075,-0.15329772585622173,-0.2586260786110298,-0.36450851132424317,1.0666122060126406,-0.6297806612427286,0.003469821500659021
SIDM00491,0.3424916857227578,-0.48484531316515117,-0.7758696688687662,0.6024117631876861,1.3926414518097188,-0.6553019614509118,1.5551986578475927,-0.1697449237449359,-0.4701959461934447,2.0153619862967336,-0.6088974561894863,-0.007374281740671448
SIDM00488,0.08046594690677697,-0.5348415106929262,-0.6901606438723077,0.49417433852301895,1.0451453238432595,-0.6820111553976377,1.1130002458137607,-0.4288801265315403,-0.5344898665867159,1.5246737038640468,-0.7404468066943516,0.06986356477259585
SIDM00190,-0.11937966690603405,-0.6695606892434437,-0.8430895659814212,0.9267517078277675,1.0965643109369891,-0.8479617706789783,0.6000666542772084,-0.1616431210556477,-0.6036207914983205,1.3719587320312563,-0.7234294761318225,-0.17100083063159294
SIDM00542,-0.34349343187912634,-0.5660555185573971,-0.6592256821238054,0.5460148903142695,1.3313668530935132,-0.785194575894203,1.185056386548411,-0.19414430354018977,-0.5931414134081578,1.3945259906792367,-0.8087572161193973,0.033506891707769826
SIDM00198,-0.19540328618436573,-0.8263783558436403,-0.7401267933476606,0.4954381334722297,0.8610324553754758,-0.4314310853434253,-0.4236008162429237,-0.33211416042575426,-0.6320754926903849,1.4083197453686624,-0.6905041134091089,0.11099697258072005
SIDM00269,-0.7280899626032661,-0.853992415721378,-0.8593121423623812,0.38724576265214566,1.5431236519910874,-0.9205056634104836,-0.0070674784002657896,-0.5366369640287859,-0.6698376840033939,1.7502378811784716,-0.6162524387843822,0.43414917067164005
SIDM00621,-0.7625255880643933,-0.8610533688492409,-0.8230625564244015,0.25716488399792053,1.7174347296869477,-0.9416125758910715,-0.5875024063985033,-0.5798430502737141,-0.5367796845793872,1.386300060047795,-0.641816280789501,0.1687436869480964
SIDM00599,-0.5711689994350431,-0.7572425426256556,-0.9309024000069082,0.4570242293880828,1.3548564851370002,-0.9124333848963708,0.4799397614680383,-0.5782162768758317,-0.6081426190315503,1.2040240542813156,-0.7283414235921863,0.6241188701070064
SIDM00118,-0.29410684132494425,-0.5584238222144603,-0.720225188062264,0.6258058416535184,1.105532713487878,-0.8638706096280973,0.24485768346539816,-0.44938288218822625,-0.7164998462360845,0.88243916146894,-0.75466862830601,0.0726575493396757
SIDM00596,0.6949120907680102,-0.6731247871863283,-0.8614887699171162,0.7593144757404648,1.5320874474530126,-0.8220755087001606,0.302313235091982,-0.11908894927144913,-0.4705610065512067,1.2080586419238013,-0.6416614016518528,-0.41380601305421666
SIDM01251,-0.6158572955679638,-0.8923439652514584,-0.5771158188985929,0.5803896928324455,1.1308662419285231,-0.8881679997505905,0.5079088852392496,-0.44044189029258396,-0.47917624682871557,1.4411221576341935,-0.6868610965441652,-0.24395974836858894
SIDM00197,-0.7820627361499962,-0.7879867608590088,-0.8050855622116201,0.5184425181723724,1.5206366926294548,-0.9045392994091721,-0.7127708659204285,-0.48805554161426923,-0.5317519085491137,1.704003599497983,-0.49136130324067007,-0.13331616683121056
SIDM00810,-0.525429181211649,-0.8751608130081915,-0.8873226574437247,0.49535025739665345,1.061466455471634,-0.9953856188331857,0.08493265612150311,-0.2766301288734688,-0.7587479669592605,0.7356445861828117,-0.7226356677432283,0.06953158719016628
SIDM00174,-0.35413199264550543,-0.6615077573577146,-0.8559580979389405,1.0352994156918023,0.21828059361555138,-0.9030289250592219,1.1546445124145983,0.06516304704391217,-0.632688591901086,1.5948828030772386,-0.7832632645682903,-0.09932727944425712
SIDM00487,-0.6163499035026493,-0.7690956106643835,-0.6520270458856126,0.6608335353411302,1.1986313811009515,-0.9088682067982877,0.09327511715033995,-0.219322579156548,-0.48627898060208213,0.7391720362157832,-0.7755931662557335,-0.0618891464999178
SIDM00263,-0.7216829154127546,-0.8745668413632867,-0.8551031896267325,0.34339088291129044,1.546220802702223,-0.9433081182452365,-0.6382614459647951,-0.4576307366617777,-0.5657900088112511,1.7188346085769501,-0.6052007747029042,-0.08830754959952909
SIDM00277,-0.7974386553176881,-0.8305263166008282,-0.542106359126992,0.6159543011455078,0.30478758118238014,-0.8187728902609192,0.9436540150381126,-0.41334322234435844,-0.60465076285011,1.0629825012685177,-0.7636671009220547,0.061623172526547726
SIDM00592,-0.5125104796531531,-0.466965641869798,-0.34115596873996673,1.1173440384567646,1.1582235005110737,-0.644351790366791,1.903004433752344,-0.33625820199946077,-0.4748228004144989,1.7646879659412271,-0.6666275906590121,-0.12915519321845378
SIDM00496,0.1540898874870263,-0.02211271872650324,-0.8162011337394699,1.330741865394742,0.9547583960519949,0.37228893501702404,0.8425881334946308,-0.43661537297713177,-0.616130358643035,1.363663418228525,-0.657872858017946,-0.016675558920712017
SIDM00793,-0.6755307658994396,-0.3765747339619893,-0.44999213196565147,0.43438232439498875,-0.6111220341647057,-0.9665466344398531,-0.5874105960343907,-0.4220848862185055,0.0766744796407378,1.5380825262446653,-0.6479617737947122,-0.205484143141648
SIDM00121,-0.6679474177591568,-0.6982634845700803,-0.5558945995145758,0.36774277940921885,1.7242195439459744,-0.935379282410088,-0.46720371463081056,-0.3422820371914697,-0.5194611754187651,0.7755046421953588,-0.6140997612334286,-0.09369012860689799
SIDM00202,-0.6857717927643975,-0.9248567244640171,-0.7864382233863736,0.3340746673044181,1.3670749805325653,-0.8862131103347178,-0.7866708243787432,-0.5055435109461116,-0.6770899214838765,1.622007756608197,-0.7794492830117186,-0.01636544379061901
SIDM00047,-0.5399130781754511,-0.579005116324891,-0.40595966248715615,1.0139967869871844,1.3470160299598326,-0.8247350047164441,1.3635124791742033,-0.5329301776965222,-0.6101991688449248,1.3568472766032325,-0.8123652458228585,0.17153286629721962
SIDM00885,-0.7113789569489254,-0.40092777182691636,-0.7659340360360011,0.3149692251395921,0.9523272183248938,-0.7578493896611085,0.8020273074727983,-0.5029894732013575,-0.4151722304453657,1.314774020426037,-0.7498642113534248,0.04493822247243659
SIDM00201,-0.47332144128730924,-0.8800458223749789,-0.8192730550613305,0.40625988207949304,0.9550928584235884,-0.6268681617427075,0.11972085326861018,-0.33982799318686385,-0.6551276994384179,1.10713190148419,-0.6321711713169959,-0.14262428689948292
SIDM00789,-0.5607680462943172,-0.7974536059008064,-0.6761170722014089,0.8521491508970853,0.8861150516951147,-0.8132190899984321,-0.22797131267738482,-0.09591232727366385,-0.4186565490299705,1.4545231864502133,-0.7080748863119697,0.0190205416204469
SIDM01248,0.5007538784515106,-0.45758536438174374,-0.8034912597598071,0.7726279150073174,0.9807495093368689,-0.8847098345233384,-0.3050545621913653,-0.24267618037413902,-0.5613697814989687,1.838107263493204,-0.7574372535606184,0.4801706674351557
SIDM00195,-0.6651810992460723,-0.8767951090062558,-0.7819093025550999,0.4404882306473523,1.3472907265714564,-0.7517768056080426,-0.4434463111606319,-0.4845718109811049,-0.753744129402637,1.3533353408730424,-0.7944637748384479,-0.10435534880351109
SIDM00517,-0.1977727298897156,-0.3252702641662609,-0.31890514901582123,0.6317271622420696,0.6215855809199993,-0.7882082106722034,1.7367375715630478,-0.12073026323514595,-0.42135444276255274,1.8579796279003729,-0.41152449919389417,0.010462417170930192
SIDM00534,-0.023062625400594415,-0.8679825109777471,-0.6905185258816728,0.694531708439978,1.3191715883837085,-0.5892746510150213,0.26614689394876695,-0.3603759094057178,-0.569328102637061,1.1475079576534173,-0.7111555351333003,0.30307051501348714
SIDM00863,-0.7034089842889197,-0.7469005595411706,-0.5205674500737417,0.5262424931346713,-0.7597103409209395,-0.752430328731499,1.1734114182209552,-0.4409411798933224,-0.26845371597237055,0.9285396727520003,-0.6453764016142922,-0.17028310073544473
SIDM00211,-0.6960253419283445,-0.7637568058948572,-0.5774056006422494,0.5045266954462234,0.9696619835224681,-0.833281258221676,-0.41408244384232296,-0.1819206201658539,-0.5418029148824023,1.5025337018743088,-0.7619737826279935,-0.18215631917796063
SIDM00539,-0.2643308792686201,-0.7903940447591479,-0.4353134307108087,1.4505855210587102,1.3984757184533199,-0.7438565654169852,1.521152065476751,0.350812274793003,0.3422862363295844,1.5219496551205909,-0.3448058273831711,0.2658909107566174
SIDM00875,-0.25693258459726087,-0.5467798934657792,-0.4352484930410573,0.7738841710548369,1.2454237290408894,-0.5210004135138746,1.0189913019941221,-0.3654952966512618,-0.5775785420212783,1.2660295449848578,-0.5838128464116157,-0.3536431380432257
SIDM00679,-0.42874330915547587,-0.7598464128406309,-0.4245058585232893,0.556327701484373,1.340848331451009,-0.804736984024796,1.8174756576861004,-0.1161480571281137,-0.7019212557784132,1.8038626515989373,-0.4855871191516312,-0.15953518146924694
SIDM01146,1.1415859979089427,-0.8156848893640772,-0.4123438788959458,0.5808437184838056,1.6697216879627137,-0.90412699317955,0.9955703320626476,-0.2863953076971017,-0.322916733641597,1.2187381754475066,-0.6006034614933599,-0.18681431526235753
SIDM00156,-0.7014556251041708,-0.8355394520689887,-0.8074394040116523,0.7405291223228762,1.7231150349055757,-0.9057757619694432,-0.4455366588318996,-0.5057302055425382,-0.5643715931550782,1.2777881067594066,-0.690150216379684,-0.22287776054629585
SIDM00420,-0.33255383369200137,-0.5586064765215375,-0.7905836248894483,0.7056980730113427,1.3878133404154485,-0.5598907645203529,1.0003453107537266,-0.356638895479257,-0.5383688210563552,1.0124254034486044,-0.7891033731403702,-0.026269198724502132
SIDM01145,-0.04162613378650274,-0.7107076314162674,-0.6563163163191588,0.6148481308888045,1.185127727370036,-0.5957167190356593,0.40664715642823274,-0.3260853639601764,-0.5650289546389675,1.0827480404715228,-0.8294139651396925,0.035815911109708914
SIDM00256,-0.6654243525959694,-0.7608317348855926,-0.704190154312546,0.36639178546384754,1.3350621169187737,-0.8729321857696295,-0.3961424775328685,-0.40008727584428483,-0.5237940144641494,1.533856987680161,-0.6592083621334408,-0.195486738292762
SIDM00444,0.29171865114715056,-0.34176841530796936,-0.7406768651580208,0.557817863109245,0.9071108298156525,-0.9682439095988004,0.447225002666123,-0.46206460887069173,-0.444369667628557,1.2989289296650774,-0.598342077337266,0.09432066906748675
SIDM00137,0.4033879334281709,-0.29874954598892706,-0.6104729117877391,1.1589765282386375,1.5272024194993443,-0.9641255254057864,1.9184474666233629,-0.2424642813469134,-0.6830734518845892,1.4137523307427329,-0.7519702336560364,-0.15164900885078042
SIDM00569,-0.041251328646354245,-0.25987259422144066,-0.8614236916843151,1.1908906976846747,1.4158840156619712,-0.6997709171954054,-0.12632407537417611,-0.41913279735872455,-0.33649302944648407,1.4647076605035043,-0.7733374950567039,0.08591644357271226
SIDM00445,0.3372028438986237,-0.7868678546272997,-0.5898248780363811,0.5308350257733447,1.3601171062932553,-0.7676224523029314,0.8267500303983724,-0.5251757743573255,-0.6833347073680722,1.3617990252968935,-0.8873022240330439,-0.04259785951998786
SIDM00094,-0.6926607261651142,-0.49452178433222904,-0.8880086224800964,0.8449830522183034,1.6231601510916165,-0.9119488959587206,-0.0944027270904624,-0.4165992910751368,-0.6811841100958603,1.0344065595339742,-0.8006065187535275,-0.03607824235384081
SIDM00576,-0.7290768412092576,-0.2650369199226713,-0.4165371888665589,0.7054000381315999,1.3662163118415074,-0.8995605276910199,-0.3228280353974966,-0.5538046764512502,-0.48582152419620755,1.1515193039243,-0.7970075007211911,-0.2763996800384108
SIDM00257,-0.6524145839148646,-0.8849954151801788,-0.8675679339153397,0.5668521631930122,2.196079565579138,-0.9705128200965253,-0.4411935179104258,-0.4532427321258574,-0.577227344206686,1.7812079740070748,-0.49379933761973765,-0.11529344125771836
SIDM00835,0.1813765328841766,-0.7463352578273365,-0.4520748754562286,0.718823136451656,1.2782146087701391,-0.6811423238358634,1.779839257847841,0.20271232315940307,-0.30210337429564194,1.0029419600660647,-0.6461721810175943,-0.015922165136942064
SIDM00781,-0.4051542796671703,-0.3716082806207198,-0.6138425418094656,0.5307884250220273,1.7866906582178672,-0.15061568235033496,-0.08617726147621517,-0.48265281723985726,-0.6203699882705361,0.9852056059264763,-0.7668397306304259,-0.210369651568761
SIDM00700,-0.5415677985957639,-0.7005976892023145,-0.7329657869661719,1.3452763170776578,1.6277496768389184,-0.23293365930793833,-0.3543965282510582,-0.1267527061366378,-0.6928984802514516,1.4836108051472328,-0.7410646783091647,-0.4198282835779519
SIDM01126,-0.7072970085845078,-0.33635516987591557,-0.6740263550367432,0.8074038096075381,1.5150512986876197,-0.8702616736815472,-0.3890401630598938,-0.2908279628656244,-0.7684460628860418,1.7748637880615248,-0.7587324105233231,-0.06240019820700811
SIDM00259,-0.6302495893936648,-0.8381327382889181,-0.7145748662985916,0.7595803519824863,1.0499211597289173,-0.9481716845045453,-0.4138024907935081,-0.38734288518083787,-0.5963317123403532,1.7775980030792577,-0.6913445553050985,-0.1791206043641885
SIDM00834,-0.0929562192335718,-0.8946395853559508,-0.5084242950244116,0.5664367812908294,1.2646492279739863,-0.48175363841149305,0.8641548134652877,-0.2934613156377897,-0.4153167054463367,0.9139033786274654,-0.804863428560287,-0.2073519661183228
SIDM00814,-0.706911312877131,-0.7238739036398352,-0.8253565106465305,0.36415116437526207,1.6117503461535547,-0.9000828318933005,-0.31942395653771904,-0.49304728753487437,-0.5496702708865879,1.1455130591932214,-0.5537780915786142,-0.09175884906240099
SIDM00258,-0.6887973847238619,-0.8059253752019404,-0.8748027613875009,0.34892187300294664,0.9570131404111988,-0.9331820149851672,-0.712523045070658,-0.2411146069877068,-0.5971811886597765,1.868173560413781,-0.7594410801985065,-0.13384722706250932
SIDM00577,-0.6607298481426446,-0.6444506162167967,-0.8480119616828606,0.2397875468128515,1.5202472507705007,-0.9942584063244645,-0.67372840324853,-0.310703020576186,-0.7238219473450529,1.7198813527638401,-0.6914858389483465,-0.13714245944251013
SIDM00384,-0.7516651687119968,-0.8535993653957161,-0.6087401696939642,0.8193565035862103,1.3124139374997852,-0.8262093181405565,1.7641261457125774,-0.6607050494685737,-0.6724239081595691,1.4288104930607537,-0.8504347911487654,-0.4155654751698593
SIDM00837,-0.04624132969081131,-0.7046768548223605,-0.7714373338843564,0.7415709310211857,1.503207340450894,-0.8952479474044803,0.5864029278963321,-0.22697077745077135,-0.3306189577999182,1.5834242371375988,-0.7247798654374437,-0.35088125063659953
SIDM01133,-0.7564125543640051,0.8152568738677443,-0.5601390219615349,0.42996738799967843,1.7538102285258517,-0.5948304718268759,0.07889448460866158,-0.29791599344676223,-0.4077033185382099,1.4716661360279542,-0.7338985611546336,0.15874377297613151
SIDM00244,-0.3297438348900491,-0.5450561915391895,-0.8225154456492136,0.44174717057793733,1.2434712212159038,-0.9612123364994597,-0.6656377391809734,-0.4568434364242702,-0.6565518407957174,1.226065635048827,-0.7482360516248657,-0.31565470333526147
SIDM01161,-0.30582401060582703,-0.5341207094527122,-0.7579497012930629,0.8614789596571046,1.3874115953513468,-0.7745408498461297,0.9749001611179342,-0.5199097363004426,-0.7099608289865014,1.46840580805816,-0.7651780636337344,0.011216194276372063
SIDM00579,-0.6553698788079967,-0.5664957046489951,-0.8188240574743463,0.3145463823617077,1.044273818300568,-0.8805587282875255,-0.3371669478908916,-0.46466405808802613,-0.666848495025388,1.7588946114828494,-0.6557922169960867,-0.19796451082039151
SIDM00699,-0.6924041401355322,-0.5584263949307224,-0.5279345099569115,0.09044339648020655,1.5146174642390011,-0.9665711164806405,-0.3795954660920465,-0.5143541492210565,-0.628506077276164,1.5867063567198112,-0.7537026487723355,-0.38704530516814345
SIDM00721,-0.7713444557232406,-0.6104416749911967,-0.6900664817348223,0.8512892887661593,2.0515656695874482,-0.6904593001339495,0.9404462234302398,-0.1881913803227019,-0.6539286735045814,1.5195103938394892,-0.6354439086153403,-0.017509755507886457
SIDM00082,0.6546235101630029,-0.6529395554838675,-0.8620132974552909,0.5749628407138476,0.6957608371879824,0.7759702436113598,0.818677683268274,-0.243077533920822,-0.7261091212819084,1.7207617192566178,-0.6590752505649745,0.022070633641016694
SIDM00320,-0.6682102099319431,-0.8530704980154354,-0.37161694337942375,0.560785558442425,1.4305201296191536,-0.8050251737588293,-0.4126393335270188,-0.2538448871971874,-0.7256302682955065,0.8033800831224034,-0.7405527427804816,-0.16184235854422432
SIDM00967,-0.40917198761807283,-0.4807426131396235,-0.5496391204178755,0.7676540170127344,1.1401249235041593,-0.6745137379713679,1.1658577147583853,-0.11300085450449,-0.7402586128597856,0.8026858993534253,-0.7628794870103464,-0.108578958576855
SIDM00508,-0.7687031930425618,0.7106718582024071,-0.18885347081862033,0.21217218326468562,1.9702981209236343,-0.9184627145129941,0.8726403952983062,-0.4349771229730332,-0.6012039402277594,1.1247195053130512,-0.7302016284032161,0.11900388916184855
SIDM00859,-0.611460223513673,-0.7413351451003767,0.022367590792337997,0.6294021985326934,-0.8011216624435052,-0.6180180424625442,-0.1261584001311875,-0.37155576999068246,-0.5206541592657202,0.38972544980663554,-0.6684116658997921,-0.4042374342069463
SIDM00393,0.09743101084829005,-0.43641294197236813,-0.4153614239940421,0.6740981572754695,1.4554168152349103,-0.4898100130586168,0.40349175670804033,0.024275419989104218,-0.7240324915039177,1.1173301969769056,-0.7078313739033367,-0.0996237066903385
SIDM01174,-0.5162039655370054,-0.23629826892617536,-0.651362595721921,0.9879552046281539,1.6984003342676024,-0.8451805165217972,1.775427983783197,-0.14081993954147307,-0.7117720186336586,1.9344711631344667,-0.6286104203671848,-0.014330281630897864
SIDM00530,-0.21182786815238866,-0.7087236870712881,-0.6553270704210261,0.7662658569153125,1.042488479272876,-0.8138287423161061,1.1206443070297023,0.12434067191333976,-0.5175929579043137,0.6696386560864274,-0.6586644794855686,-0.14963113916995988
SIDM01149,-0.6492481377588304,-0.21925888708538263,-0.49327010068824634,0.3289775222178441,1.7633986975414924,-0.9588842454169181,-0.49516478060311975,-0.3221989330946,-0.6995323260132038,1.7395471399535358,-0.607444289451587,-0.1390584967995421
SIDM00243,-0.7267233757478982,-0.416114508912603,-0.772470885821931,0.8544082255550658,1.3005265879163515,-0.8631187968338426,0.16734700347708859,-0.4390845698782032,-0.5230327866212898,1.1452520589549762,-0.6665174074224296,-0.0609650292111132
SIDM00176,-0.521211119818449,-0.4290013816434998,-0.7782474802817096,0.7072008225397146,0.8654201488869152,-0.7308609204643539,0.8957739933395797,-0.4744821652378636,-0.7220680599749109,0.9739887701937469,-0.7490394099929959,0.1593219603671006
SIDM00422,-0.5791728740364043,-0.8004822063637157,-0.5862236269577116,0.35827869165379,-0.9143865107319407,-0.7854496026820236,-0.48618339574479885,-0.435692277673765,-0.48813645657745663,1.243619010711518,-0.6203958437389814,-0.20185020252584482
SIDM00532,-0.5780491851799316,-0.42196531177147845,-0.7904922778399156,0.536052963370462,1.1386181121196206,-0.4131383350362301,1.0752969913235655,-0.5051691921002897,-0.6819340212532627,1.1478156750069368,-0.7066704314553021,0.12901058015027642
SIDM00077,-0.5107564158101969,-0.36414085066070156,-0.9020477331639732,1.1453826717826603,1.1872140542361083,-0.5663996661392869,1.4749889276535837,-0.07632890308235363,-0.7611075467354846,1.3368221878749234,-0.7281550596218042,0.05772599895407718
SIDM00561,-0.6509604939325903,-0.7017726552871594,-0.41463389800490436,0.3969370884260385,-0.9707399946716677,-0.8993766780797149,0.5179179538038893,-0.45794020825471166,-0.3058331299874083,1.0050841062079874,-0.7597692596625375,-0.24964761217520184
SIDM00407,-0.6252026338925026,-0.7460177973291396,-0.40189483317414476,0.31981116512659025,-0.9632005811446319,-0.8386004202378401,0.2820805337160312,-0.35411968253024145,-0.4547263047216141,0.3135050747314038,-0.6257744409479578,-0.5324758034896357
SIDM00631,-0.685799119306616,-0.08137509924129997,-0.7421572879033828,0.7360986854640491,1.3611962215479547,-0.8880196925704528,0.9764160305691231,-0.2961586643493135,-0.7225958152422216,0.44477181682405675,-0.7591638034149252,0.4338743183881843
SIDM00324,-0.6507124776709662,-0.15462346189944423,-0.7255761298096411,0.4470520235254025,1.1722243217327377,-0.9015197469619277,-0.519704203027278,-0.6150119308028376,-0.5729244587092631,2.1467949943385216,-0.6006798069552347,-0.036603544955128214
SIDM00410,-0.684505376286111,-0.45787834528907606,-0.5217853226839464,0.7060541192678157,1.3156415314980736,-0.9385895074080963,2.0044795391900707,-0.5491642500063232,-0.4934202333265314,1.1989707442116062,-0.718449332862513,-0.29678103813182705
SIDM00483,-0.24212803946660524,-0.5395909766716319,-0.54756721115369,0.8368647649809281,0.9884548534653368,-0.6485527330687033,1.5854416186188494,-0.5479676236810299,-0.7198483110662832,1.0886893526849737,-0.7685571183267063,-0.18070137296638675
SIDM01187,-0.575280229204075,-0.7754247658171884,-0.13033876956094936,1.1909741420187971,1.4358924059395666,-0.10117755620040755,0.8073665483147355,0.24877381519276393,-0.3699310182903513,0.9764333023450723,-0.7322375610966196,-0.17282296050122417
SIDM00216,-0.5817001604995219,-0.7715479703612323,-0.6015715321983783,0.26458519876655656,1.3270203575692003,-0.9066047800074826,0.9229552485063542,-0.3503294355690222,-0.27866172308299125,1.0711067362838362,-0.7284395792470535,0.10691188034936304
SIDM00199,0.4594207961298909,-0.5101505611272765,-0.7780825993958174,0.34670341923203846,1.22496394813232,-0.5794570149795569,0.866401916314629,0.05741955509832179,-0.6997796020271279,1.7974788924151122,-0.6641171007248733,0.08759361064574703
SIDM00234,-0.5496807635497641,-0.5418411592078187,-0.6598356720836913,0.505691889882816,1.0298910655498112,-0.9611104566395625,-0.1753681156960814,-0.2773795588774931,-0.5821470239132277,1.2363466773970582,-0.7165436724131156,-0.09904443800658219
SIDM01019,-0.6517984571481146,-0.7074556524130287,-0.6162024033837443,0.878734840473148,0.7551660020831825,-0.9052312078254842,-0.3080576297430349,-0.1555289281579258,-0.5775017240769088,1.1489351601964302,-0.6708308618760552,-0.33450364613954026
SIDM01114,-0.6154584036493868,-0.3607413095209483,-0.7852326273350136,0.9904477215563301,1.3285765872515676,-0.9579790321906216,0.8980990037500503,-0.5340479376490016,-0.7109418718841121,1.4596095008446857,-0.7266648805465767,-0.034973102965833815
SIDM00584,-0.2557184692022597,-0.2848010281520586,-0.8273809440735546,1.090240544160988,0.8994323071471725,-0.6996482272917197,1.0063197242638076,-0.18794004425841426,-0.5978757169431776,1.5294666833021058,-0.6274607148598194,0.1663779609419526
SIDM00043,-0.5186683483690493,-0.5064241666620308,-0.5292821322563211,0.949887981512778,0.7251469742441489,-0.7044710811605914,1.8583086773624684,-0.12382766731370692,-0.5519197345363339,1.5081153445988045,-0.656069699745846,0.02076138391406639
SIDM00498,-0.29433470871166467,-0.776004028901461,-0.22884170642853283,0.7475242665582006,1.7002014116798703,-0.8734582450835733,2.2637943434376693,-0.52963872531424,-0.5548569034447176,1.2251200638191249,-0.7424900294889523,-0.10773493259630211
SIDM00406,-0.6002898209418929,-0.8676368019347007,-0.490688949095641,0.48415881492996465,-0.9941815266858335,-0.900166931434256,-0.4160471321849685,-0.19589057259159087,-0.6272263574700045,1.0239553933241816,-0.6030226937781177,-0.4632356542871587
SIDM00193,-0.41471906449529455,-0.7713447717586077,-0.6844515910897789,0.5084374392066111,1.1648098500335755,-0.9166068657991168,0.7376478201486981,-0.36856994471436216,-0.7530713191533231,0.7537411927359244,-0.8042214154788861,0.3767062059535425
SIDM00045,-0.6496992587929737,-0.7539945413651279,-0.43544897973489244,0.7345139504017458,1.0687609349848486,-0.6178299539907361,0.8432780390584769,-0.34149568695354154,-0.6890613732394836,1.0033409350559608,-0.7087309050342786,-0.13488309716999908
SIDM00655,-0.6578880773208226,-0.7687434254451218,-0.7244240147318243,0.7965245471715697,1.3020531722660185,-0.8194212870613218,-0.33254338106710885,-0.5026022832941272,-0.3735053256668347,1.5802278332787547,-0.6453480877113659,-0.20149635550069753
SIDM00214,-0.6577432307378654,-0.7224654106770406,-0.5173719994694315,0.6177908929455771,0.9235735366185335,-0.8320936368655008,0.10149385039943364,-0.4486217738613098,-0.6478731288247725,0.9070089123043259,-0.7513886459500764,-0.17174212714946088
SIDM01007,-0.37686996458582356,-0.856322352610844,-0.5728999356813317,0.44942584352471504,1.6559004794735683,-0.9716443259293851,-0.24755392644587615,-0.23191201637142844,-0.5717595659750527,0.9637408983139495,-0.7026341417797289,-0.4153197167919168
SIDM00262,-0.6406527242311065,-0.6339824907536776,-0.8900959686781258,1.0510934201110105,1.6938439197381125,-0.6671053493556302,-0.29129556728708844,-0.47223252354149614,0.015373450619928735,1.5067805953537885,-0.5224886265944224,-0.0490690610910336
SIDM00591,-0.6871166286531541,-0.7756840305169483,-0.09802516381785997,0.10936416121817967,1.1850013213344648,-0.756486054351748,1.2317228496778325,-0.02923754533546763,-0.54098072690408,1.1188010950407092,-0.6981388121944245,-0.25343261611568324
SIDM01197,0.056981363028874896,-0.8161037049141299,-0.3492635911361425,0.606820062678266,0.8570940383583907,-0.795028827286444,1.0638489523927321,-0.32436251853275877,-0.33400968141655735,0.9928432861184505,-0.7723946944816314,-0.31080925724229996
SIDM00905,-0.182572837186076,-0.44598439720488986,-0.6196659619282697,1.0388020522615224,1.3515474815640625,-0.9238653387673109,1.62888114487639,-0.35996200570793013,-0.6339873923171256,1.3008432309816271,-0.6932803807033104,0.13252710015912034
SIDM00180,-0.4005894711249858,-0.6989001789223562,-0.8834117944537571,0.6832391872906997,1.7616683056023628,-0.8070107228764485,0.27398307027132884,-0.45650853323174007,-0.7078277572591435,0.9069366299920657,-0.7239532916689161,-0.16075115747107788
SIDM00323,-0.6757179037072422,-0.8511216167273948,-0.7259523919813277,0.6196544223355464,-0.778683821711865,-0.8191711051547531,-0.20635613820211268,-0.5091123609357591,-0.4103870310167223,1.084955658850291,-0.5822398855767104,-0.23067917012808936
SIDM00113,-0.40643800185157336,-0.650264427078086,-0.8114133944202575,0.7530863546812105,1.4929756356493191,-0.6832962217707347,0.9234343675743001,-0.6425253619633102,-0.6229663665153575,0.754192976925394,-0.7076534926933132,-0.046352287272059874
SIDM00551,-0.559955999257688,-0.6090540872062844,-0.3918056195887438,0.659399310240843,1.0019598949614221,-0.9213064433040818,0.011123503560729471,-0.5896271300650682,-0.6863582762095923,1.2542086098509935,-0.6774752714085702,0.1778474346358709
SIDM00958,-0.31262449228691175,-0.825834424386914,-0.604580976184807,0.6659504172254695,1.7851896865548345,-0.9405312884705624,0.7930585147025895,-0.5913061144617205,-0.5788243245064152,1.4358244277361452,-0.5870520617738677,-0.23415669250074295
SIDM00659,-0.64030782454186,-0.4725632323819494,-0.74768705043859,0.9132137034003353,1.1175121027906836,-0.5986799438601218,0.8555203703675511,-0.3706280676592999,-0.7048374511644387,1.2541950099523589,-0.7858308839101749,0.11660782680637784
SIDM01168,-0.12910755760188933,-0.7904097346946426,-0.8671380924455263,0.562338283135217,1.5771261374115668,-0.46914150924832587,0.23543365563247742,-0.2183328578851536,-0.804800732564284,1.1058218741909012,-0.6938080469654764,0.28139397698180785
SIDM00968,0.4944971517460055,-0.7336978843935273,-0.7862651979689276,1.002342011956809,1.2537271935854086,-0.8116105339481593,0.8765538620488488,-0.3098767674332412,-0.6767107675857088,1.151113522528212,-0.8048327084317021,-0.11214803066600612
SIDM00250,0.534595020488785,-0.8523668663092707,-0.508996459808542,0.5004475516230541,0.9766573772363969,-0.8901825543528185,1.5319921772143517,-0.5964461194383873,-0.4618835920843005,1.1030521968943574,-0.708936744592404,-0.2216446391890037
SIDM00252,0.09195344120369185,-0.709215763409365,-0.8495929647439593,0.6607042941378832,1.0113355911577173,-0.506704224584189,0.6400845162759389,-0.6970088182493744,-0.7862220324557048,0.8427119830910449,-0.8269588464604491,0.035574164505675854
SIDM00242,-0.7297686501602728,-0.32985817382181215,-0.8793427266518085,0.48436675726205,0.9798579498347012,-0.857800262568182,-0.03244239663342442,-0.5514979777279702,-0.8825912753568701,1.0957319517033461,-0.6240804692257279,0.5523865555026822
SIDM00438,-0.5155276928444176,-0.35604877868843343,-0.3800424771356708,0.5369081855909342,-0.8179887697157272,-0.8972087824541334,-0.007289875130350957,-0.11405996969650864,-0.5899797039462412,1.3873531747694379,-0.5989634364312975,-0.4873740584327996
SIDM00231,-0.1832267854955709,-0.353539362745975,-0.8503342525580307,0.5676421775896214,1.6396586733676581,-0.11953718884970724,1.1803200734434922,-0.3602455186460272,-0.8129165033400091,1.2889219165102765,-0.7781305379933892,0.05314757800499085
SIDM01011,-0.6782785195686581,-0.7157237068364966,-0.4936571943122611,0.5934149766679473,-0.6498715667001443,-0.8464181502817868,-0.2970556480550937,-0.5022039174703399,-0.6089158599936745,0.1831515285568534,-0.8098279521986853,-0.2123864486232793
SIDM00182,-0.4327776873354333,-0.6476752748307523,-0.8726635007425825,0.4069968500626281,1.795396467632814,-0.7197163255743034,0.5894453821661674,-0.42878541837792195,-0.5573723363134027,1.4363423376687345,-0.6804686896665614,-0.3559607688564085
SIDM00969,-0.3152054925718551,-0.7423440664352107,-0.7687033025598763,0.8279998245372525,1.4686589441022964,-0.459494416004607,0.9329495373010278,-0.3927654097427186,-0.699058078864479,1.4894838735955924,-0.7655893245070526,-0.12465420125879657
SIDM01120,-0.7149156608768061,0.5094536508589302,-0.42899206943945656,0.28103392300443797,1.3975683762015871,-0.8143196284852712,-0.09742105586213452,-0.5502458246219317,-0.6241229057029225,1.2678797137260114,-0.7561234594779161,0.2365056176785882
SIDM00317,-0.4854563530092137,-0.6369890651943959,-0.8604034784294419,0.7794642207658001,1.7649574983149392,-0.2980726476020909,1.2421197404767834,-0.4327965450239409,-0.7977753205091292,0.7651748113084691,-0.7739149489065377,0.15496594968262972
SIDM00719,-0.7781702635208544,-0.13119635433993496,-0.8729982565206514,0.33577704528758684,2.093333195123554,-0.9250450008666441,-0.559918415197211,-0.6231732962027519,-0.68791460001762,1.2585280057070367,-0.8675165104609492,-0.05930563876150293
SIDM01041,-0.5425695731876429,-0.6307255330000977,-0.8905828073949275,0.3288737522381168,1.7908601461317808,-0.7175039562180133,0.5577776248668804,-0.5234350769518636,-0.7076853308442205,1.3765693330986022,-0.7266438233598299,-0.3704867695379497
SIDM00668,-0.7102921078530868,-0.587367417023506,-0.43777244272810095,0.5618327880267132,-0.860844127251139,-0.8099143542502356,1.1567235976540817,-0.6277915466637607,-0.5615482735356726,0.8082785373183212,-0.6089649721845032,-0.10039028531692346
SIDM00056,0.1572429564357114,-0.3200604016529183,-0.832747617185017,1.2314315806177503,0.9137233837859279,0.8067879860217577,0.39855085725408734,-0.2663194513973958,-0.8205864062948094,1.469627537172057,-0.8143588486824201,0.028143654809551902
SIDM00181,-0.4103183994198572,-0.39806748859060365,-0.7888412473847761,0.8895794227418768,1.3179785651686036,-0.7039877191462932,0.17993365084099167,-0.4283700399699988,-0.7023447922313663,1.3844664542450613,-0.7419500146446957,-0.0020162219271782525
SIDM01073,-0.6953243287401638,-0.6142741712426242,-0.29667374224239784,0.4810068851244087,-0.9423971872585273,-0.8658898310199743,1.1844893932332272,-0.4381360736099874,-0.3954676602862657,0.6878659188912959,-0.6085748339530228,-0.1450756226316217
SIDM00504,-0.6603982730060858,0.06690162118976437,-0.3604973413028816,0.8229037804743583,1.1417321871353119,-0.12486850916645481,1.3086256021004352,-0.3149653024727051,-0.5764364566873668,1.4495199238159067,-0.6503631795540887,0.10559734579375282
SIDM00472,-0.5918494190823246,-0.5935787456482517,-0.7533373695132457,0.9693360772631481,1.3167930697704524,0.02951979812968549,1.1740118034061695,-0.7267228366001093,-0.792345324993971,0.3503801582501197,-0.8284703321704028,0.429769269845338
SIDM00042,-0.19847912085890568,-0.604265535439891,-0.5510169447469214,0.8762846324767684,0.8552053572271281,-0.5676749516388263,1.0814215537029463,-0.40979826384938683,-0.7589050788481252,1.0916771849356637,-0.6584013542556947,0.12155640962796208
