Origin_idx,Drug name,Sanger ID
55813,BMS-345541,SIDM00544
173658,LGK974,SIDM00094
88586,Cyclophosphamide,SIDM00250
108247,VE-822,SIDM00287
212647,PD173074,SIDM00569
108017,VE-822,SIDM00291
54,Erlotinib,SIDM00230
184219,Navitoclax,SIDM01093
193910,AZD7762,SIDM00951
297056,Fulvestrant,SIDM00044
65110,Dinaciclib,SIDM00599
20011,Vinorelbine,SIDM00599
109835,CZC24832,SIDM00612
54856,Irinotecan,SIDM00381
119338,Entospletinib,SIDM00905
209948,Wee1 Inhibitor,SIDM01175
53123,Sorafenib,SIDM00104
217562,Dactolisib,SIDM00445
50020,Luminespib,SIDM00592
42227,5-Fluorouracil,SIDM00621
185177,Vorinostat,SIDM00659
99638,Leflunomide,SIDM00256
58982,Ruxolitinib,SIDM00418
180763,Docetaxel,SIDM00362
232619,AZD4547,SIDM00364
198804,UMI-77,SIDM00242
202185,WEHI-539,SIDM00835
222764,VE821,SIDM00655
55143,Irinotecan,SIDM00967
115759,RVX-208,SIDM00203
271592,XAV939,SIDM00102
113019,OSI-027,SIDM00562
212596,PD173074,SIDM01205
44363,BMS-754807,SIDM00789
63638,Niraparib,SIDM00638
265645,Talazoparib,SIDM00091
112057,GSK2606414,SIDM00700
215089,MK-2206,SIDM00094
3810,Docetaxel,SIDM00285
120764,Foretinib,SIDM00374
13908,Bortezomib,SIDM00632
49225,Dasatinib,SIDM00127
55371,GSK1904529A,SIDM00579
111773,GSK2606414,SIDM00412
116105,RVX-208,SIDM00677
182292,AGI-5198,SIDM01073
297145,Fulvestrant,SIDM00539
107991,VE-822,SIDM00276
197603,Savolitinib,SIDM01047
195614,NVP-ADW742,SIDM00091
74557,AZ960,SIDM00969
110073,CZC24832,SIDM00243
170397,Sabutoclax,SIDM00224
55883,Oxaliplatin,SIDM00129
109136,WZ4003,SIDM01233
149155,Dactinomycin,SIDM00205
88039,Cyclophosphamide,SIDM00504
217965,VX-11e,SIDM01133
181216,Afuresertib,SIDM00136
110323,CZC24832,SIDM00668
210191,Wee1 Inhibitor,SIDM00975
20069,Vinorelbine,SIDM00528
209947,Wee1 Inhibitor,SIDM00837
12573,Entinostat,SIDM00289
172406,OF-1,SIDM01228
109092,WZ4003,SIDM01159
191960,GSK2578215A,SIDM00388
312524,AZD8186,SIDM00371
221219,AZ6102,SIDM00371
88259,Cyclophosphamide,SIDM01064
18685,Gemcitabine,SIDM00465
215902,Vinorelbine,SIDM01133
63523,Niraparib,SIDM00488
197037,P22077,SIDM00659
177791,Vinblastine,SIDM00114
178600,Cisplatin,SIDM00896
75944,XAV939,SIDM00577
97197,SCH772984,SIDM01126
214032,AMG-319,SIDM00445
172177,OF-1,SIDM00599
290561,AZD6738,SIDM00394
12391,Entinostat,SIDM00276
174902,Wnt-C59,SIDM00810
192113,GSK2578215A,SIDM01248
109260,WZ4003,SIDM00257
178798,Venetoclax,SIDM00935
86817,Epirubicin,SIDM00606
211768,BIBR-1532,SIDM01228
148954,Dactinomycin,SIDM00438
50079,Luminespib,SIDM00259
54901,Irinotecan,SIDM00156
19884,Vinorelbine,SIDM00121
95704,Taselisib,SIDM00781
112628,PFI3,SIDM00379
67448,Bortezomib,SIDM00199
266213,Talazoparib,SIDM00846
214587,MK-8776,SIDM00482
209515,Wee1 Inhibitor,SIDM01122
178230,Cisplatin,SIDM00118
194944,MIRA-1,SIDM00814
18158,Gemcitabine,SIDM00145
195275,MIRA-1,SIDM00583
34537,Alisertib,SIDM01132
183327,Gefitinib,SIDM00198
155512,Alisertib,SIDM00417
54887,GSK1904529A,SIDM00900
281610,Trametinib,SIDM00422
331024,Pevonedistat,SIDM00875
296434,Fulvestrant,SIDM00145
191585,GSK2578215A,SIDM01160
183280,AZD3759,SIDM00224
185635,Nilotinib,SIDM00136
87335,Epirubicin,SIDM00234
183120,AZD3759,SIDM01229
202083,WEHI-539,SIDM00504
177287,Ulixertinib,SIDM01126
170653,Sabutoclax,SIDM00958
120930,PRT062607,SIDM00371
41673,PD0325901,SIDM00721
826,Camptothecin,SIDM00583
90573,Uprosertib,SIDM00699
216378,Palbociclib,SIDM00410
198565,UMI-77,SIDM00553
183874,AZD3759,SIDM00406
120448,Foretinib,SIDM01237
111609,GSK2606414,SIDM00612
219752,PD0325901,SIDM00612
89266,Pevonedistat,SIDM00659
183634,AZD3759,SIDM00266
192444,GSK2578215A,SIDM00668
189397,Ipatasertib,SIDM00258
216644,Palbociclib,SIDM00445
252156,Tamoxifen,SIDM00393
182872,Gefitinib,SIDM00091
113946,PCI-34051,SIDM00047
48355,5-Fluorouracil,SIDM00583
181548,Afuresertib,SIDM00832
220640,AZ6102,SIDM00121
222179,GSK591,SIDM00975
88319,Cyclophosphamide,SIDM00202
183224,Gefitinib,SIDM01237
195927,NVP-ADW742,SIDM01205
9664,BMS-536924,SIDM00346
18410,Gemcitabine,SIDM01090
45165,Linsitinib,SIDM00489
58523,Ruxolitinib,SIDM00875
176612,Buparlisib,SIDM00535
214401,MK-8776,SIDM00553
171684,LY2109761,SIDM00465
214922,MK-8776,SIDM00045
118257,GSK343,SIDM00975
232847,AZD4547,SIDM00256
184440,Navitoclax,SIDM00973
3364,Sorafenib,SIDM00813
172151,OF-1,SIDM01259
181403,Afuresertib,SIDM00549
331487,Pevonedistat,SIDM00530
55131,Irinotecan,SIDM00416
109651,CZC24832,SIDM00292
112022,GSK2606414,SIDM00102
87802,Cyclophosphamide,SIDM00367
212157,PD173074,SIDM01179
171826,LY2109761,SIDM00406
58316,Ruxolitinib,SIDM01174
54462,Irinotecan,SIDM00923
56306,BMS-345541,SIDM00520
99170,Leflunomide,SIDM00121
178707,Cisplatin,SIDM00680
113308,PCI-34051,SIDM00923
174496,Wnt-C59,SIDM00180
155526,Alisertib,SIDM00136
113505,PCI-34051,SIDM00351
171669,LY2109761,SIDM00638
74282,AZ960,SIDM00496
296275,Fulvestrant,SIDM01120
143030,Ibrutinib,SIDM00224
296850,Fulvestrant,SIDM00242
195494,NVP-ADW742,SIDM01174
179610,Cytarabine,SIDM00201
182287,AGI-5198,SIDM01259
9773,BMS-536924,SIDM01197
199022,UMI-77,SIDM00530
63247,Niraparib,SIDM00679
198264,Savolitinib,SIDM00539
197523,Savolitinib,SIDM00826
220776,AZ6102,SIDM00808
222533,VE821,SIDM00789
117283,OTX015,SIDM00257
183648,AZD3759,SIDM00156
99887,Leflunomide,SIDM00214
207901,Doramapimod,SIDM01042
53099,Sorafenib,SIDM00371
117112,OTX015,SIDM00837
63419,Niraparib,SIDM00833
181231,Afuresertib,SIDM00082
94665,I-BET-762,SIDM01042
113311,PCI-34051,SIDM00930
171579,LY2109761,SIDM00381
232840,AZD4547,SIDM00259
223023,VE821,SIDM00289
214577,MK-8776,SIDM00316
58392,Ruxolitinib,SIDM01229
188116,Cediranib,SIDM00549
197669,Savolitinib,SIDM00541
179716,ABT737,SIDM01197
70671,EPZ004777,SIDM00285
156208,Alisertib,SIDM00374
178187,Cisplatin,SIDM00417
283380,Temozolomide,SIDM00967
49446,Luminespib,SIDM00627
290263,AZD6738,SIDM01092
196090,NVP-ADW742,SIDM00197
220190,PD0325901,SIDM00520
14128,Bortezomib,SIDM00896
94639,Alpelisib,SIDM00561
210102,Wee1 Inhibitor,SIDM00266
12449,Entinostat,SIDM00623
95187,Alpelisib,SIDM00539
52524,Sorafenib,SIDM00826
188756,Ipatasertib,SIDM01122
74359,AZ960,SIDM00101
64237,MK-1775,SIDM00438
108896,WZ4003,SIDM01259
14240,Bortezomib,SIDM00407
197544,Savolitinib,SIDM00111
217789,Pictilisib,SIDM00003
331208,Pevonedistat,SIDM00233
3449,Sorafenib,SIDM00542
120064,Entospletinib,SIDM00520
178534,Venetoclax,SIDM00308
54679,Irinotecan,SIDM00351
63757,Niraparib,SIDM00668
265949,Talazoparib,SIDM00584
55584,Oxaliplatin,SIDM00244
89573,Sapitinib,SIDM00905
167652,SB505124,SIDM01197
177661,Vinblastine,SIDM01198
112740,PFI3,SIDM00958
231007,AT13148,SIDM01120
252148,Tamoxifen,SIDM00967
97839,SCH772984,SIDM00487
218329,Pictilisib,SIDM00975
212100,PD173074,SIDM00269
99415,Leflunomide,SIDM00364
54748,Irinotecan,SIDM00482
312690,AZD8186,SIDM00047
6667,Dasatinib,SIDM00156
189875,Olaparib,SIDM00565
192842,I-BRD9,SIDM00679
211528,BIBR-1532,SIDM01007
213814,AMG-319,SIDM00114
108363,VE-822,SIDM00156
200723,Sepantronium bromide,SIDM00527
58883,Ruxolitinib,SIDM00262
197970,Savolitinib,SIDM00381
296732,Fulvestrant,SIDM00832
296754,Fulvestrant,SIDM00584
184224,Navitoclax,SIDM00328
211346,BIBR-1532,SIDM00180
64768,MK-1775,SIDM00969
220315,PD0325901,SIDM00967
211215,BIBR-1532,SIDM01160
20353,Vinorelbine,SIDM00202
50356,Paclitaxel,SIDM01114
202250,Afatinib,SIDM00145
121038,PRT062607,SIDM00631
198843,UMI-77,SIDM00256
64250,MK-1775,SIDM00244
177726,Ulixertinib,SIDM00834
217742,Pictilisib,SIDM01229
70714,EPZ004777,SIDM01093
312080,AZD8186,SIDM00291
213439,AMG-319,SIDM01019
178481,Cisplatin,SIDM00813
87144,Epirubicin,SIDM01090
198482,UMI-77,SIDM00923
120679,PRT062607,SIDM01155
182286,AGI-5198,SIDM00544
212863,PD173074,SIDM00199
193411,I-BRD9,SIDM01006
211224,Nutlin-3a (-),SIDM01041
232678,AZD4547,SIDM01161
228546,BMS-536924,SIDM00817
189764,Olaparib,SIDM00381
155496,Alisertib,SIDM00180
312070,AZD8186,SIDM01251
221818,GSK591,SIDM00576
221684,GSK591,SIDM00276
3333,Sorafenib,SIDM00655
192805,I-BRD9,SIDM01047
183202,Gefitinib,SIDM00233
73921,AZ960,SIDM00900
189820,Olaparib,SIDM00487
261465,Daporinad,SIDM00896
156212,Alisertib,SIDM00406
41796,5-Fluorouracil,SIDM01245
120297,Foretinib,SIDM01146
199044,WIKI4,SIDM00905
143222,Ibrutinib,SIDM00482
297058,Fulvestrant,SIDM00042
312211,AZD8186,SIDM00758
312688,AZD8186,SIDM00530
171959,AGI-6780,SIDM00612
94938,Alpelisib,SIDM00257
20281,Vinorelbine,SIDM00540
162901,MIM1,SIDM00224
109470,WZ4003,SIDM00323
182016,AGI-5198,SIDM00627
149024,Dactinomycin,SIDM00835
174337,LGK974,SIDM00472
181317,Afuresertib,SIDM01047
50307,Paclitaxel,SIDM00350
251837,Tamoxifen,SIDM00243
35044,Alisertib,SIDM01205
66926,Bortezomib,SIDM00864
185119,Vorinostat,SIDM00958
55489,Oxaliplatin,SIDM00679
443,Rapamycin,SIDM00632
196346,NVP-ADW742,SIDM00444
198284,Savolitinib,SIDM00214
202452,Afatinib,SIDM00623
290,Camptothecin,SIDM01251
73712,AZ960,SIDM00203
109358,WZ4003,SIDM00103
89,Erlotinib,SIDM00096
171720,LY2109761,SIDM00102
251594,Tamoxifen,SIDM00535
55781,BMS-345541,SIDM00930
15688,Lapatinib,SIDM01248
113255,PCI-34051,SIDM00841
111306,GSK2606414,SIDM00905
170466,Sabutoclax,SIDM00561
184146,Navitoclax,SIDM00962
187863,Cediranib,SIDM00489
215585,MK-2206,SIDM01149
170282,Sabutoclax,SIDM00091
283170,Temozolomide,SIDM00098
198835,UMI-77,SIDM00198
44009,Obatoclax Mesylate,SIDM00114
196620,P22077,SIDM00923
111715,GSK2606414,SIDM01092
192655,I-BRD9,SIDM00591
189313,Ipatasertib,SIDM00211
72698,Daporinad,SIDM00137
113424,PCI-34051,SIDM00677
55708,Oxaliplatin,SIDM00584
179847,ABT737,SIDM00101
49613,Paclitaxel,SIDM00367
210173,Wee1 Inhibitor,SIDM00565
163235,MIM1,SIDM00197
178627,Cisplatin,SIDM00964
119242,ML323,SIDM00688
180732,Docetaxel,SIDM00973
18066,Gemcitabine,SIDM00885
296575,Fulvestrant,SIDM00535
50065,Luminespib,SIDM00289
96475,EPZ5676,SIDM00596
178826,Venetoclax,SIDM01093
3321,Sorafenib,SIDM00438
99368,Leflunomide,SIDM00260
232277,AZD4547,SIDM00885
211036,Nutlin-3a (-),SIDM00638
99270,Leflunomide,SIDM01259
196732,P22077,SIDM00549
187924,Cediranib,SIDM00120
180778,Docetaxel,SIDM00416
194007,AZD7762,SIDM00113
49,Erlotinib,SIDM00970
111846,GSK2606414,SIDM00332
215000,MK-2206,SIDM00970
170714,Sabutoclax,SIDM00201
74363,AZ960,SIDM00310
202614,Afatinib,SIDM01237
2935,Cytarabine,SIDM01187
217200,Dactolisib,SIDM01233
283409,Temozolomide,SIDM00498
70568,EPZ004777,SIDM01155
16722,AZD7762,SIDM00216
198246,Savolitinib,SIDM00969
195155,MIRA-1,SIDM00101
214986,MK-2206,SIDM00174
173925,LGK974,SIDM00781
202466,Afatinib,SIDM00576
232422,AZD4547,SIDM00954
251445,Tamoxifen,SIDM00121
115846,RVX-208,SIDM00174
180209,Docetaxel,SIDM01007
113116,OSI-027,SIDM00833
45626,Obatoclax Mesylate,SIDM00216
155832,Alisertib,SIDM01155
55792,Oxaliplatin,SIDM00935
189332,Olaparib,SIDM00826
99369,Leflunomide,SIDM00441
96381,EPZ5676,SIDM00118
13958,Bortezomib,SIDM00490
289789,Gemcitabine,SIDM00968
199441,WIKI4,SIDM00577
202689,Afatinib,SIDM00023
117353,OTX015,SIDM00394
212139,BIBR-1532,SIDM00047
49433,Dasatinib,SIDM00483
222900,VE821,SIDM00917
290416,AZD6738,SIDM00302
95014,Alpelisib,SIDM00394
58250,Ruxolitinib,SIDM00889
189369,Ipatasertib,SIDM00732
195699,NVP-ADW742,SIDM00544
111912,GSK2606414,SIDM00197
219468,PD0325901,SIDM01122
61310,Erlotinib,SIDM00781
86815,Epirubicin,SIDM00230
303524,AZD5582,SIDM01102
177387,Vinblastine,SIDM01073
94642,Alpelisib,SIDM00504
231255,AT13148,SIDM00277
54614,Irinotecan,SIDM00562
174643,Wnt-C59,SIDM00875
185357,Vorinostat,SIDM00044
70907,EPZ004777,SIDM00700
290205,AZD6738,SIDM00504
216837,Dactolisib,SIDM00136
109522,CZC24832,SIDM00203
231280,AT13148,SIDM00064
182969,Gefitinib,SIDM00291
183335,Gefitinib,SIDM00156
668,Camptothecin,SIDM00289
186342,Nilotinib,SIDM01114
214736,MK-8776,SIDM00258
190018,GDC0810,SIDM00553
117284,OTX015,SIDM00256
88325,Cyclophosphamide,SIDM00196
215217,MK-2206,SIDM00308
156218,Alisertib,SIDM00416
174567,Wnt-C59,SIDM00111
282475,Dabrafenib,SIDM00969
181953,Afuresertib,SIDM00422
209660,Wee1 Inhibitor,SIDM00841
99093,Leflunomide,SIDM00489
174314,LGK974,SIDM00389
178164,Ulixertinib,SIDM00539
341,Camptothecin,SIDM00535
50154,Paclitaxel,SIDM00487
184002,Navitoclax,SIDM01146
281129,Trametinib,SIDM00388
111668,GSK2606414,SIDM00623
107914,VE-822,SIDM00096
63668,Niraparib,SIDM00418
179446,ABT737,SIDM00291
172748,OF-1,SIDM00538
190573,GDC0810,SIDM00448
173099,MN-64,SIDM00537
113621,PCI-34051,SIDM00384
178662,Cisplatin,SIDM00410
677,Camptothecin,SIDM00205
188857,Ipatasertib,SIDM00180
1997,Paclitaxel,SIDM00970
194399,AZD7762,SIDM00302
97643,SCH772984,SIDM01175
179826,ABT737,SIDM00259
58456,Ruxolitinib,SIDM00490
290615,AZD6738,SIDM00583
296887,Fulvestrant,SIDM00201
192085,GSK2578215A,SIDM00251
330922,Pevonedistat,SIDM01229
177984,Vinblastine,SIDM00407
108213,VE-822,SIDM00412
52500,Sorafenib,SIDM00783
45544,Linsitinib,SIDM01168
91127,Uprosertib,SIDM00381
73799,AZ960,SIDM00174
177722,Ulixertinib,SIDM00814
118881,ML323,SIDM01097
162603,MIM1,SIDM01160
172720,OF-1,SIDM00406
177412,Vinblastine,SIDM01206
63007,Niraparib,SIDM00320
183367,AZD3759,SIDM00655
89554,Sepantronium bromide,SIDM00324
214821,RO-3306,SIDM00631
162982,MIM1,SIDM00655
231707,AT13148,SIDM00551
183203,Gefitinib,SIDM00917
50917,Crizotinib,SIDM00837
66729,Bortezomib,SIDM00294
214921,MK-8776,SIDM00668
51986,Rapamycin,SIDM00488
118382,GSK343,SIDM00407
182581,AGI-5198,SIDM00896
89668,Sepantronium bromide,SIDM00427
142783,Ibrutinib,SIDM01179
105233,Entinostat,SIDM00534
192871,I-BRD9,SIDM00541
87366,Epirubicin,SIDM00621
194744,MIRA-1,SIDM00875
181721,Afuresertib,SIDM00621
50020,Paclitaxel,SIDM01237
296369,Fulvestrant,SIDM00632
90497,Sapitinib,SIDM00445
49435,Dasatinib,SIDM00538
331483,Pevonedistat,SIDM00444
265599,Talazoparib,SIDM01133
107785,VE-822,SIDM01179
184424,Navitoclax,SIDM00042
198005,Savolitinib,SIDM00197
149246,Dactinomycin,SIDM00099
70369,EPZ004777,SIDM00596
178697,Cisplatin,SIDM00156
181683,Afuresertib,SIDM00381
74171,AZ960,SIDM00420
94739,Alpelisib,SIDM00781
182171,AGI-5198,SIDM00789
283373,Temozolomide,SIDM00968
194707,AZD7762,SIDM00483
58292,Ruxolitinib,SIDM00719
197591,Savolitinib,SIDM00948
211613,BIBR-1532,SIDM00577
215402,MK-2206,SIDM00343
73905,AZ960,SIDM00094
181488,Afuresertib,SIDM00364
183986,Navitoclax,SIDM00438
88321,Cyclophosphamide,SIDM00205
2275,Paclitaxel,SIDM00197
12576,Entinostat,SIDM00264
174317,LGK974,SIDM00406
215574,MK-2206,SIDM00579
174618,Wnt-C59,SIDM00793
87555,Epirubicin,SIDM00176
194578,MIRA-1,SIDM00606
163468,MIM1,SIDM00967
281800,Dabrafenib,SIDM00120
176793,Buparlisib,SIDM00411
177592,Vinblastine,SIDM00833
65009,Dinaciclib,SIDM00094
210525,Nutlin-3a (-),SIDM00094
89207,Sepantronium bromide,SIDM00121
90246,Sapitinib,SIDM00258
215603,MK-2206,SIDM00418
178079,Ulixertinib,SIDM00350
49189,Dasatinib,SIDM00680
218226,Pictilisib,SIDM00264
3183,Sorafenib,SIDM00174
3460,Sorafenib,SIDM00205
177539,Ulixertinib,SIDM00679
93257,Lapatinib,SIDM00393
197251,P22077,SIDM01006
70814,EPZ004777,SIDM00638
5010,Crizotinib,SIDM01187
148823,Dactinomycin,SIDM00954
48565,Dasatinib,SIDM01098
85128,VX-11e,SIDM00156
55742,BMS-345541,SIDM00094
63908,MK-1775,SIDM00320
181623,Afuresertib,SIDM00896
45903,Linsitinib,SIDM00631
282341,Dabrafenib,SIDM00371
98041,SCH772984,SIDM00362
45696,Linsitinib,SIDM00659
15591,Lapatinib,SIDM00535
87592,Epirubicin,SIDM00389
217480,Dactolisib,SIDM00042
93032,Lapatinib,SIDM00114
182933,AGI-5198,SIDM00444
161455,LCL161,SIDM00517
171317,LY2109761,SIDM00553
56037,BMS-345541,SIDM00424
217368,Dactolisib,SIDM00551
19973,Vinorelbine,SIDM00276
171946,AGI-6780,SIDM00224
118024,GSK343,SIDM00412
74304,AZ960,SIDM00381
188434,Cediranib,SIDM00621
55702,Oxaliplatin,SIDM00411
215519,MK-2206,SIDM00196
181553,Afuresertib,SIDM00252
173972,LGK974,SIDM01248
18452,Gemcitabine,SIDM00833
84703,VX-11e,SIDM00954
214956,MK-8776,SIDM00374
599,Camptothecin,SIDM00243
211227,Nutlin-3a (-),SIDM00393
217770,Pictilisib,SIDM00082
56067,BMS-345541,SIDM00267
184793,AZD5363,SIDM00508
66730,Bortezomib,SIDM01098
216684,Vinorelbine,SIDM00530
162966,MIM1,SIDM00260
105628,Entinostat,SIDM00975
74244,AZ960,SIDM01198
117498,OTX015,SIDM00968
105160,Entinostat,SIDM00864
210301,Wee1 Inhibitor,SIDM00416
120680,PRT062607,SIDM00835
55379,GSK1904529A,SIDM00137
61642,Erlotinib,SIDM00550
251873,Tamoxifen,SIDM00218
220947,AZ6102,SIDM00835
91342,Uprosertib,SIDM00688
184598,Vorinostat,SIDM00294
188319,Cediranib,SIDM01237
204316,PLX-4720,SIDM00623
312264,AZD8186,SIDM00835
218231,Pictilisib,SIDM00205
179777,ABT737,SIDM00242
188693,Cediranib,SIDM00530
15611,Lapatinib,SIDM00441
70840,EPZ004777,SIDM00377
94947,Alpelisib,SIDM00487
90524,Sapitinib,SIDM00193
202557,Afatinib,SIDM01161
54498,Irinotecan,SIDM00227
213717,AMG-319,SIDM00592
183361,AZD3759,SIDM00562
222192,GSK591,SIDM00199
90065,Sapitinib,SIDM00833
105457,Entinostat,SIDM00384
48967,Dasatinib,SIDM01095
176565,Buparlisib,SIDM00875
111127,AZD5582,SIDM00929
85049,VX-11e,SIDM00211
219965,PD0325901,SIDM00287
216154,Palbociclib,SIDM00562
216239,Palbociclib,SIDM00835
215169,MK-2206,SIDM00875
179593,ABT737,SIDM00241
170660,Sabutoclax,SIDM00964
99795,Leflunomide,SIDM00973
118940,ML323,SIDM00343
251850,Tamoxifen,SIDM00935
87591,Epirubicin,SIDM00374
120849,PRT062607,SIDM00195
281840,Dabrafenib,SIDM00094
232800,AZD4547,SIDM01093
183760,AZD3759,SIDM00154
202521,Afatinib,SIDM01095
188433,Cediranib,SIDM00198
94579,I-BET-762,SIDM00121
182765,AGI-5198,SIDM00394
222506,VE821,SIDM00180
184431,Navitoclax,SIDM00375
86964,Epirubicin,SIDM01042
119951,Entospletinib,SIDM00197
185343,Vorinostat,SIDM00792
65135,Dinaciclib,SIDM00541
184729,Vorinostat,SIDM00091
311804,AZD8186,SIDM00905
51083,Crizotinib,SIDM00659
155993,Alisertib,SIDM00264
117273,OTX015,SIDM00198
94715,I-BET-762,SIDM01007
120523,PRT062607,SIDM00224
190283,GDC0810,SIDM00935
177150,Buparlisib,SIDM01006
213277,AMG-319,SIDM00789
98759,IWP-2,SIDM00309
143591,Ibrutinib,SIDM00483
18658,Gemcitabine,SIDM00127
53198,Sorafenib,SIDM00176
282655,Temozolomide,SIDM01133
43994,Obatoclax Mesylate,SIDM00501
52077,Rapamycin,SIDM00098
78816,Temozolomide,SIDM01140
56023,BMS-345541,SIDM01168
189478,Ipatasertib,SIDM00394
197166,P22077,SIDM00102
172505,OF-1,SIDM00198
118409,GSK343,SIDM00538
64989,Dinaciclib,SIDM00145
84689,VX-11e,SIDM00900
176572,Buparlisib,SIDM00291
220020,PD0325901,SIDM00496
148997,Dactinomycin,SIDM01090
54264,Irinotecan,SIDM00699
201758,WEHI-539,SIDM01098
87773,Cyclophosphamide,SIDM00230
160979,LCL161,SIDM00086
171067,LY2109761,SIDM01163
290700,AZD6738,SIDM00407
119084,ML323,SIDM00309
184785,AZD5363,SIDM00974
184796,AZD5363,SIDM00045
63611,Niraparib,SIDM00517
216231,Palbociclib,SIDM01097
98591,IWP-2,SIDM00316
93190,Lapatinib,SIDM00508
177574,Vinblastine,SIDM01097
111339,GSK2606414,SIDM00699
199023,UMI-77,SIDM00047
46,Erlotinib,SIDM00951
222087,GSK591,SIDM00259
221128,AZ6102,SIDM00197
111955,GSK2606414,SIDM00600
108596,VE-822,SIDM00393
172727,OF-1,SIDM01102
189233,Ipatasertib,SIDM00317
108567,VE-822,SIDM00374
69650,Fulvestrant,SIDM01248
173510,MN-64,SIDM00154
179977,Docetaxel,SIDM01163
172133,OF-1,SIDM00793
143112,Ibrutinib,SIDM01146
65591,Dinaciclib,SIDM00042
177416,Ulixertinib,SIDM00082
42299,5-Fluorouracil,SIDM00466
117754,GSK343,SIDM00900
118043,GSK343,SIDM00842
172529,OF-1,SIDM00100
172233,OF-1,SIDM00528
176939,Buparlisib,SIDM00261
172771,OF-1,SIDM00498
51125,Crizotinib,SIDM00310
212586,PD173074,SIDM01175
192800,I-BRD9,SIDM00793
3389,Sorafenib,SIDM01247
94516,Alpelisib,SIDM00793
204373,PLX-4720,SIDM00813
108279,VE-822,SIDM00543
233003,AZD4547,SIDM00042
197723,Savolitinib,SIDM00504
252088,Tamoxifen,SIDM00974
95419,Taselisib,SIDM00003
217153,Dactolisib,SIDM00833
14093,Bortezomib,SIDM01159
55258,GSK1904529A,SIDM01064
251912,Tamoxifen,SIDM00195
198621,UMI-77,SIDM00577
12340,Entinostat,SIDM01229
179248,ABT737,SIDM00174
190609,GDC0810,SIDM00530
283236,Temozolomide,SIDM00418
98560,IWP-2,SIDM00781
128,Camptothecin,SIDM00606
210975,Nutlin-3a (-),SIDM00196
183318,Gefitinib,SIDM00289
44683,BMS-754807,SIDM00832
89730,Sapitinib,SIDM00783
178869,Venetoclax,SIDM00259
61341,Erlotinib,SIDM00411
280820,Trametinib,SIDM00719
184936,Vorinostat,SIDM00577
170361,Sabutoclax,SIDM00274
195018,MIRA-1,SIDM01228
251920,Tamoxifen,SIDM00256
198695,UMI-77,SIDM01175
186017,Nilotinib,SIDM00569
94953,Alpelisib,SIDM00101
184853,Vorinostat,SIDM01007
51771,Rapamycin,SIDM00504
189104,Ipatasertib,SIDM00561
94403,Alpelisib,SIDM00367
216626,Palbociclib,SIDM00323
84913,VX-11e,SIDM00813
112714,PFI3,SIDM01198
116548,RVX-208,SIDM00976
109772,CZC24832,SIDM00793
178742,Venetoclax,SIDM00287
91079,Uprosertib,SIDM00384
183496,Gefitinib,SIDM00044
91101,Uprosertib,SIDM00935
89640,Sapitinib,SIDM01174
179119,Cytarabine,SIDM00417
182674,AGI-5198,SIDM00202
196169,NVP-ADW742,SIDM00466
177208,Buparlisib,SIDM00530
12350,Entinostat,SIDM00121
43666,Obatoclax Mesylate,SIDM00534
50718,Crizotinib,SIDM00291
120926,PRT062607,SIDM00394
199095,WIKI4,SIDM00320
281292,Trametinib,SIDM01237
95056,Alpelisib,SIDM00859
177397,Vinblastine,SIDM00291
49545,Luminespib,SIDM00970
173569,LGK974,SIDM00188
177304,Vinblastine,SIDM00003
20284,Vinorelbine,SIDM00211
173829,LGK974,SIDM00441
91192,Uprosertib,SIDM00114
149102,Dactinomycin,SIDM00540
64519,MK-1775,SIDM00201
170729,Sabutoclax,SIDM00257
18551,Gemcitabine,SIDM00964
176774,Buparlisib,SIDM00833
61430,Erlotinib,SIDM00488
45635,Linsitinib,SIDM00540
87931,Cyclophosphamide,SIDM00544
111569,GSK2606414,SIDM01073
3643,Tozasertib,SIDM00954
189027,Ipatasertib,SIDM00599
161015,LCL161,SIDM00923
70953,EPZ004777,SIDM01011
211543,BIBR-1532,SIDM00535
209914,Wee1 Inhibitor,SIDM00351
2194,Paclitaxel,SIDM00424
97938,SCH772984,SIDM00154
95787,Taselisib,SIDM01197
180625,Docetaxel,SIDM00466
111677,GSK2606414,SIDM01146
202300,WEHI-539,SIDM00964
93104,Lapatinib,SIDM00929
120651,Foretinib,SIDM00491
12643,Entinostat,SIDM00448
85068,VX-11e,SIDM00056
120737,PRT062607,SIDM00287
212722,PD173074,SIDM00328
216497,Palbociclib,SIDM00077
190245,GDC0810,SIDM01198
217209,Dactolisib,SIDM00324
58443,Ruxolitinib,SIDM00094
94690,I-BET-762,SIDM00291
196103,NVP-ADW742,SIDM00256
231479,AT13148,SIDM00833
50317,Paclitaxel,SIDM00974
219940,PD0325901,SIDM01247
171475,LY2109761,SIDM00584
184476,Navitoclax,SIDM00448
179442,Cytarabine,SIDM01155
217793,Pictilisib,SIDM00094
271323,XAV939,SIDM00251
105505,Entinostat,SIDM00381
184250,Navitoclax,SIDM00201
204524,PLX-4720,SIDM00592
221564,GSK591,SIDM01133
89564,Sapitinib,SIDM00269
180546,Docetaxel,SIDM00621
797,Camptothecin,SIDM00103
174273,LGK974,SIDM00976
198996,UMI-77,SIDM00362
182905,AGI-5198,SIDM00389
142833,Ibrutinib,SIDM00970
112707,PFI3,SIDM01228
220512,AZ6102,SIDM01126
214402,MK-8776,SIDM00308
189155,Olaparib,SIDM00627
175249,Wnt-C59,SIDM00539
183631,AZD3759,SIDM00261
217110,Dactolisib,SIDM01090
335,Erlotinib,SIDM00527
183247,AZD3759,SIDM01259
356,Erlotinib,SIDM00668
64645,MK-1775,SIDM00520
89052,Sepantronium bromide,SIDM01120
194796,MIRA-1,SIDM00553
266199,Talazoparib,SIDM00102
117363,OTX015,SIDM00975
45315,Linsitinib,SIDM00948
213375,AMG-319,SIDM00793
209685,Wee1 Inhibitor,SIDM00490
178927,Venetoclax,SIDM00579
54868,GSK1904529A,SIDM00003
180404,Docetaxel,SIDM00584
185186,Vorinostat,SIDM00205
18346,Gemcitabine,SIDM00441
45441,Linsitinib,SIDM00438
210383,Nutlin-3a (-),SIDM00294
171612,LY2109761,SIDM00621
96292,EPZ5676,SIDM00951
195628,NVP-ADW742,SIDM00111
179717,ABT737,SIDM01198
55937,Oxaliplatin,SIDM00466
189564,Ipatasertib,SIDM00350
303370,AZD5582,SIDM00565
280887,Trametinib,SIDM00632
89499,Sepantronium bromide,SIDM01168
202319,Afatinib,SIDM00948
116559,RVX-208,SIDM00668
178327,Cisplatin,SIDM00291
50075,Luminespib,SIDM00198
111791,GSK2606414,SIDM00233
143381,Ibrutinib,SIDM00311
289982,AZD6738,SIDM01229
92397,Lapatinib,SIDM01174
202794,Afatinib,SIDM00565
217414,Dactolisib,SIDM00491
56029,BMS-345541,SIDM01161
183879,AZD3759,SIDM00323
143615,Ibrutinib,SIDM00193
49743,Luminespib,SIDM00224
188920,Ipatasertib,SIDM00003
91161,Uprosertib,SIDM00621
232429,AZD4547,SIDM00923
197998,Savolitinib,SIDM00264
177599,Vinblastine,SIDM00251
99619,Leflunomide,SIDM00261
85002,VX-11e,SIDM01233
194360,AZD7762,SIDM01197
303316,AZD5582,SIDM00487
192987,I-BRD9,SIDM01092
197880,Savolitinib,SIDM01233
231523,AT13148,SIDM00343
210564,Nutlin-3a (-),SIDM00930
179342,ABT737,SIDM00096
231175,AT13148,SIDM00841
302898,AZD5582,SIDM00930
54424,Irinotecan,SIDM00094
109267,WZ4003,SIDM00501
94903,I-BET-762,SIDM00411
266335,Talazoparib,SIDM00538
231536,AT13148,SIDM00324
13960,Bortezomib,SIDM00900
179746,ABT737,SIDM00958
45443,Linsitinib,SIDM00504
2276,Paclitaxel,SIDM00198
170272,Sabutoclax,SIDM00145
73648,BMS-345541,SIDM01114
50369,Paclitaxel,SIDM00323
108287,VE-822,SIDM00211
182115,AGI-5198,SIDM00951
95730,Taselisib,SIDM00424
162780,MIM1,SIDM00826
55746,BMS-345541,SIDM00111
185118,Vorinostat,SIDM00332
97113,EPZ5676,SIDM00393
71005,EPZ004777,SIDM00472
108922,WZ4003,SIDM00599
63276,Niraparib,SIDM00535
221361,AZ6102,SIDM00406
219228,Uprosertib,SIDM01187
98886,IWP-2,SIDM00043
91011,Uprosertib,SIDM01183
70596,EPZ004777,SIDM00411
204092,PLX-4720,SIDM00120
214247,MK-8776,SIDM00145
89380,Sepantronium bromide,SIDM00528
215878,Palbociclib,SIDM00489
312254,AZD8186,SIDM01097
89604,Sepantronium bromide,SIDM00496
55690,BMS-345541,SIDM00417
199699,WIKI4,SIDM00264
143486,Ibrutinib,SIDM00583
198174,Savolitinib,SIDM00042
111397,GSK2606414,SIDM00970
12325,Entinostat,SIDM00182
197080,SB216763,SIDM00971
74006,AZ960,SIDM00599
119757,Entospletinib,SIDM00351
86913,Epirubicin,SIDM01245
67529,Bortezomib,SIDM00508
96589,EPZ5676,SIDM01145
189799,Olaparib,SIDM00198
155848,Alisertib,SIDM00251
266200,Talazoparib,SIDM00099
195092,MIRA-1,SIDM00381
281821,Dabrafenib,SIDM00145
113103,OSI-027,SIDM00781
120055,Entospletinib,SIDM00199
53289,Sorafenib,SIDM00498
60823,Erlotinib,SIDM01132
303083,AZD5582,SIDM00364
183455,AZD3759,SIDM00814
198116,Savolitinib,SIDM00199
61639,Erlotinib,SIDM00583
172396,OF-1,SIDM00287
282498,Dabrafenib,SIDM00250
231306,AT13148,SIDM01007
119811,Entospletinib,SIDM00316
172282,AGI-6780,SIDM00202
94768,Alpelisib,SIDM00317
177784,Ulixertinib,SIDM00287
232431,AZD4547,SIDM00930
213925,AMG-319,SIDM00550
120835,PRT062607,SIDM00659
183200,Gefitinib,SIDM01248
116217,RVX-208,SIDM00834
4913,Crizotinib,SIDM00441
94587,I-BET-762,SIDM00826
15822,Lapatinib,SIDM00422
195986,NVP-ADW742,SIDM01197
54922,Irinotecan,SIDM00309
117255,OTX015,SIDM00732
55059,Irinotecan,SIDM00044
116245,RVX-208,SIDM00584
218942,AZD8055,SIDM00241
768,Camptothecin,SIDM00394
97305,SCH772984,SIDM00326
192596,I-BRD9,SIDM01179
58888,Ruxolitinib,SIDM00197
65403,Dinaciclib,SIDM00218
214251,MK-8776,SIDM00841
55783,Oxaliplatin,SIDM00958
99682,Leflunomide,SIDM00527
193941,AZD7762,SIDM00292
215464,MK-2206,SIDM01064
232863,AZD4547,SIDM00098
63268,Niraparib,SIDM00612
89333,Sepantronium bromide,SIDM00808
206222,NU7441,SIDM00241
41717,5-Fluorouracil,SIDM00292
185958,Nilotinib,SIDM01159
174668,Wnt-C59,SIDM00224
116591,RVX-208,SIDM00374
217662,Pictilisib,SIDM01174
174513,Wnt-C59,SIDM01229
261395,Daporinad,SIDM00832
188990,Ipatasertib,SIDM01042
252151,Tamoxifen,SIDM00472
50358,Paclitaxel,SIDM00448
74310,AZ960,SIDM00234
15531,Lapatinib,SIDM00113
115948,RVX-208,SIDM00003
219909,PD0325901,SIDM00837
211952,BIBR-1532,SIDM00565
177271,Ulixertinib,SIDM01122
89777,Sepantronium bromide,SIDM00846
99494,Leflunomide,SIDM01247
192943,I-BRD9,SIDM00577
41581,5-Fluorouracil,SIDM00269
202237,WEHI-539,SIDM00343
91150,Uprosertib,SIDM00289
87818,Cyclophosphamide,SIDM00136
188355,Cediranib,SIDM00211
50025,Luminespib,SIDM00056
176764,Buparlisib,SIDM00814
174977,Wnt-C59,SIDM00234
65698,Dinaciclib,SIDM00214
179504,Cytarabine,SIDM00962
71007,EPZ004777,SIDM01041
41774,5-Fluorouracil,SIDM00118
188669,Cediranib,SIDM00416
109527,CZC24832,SIDM01160
178584,Venetoclax,SIDM00623
177838,Ulixertinib,SIDM00964
120454,PRT062607,SIDM00923
217485,Dactolisib,SIDM00350
143247,Ibrutinib,SIDM00324
61,Erlotinib,SIDM00181
197718,Savolitinib,SIDM00260
214831,MK-8776,SIDM00491
180798,Docetaxel,SIDM00483
117587,GSK343,SIDM00699
94916,Alpelisib,SIDM00289
56360,BMS-345541,SIDM00350
88398,Cyclophosphamide,SIDM00565
41969,5-Fluorouracil,SIDM00244
199153,WIKI4,SIDM00591
95159,I-BET-762,SIDM00104
98102,SCH772984,SIDM00193
120390,Foretinib,SIDM01159
221600,GSK591,SIDM00145
50017,Luminespib,SIDM00935
176771,Buparlisib,SIDM00837
210937,Nutlin-3a (-),SIDM00218
202353,Afatinib,SIDM00596
217567,Dactolisib,SIDM00538
98614,IWP-2,SIDM00343
9589,BMS-536924,SIDM00145
181208,Afuresertib,SIDM00326
232939,AZD4547,SIDM00077
87411,Epirubicin,SIDM00600
156117,Alisertib,SIDM00154
193324,I-BRD9,SIDM00104
183157,Gefitinib,SIDM00834
190292,GDC0810,SIDM00056
95132,I-BET-762,SIDM00377
214169,MK-8776,SIDM00953
113083,PCI-34051,SIDM01160
193207,I-BRD9,SIDM00205
113796,PCI-34051,SIDM00077
179229,Cytarabine,SIDM00277
178521,Venetoclax,SIDM01019
189323,Ipatasertib,SIDM00964
6726,Dasatinib,SIDM00422
87371,Epirubicin,SIDM00258
4822,Crizotinib,SIDM00121
281386,Trametinib,SIDM00201
120384,Foretinib,SIDM00420
178081,Cisplatin,SIDM00699
141,Camptothecin,SIDM00181
54715,Irinotecan,SIDM00837
170800,Sabutoclax,SIDM00377
56177,BMS-345541,SIDM00659
88045,Cyclophosphamide,SIDM00562
218087,Pictilisib,SIDM01183
143464,Ibrutinib,SIDM00520
202485,WEHI-539,SIDM00102
2009,Paclitaxel,SIDM00182
282758,Temozolomide,SIDM00948
184329,AZD5363,SIDM00244
210288,Wee1 Inhibitor,SIDM00448
108858,WZ4003,SIDM00923
172578,OF-1,SIDM00465
312650,AZD8186,SIDM01114
74387,AZ960,SIDM00551
311854,AZD8186,SIDM00294
96811,EPZ5676,SIDM00242
194837,MIRA-1,SIDM00388
331319,Pevonedistat,SIDM00487
219442,PD0325901,SIDM00627
120281,Foretinib,SIDM00438
280916,Trametinib,SIDM00367
120480,Foretinib,SIDM00243
215373,MK-2206,SIDM00317
96518,EPZ5676,SIDM00541
217976,Pictilisib,SIDM00562
94777,Alpelisib,SIDM00584
44087,Obatoclax Mesylate,SIDM00104
196891,P22077,SIDM00317
171864,LY2109761,SIDM00817
90267,Sapitinib,SIDM00100
170605,Sabutoclax,SIDM01233
96038,Taselisib,SIDM00583
222555,VE821,SIDM00826
18518,Gemcitabine,SIDM01198
185994,Nilotinib,SIDM01248
222674,VE821,SIDM00599
189966,GDC0810,SIDM00875
108796,WZ4003,SIDM00121
95385,Taselisib,SIDM00136
199850,WIKI4,SIDM00583
63572,Niraparib,SIDM00261
98474,IWP-2,SIDM00260
172210,AGI-6780,SIDM00285
195756,NVP-ADW742,SIDM00537
97532,SCH772984,SIDM00438
181616,Afuresertib,SIDM01198
173059,MN-64,SIDM00064
170774,Sabutoclax,SIDM00527
283153,Temozolomide,SIDM00256
195420,NVP-ADW742,SIDM00203
190071,Olaparib,SIDM00193
70389,EPZ004777,SIDM01206
61465,Erlotinib,SIDM00234
195578,NVP-ADW742,SIDM00326
183664,Navitoclax,SIDM01179
181982,Afuresertib,SIDM00047
202339,Afatinib,SIDM00274
194999,MIRA-1,SIDM00267
89282,Sepantronium bromide,SIDM00863
96772,EPZ5676,SIDM00540
84983,VX-11e,SIDM01247
89685,Sapitinib,SIDM00632
214596,MK-8776,SIDM00233
67049,Bortezomib,SIDM00260
204415,PLX-4720,SIDM01175
182639,AGI-5198,SIDM00218
163452,MIM1,SIDM00407
55098,GSK1904529A,SIDM00364
180276,Docetaxel,SIDM00504
172181,AGI-6780,SIDM00810
117803,GSK343,SIDM01042
58829,Ruxolitinib,SIDM00488
296314,Fulvestrant,SIDM00294
181238,Afuresertib,SIDM00841
117165,OTX015,SIDM00287
19892,Vinorelbine,SIDM00826
84481,VX-11e,SIDM00889
58562,Ruxolitinib,SIDM01019
176982,Buparlisib,SIDM00517
96069,Taselisib,SIDM00375
204680,PLX-4720,SIDM00975
331427,Pevonedistat,SIDM00375
214656,MK-8776,SIDM00332
192306,GSK2578215A,SIDM00551
9549,BMS-536924,SIDM00970
171829,AGI-6780,SIDM00096
202825,Afatinib,SIDM00929
251485,Tamoxifen,SIDM00900
568,Camptothecin,SIDM01228
173000,MN-64,SIDM00954
149243,Dactinomycin,SIDM00104
1294,Vinblastine,SIDM00655
216665,Palbociclib,SIDM00214
231855,AT13148,SIDM01011
185471,AZD6738,SIDM00384
215477,MK-2206,SIDM00299
184312,Navitoclax,SIDM01220
54953,GSK1904529A,SIDM00875
65358,Dinaciclib,SIDM00384
186053,Nilotinib,SIDM00958
210969,Nutlin-3a (-),SIDM00201
109275,WZ4003,SIDM00098
302680,AZD5582,SIDM01120
216681,Vinorelbine,SIDM00483
93172,Lapatinib,SIDM00350
63754,Niraparib,SIDM00176
177862,Ulixertinib,SIDM00242
97341,SCH772984,SIDM00091
118518,ML323,SIDM00885
185849,Nilotinib,SIDM00561
90902,Uprosertib,SIDM00438
266080,Talazoparib,SIDM00261
271723,XAV939,SIDM00444
70575,EPZ004777,SIDM01168
178690,Venetoclax,SIDM00833
20300,Vinorelbine,SIDM00302
89851,Sapitinib,SIDM01251
211229,BIBR-1532,SIDM01120
681,Rapamycin,SIDM00202
95269,Taselisib,SIDM01126
177168,Vinblastine,SIDM01098
55454,GSK1904529A,SIDM00583
84936,VX-11e,SIDM01097
303307,AZD5582,SIDM00256
176610,Buparlisib,SIDM00541
302706,AZD5582,SIDM00699
39244,Dactolisib,SIDM00508
119804,Entospletinib,SIDM00424
182533,AGI-5198,SIDM01247
174624,Wnt-C59,SIDM00277
63971,MK-1775,SIDM00230
184218,Navitoclax,SIDM00218
183175,Gefitinib,SIDM00424
50004,Luminespib,SIDM00243
392,Camptothecin,SIDM00438
162859,MIM1,SIDM01042
228361,BMS-536924,SIDM00565
54785,GSK1904529A,SIDM00591
98745,IWP-2,SIDM00427
43985,Obatoclax Mesylate,SIDM00156
185997,Nilotinib,SIDM00917
172433,OF-1,SIDM00285
176846,Buparlisib,SIDM01187
116491,RVX-208,SIDM00154
220993,AZ6102,SIDM00233
271574,XAV939,SIDM00418
108224,VE-822,SIDM01247
212128,BIBR-1532,SIDM00472
170943,Sabutoclax,SIDM00969
173719,LGK974,SIDM00277
74189,AZ960,SIDM01183
212108,PD173074,SIDM00889
87726,Cyclophosphamide,SIDM01174
105375,Entinostat,SIDM01168
177760,Vinblastine,SIDM00259
218029,Pictilisib,SIDM01092
191860,GSK2578215A,SIDM01259
218465,Pictilisib,SIDM00416
210296,Wee1 Inhibitor,SIDM00407
3530,Sorafenib,SIDM00422
43449,Obatoclax Mesylate,SIDM00970
179939,ABT737,SIDM00099
281935,Dabrafenib,SIDM01206
42324,5-Fluorouracil,SIDM00491
68597,Tamoxifen,SIDM01140
219566,PD0325901,SIDM00180
187005,Osimertinib,SIDM00003
6671,Dasatinib,SIDM00256
53036,Sorafenib,SIDM00098
18360,Gemcitabine,SIDM00244
185604,Nilotinib,SIDM00181
91191,Uprosertib,SIDM00517
52795,Sorafenib,SIDM00351
74174,AZ960,SIDM01175
188599,Cediranib,SIDM00044
5130,Crizotinib,SIDM00374
193311,I-BRD9,SIDM00491
312430,AZD8186,SIDM00202
172053,OF-1,SIDM00082
232251,AZD4547,SIDM01098
155857,Alisertib,SIDM00411
210375,Foretinib,SIDM00632
178631,Cisplatin,SIDM00592
112442,PFI3,SIDM01042
178891,Cisplatin,SIDM01006
90484,Sapitinib,SIDM00968
172389,AGI-6780,SIDM00491
202590,Afatinib,SIDM01248
48791,Dasatinib,SIDM00875
2075,Paclitaxel,SIDM00274
20522,Vinorelbine,SIDM00042
96950,EPZ5676,SIDM00418
112901,PFI3,SIDM00491
61031,Erlotinib,SIDM00094
228313,BMS-536924,SIDM00101
233092,AZD4547,SIDM00250
183716,Navitoclax,SIDM00970
209972,Wee1 Inhibitor,SIDM00584
45793,Linsitinib,SIDM00371
155649,Alisertib,SIDM00291
179874,ABT737,SIDM00127
106,Camptothecin,SIDM00489
297144,Fulvestrant,SIDM00483
290211,AZD6738,SIDM00562
45652,Linsitinib,SIDM00592
5062,Crizotinib,SIDM00202
210846,Nutlin-3a (-),SIDM00842
222954,VE821,SIDM00243
192979,I-BRD9,SIDM01140
198522,UMI-77,SIDM00875
197738,Savolitinib,SIDM01146
105566,Entinostat,SIDM00311
261709,Daporinad,SIDM00044
98567,IWP-2,SIDM00834
199959,WIKI4,SIDM01041
116629,RVX-208,SIDM00231
183118,Gefitinib,SIDM01090
885,Camptothecin,SIDM01006
196762,P22077,SIDM00561
198443,UMI-77,SIDM00091
215590,MK-2206,SIDM00465
194309,AZD7762,SIDM00411
15520,Lapatinib,SIDM00082
217311,Dactolisib,SIDM00205
19580,SB216763,SIDM00214
185433,Vorinostat,SIDM00967
113569,PCI-34051,SIDM00482
190128,GDC0810,SIDM01090
15592,Lapatinib,SIDM00553
178165,Ulixertinib,SIDM00538
184726,Vorinostat,SIDM00096
177065,Buparlisib,SIDM00102
196758,P22077,SIDM00388
171843,LY2109761,SIDM00967
14136,Bortezomib,SIDM00211
213773,AMG-319,SIDM00262
213610,AMG-319,SIDM01161
211219,Nutlin-3a (-),SIDM00967
186197,Nilotinib,SIDM01149
215753,MK-2206,SIDM00472
177600,Ulixertinib,SIDM00528
70530,EPZ004777,SIDM01090
99321,Leflunomide,SIDM00541
89884,Sepantronium bromide,SIDM00483
51213,Crizotinib,SIDM00102
171311,LY2109761,SIDM00534
92932,Lapatinib,SIDM00488
177332,Ulixertinib,SIDM00174
187463,Osimertinib,SIDM00659
15564,Lapatinib,SIDM00227
12389,Entinostat,SIDM01047
6601,Dasatinib,SIDM00962
1074,Vinblastine,SIDM00180
217305,Dactolisib,SIDM00261
204353,PLX-4720,SIDM00758
283085,Temozolomide,SIDM00592
289808,Gemcitabine,SIDM00530
209967,Wee1 Inhibitor,SIDM00316
95043,Alpelisib,SIDM00103
283147,Temozolomide,SIDM00259
116006,RVX-208,SIDM00864
97204,SCH772984,SIDM00320
186148,Nilotinib,SIDM00101
271211,XAV939,SIDM00561
183120,Gefitinib,SIDM00813
204207,PLX-4720,SIDM00544
183292,Gefitinib,SIDM01093
85705,Ruxolitinib,SIDM00231
191720,GSK2578215A,SIDM00292
76449,Trametinib,SIDM01132
232843,AZD4547,SIDM00156
91121,Uprosertib,SIDM00242
9291,BI-2536,SIDM00562
118965,ML323,SIDM01197
112134,GSK2606414,SIDM01102
119537,Entospletinib,SIDM00490
182640,AGI-5198,SIDM01093
290107,AZD6738,SIDM01251
115764,RVX-208,SIDM01160
116008,RVX-208,SIDM00863
177719,Ulixertinib,SIDM00781
89552,Sepantronium bromide,SIDM00962
182026,AGI-5198,SIDM01120
283152,Temozolomide,SIDM00257
220294,PD0325901,SIDM00374
218164,Pictilisib,SIDM00243
9849,BMS-536924,SIDM01149
90640,Uprosertib,SIDM00632
50234,Luminespib,SIDM00044
175168,Wnt-C59,SIDM00042
202719,Afatinib,SIDM00621
204206,PLX-4720,SIDM00227
120759,PRT062607,SIDM00896
149226,Dactinomycin,SIDM00371
202690,Afatinib,SIDM00234
214649,MK-8776,SIDM00540
63570,Niraparib,SIDM00289
118896,ML323,SIDM00837
55838,BMS-345541,SIDM00679
194453,AZD7762,SIDM00205
185938,Nilotinib,SIDM00379
173996,LGK974,SIDM00810
170435,Sabutoclax,SIDM00346
119131,ML323,SIDM00465
50364,Paclitaxel,SIDM00406
179369,ABT737,SIDM00490
387,Camptothecin,SIDM00388
266263,Talazoparib,SIDM00974
54705,Irinotecan,SIDM00781
175017,Wnt-C59,SIDM00256
44076,Obatoclax Mesylate,SIDM00077
202427,Afatinib,SIDM00528
192176,GSK2578215A,SIDM00958
45780,Linsitinib,SIDM00465
232776,AZD4547,SIDM00964
198912,UMI-77,SIDM00077
282462,Dabrafenib,SIDM00374
155616,Alisertib,SIDM00863
191920,GSK2578215A,SIDM00553
108033,VE-822,SIDM00224
228132,BMS-536924,SIDM00251
302660,AZD5582,SIDM00263
202771,Afatinib,SIDM00127
50291,Luminespib,SIDM00323
3716,Tozasertib,SIDM00562
177905,Ulixertinib,SIDM00197
220037,PD0325901,SIDM00218
116728,OTX015,SIDM01163
178351,Venetoclax,SIDM00326
118918,ML323,SIDM00971
88580,Cyclophosphamide,SIDM00483
120688,PRT062607,SIDM01159
179119,Venetoclax,SIDM00444
193032,I-BRD9,SIDM00837
55151,GSK1904529A,SIDM01168
231495,AT13148,SIDM00317
192873,I-BRD9,SIDM00535
3375,Sorafenib,SIDM01097
89567,Sepantronium bromide,SIDM01198
174611,Wnt-C59,SIDM00948
117697,GSK343,SIDM00783
49290,Dasatinib,SIDM00102
56040,BMS-345541,SIDM00317
108510,VE-822,SIDM00043
211052,Nutlin-3a (-),SIDM00466
96677,EPZ5676,SIDM00837
70707,EPZ004777,SIDM00299
311855,AZD8186,SIDM01098
142828,Ibrutinib,SIDM00190
65462,Dinaciclib,SIDM00309
185778,Nilotinib,SIDM00224
198688,UMI-77,SIDM00835
174320,LGK974,SIDM00422
176919,Buparlisib,SIDM00410
188318,Cediranib,SIDM00569
202238,WEHI-539,SIDM00267
108636,WZ4003,SIDM00905
172498,OF-1,SIDM00264
176555,Buparlisib,SIDM00227
95058,I-BET-762,SIDM00256
61319,Erlotinib,SIDM00837
175246,Wnt-C59,SIDM00445
179764,ABT737,SIDM00056
184535,Vorinostat,SIDM00269
192451,GSK2578215A,SIDM01011
171745,LY2109761,SIDM00583
231061,AT13148,SIDM01174
43712,Obatoclax Mesylate,SIDM00260
181826,Afuresertib,SIDM00929
120717,Foretinib,SIDM00042
213607,AMG-319,SIDM01159
209950,Wee1 Inhibitor,SIDM01159
67416,Bortezomib,SIDM00466
95781,Taselisib,SIDM01228
109955,CZC24832,SIDM01095
178697,Venetoclax,SIDM00252
90990,Uprosertib,SIDM00835
190569,GDC0810,SIDM00362
170924,Sabutoclax,SIDM00362
95339,Taselisib,SIDM00230
113884,PCI-34051,SIDM00688
143378,Ibrutinib,SIDM00098
324749,Olaparib,SIDM00180
109346,WZ4003,SIDM00077
181737,Afuresertib,SIDM00680
161104,LCL161,SIDM00541
172514,AGI-6780,SIDM00968
186118,Nilotinib,SIDM00201
86961,Epirubicin,SIDM01047
3397,Sorafenib,SIDM00233
45647,Linsitinib,SIDM00964
282490,Dabrafenib,SIDM00444
271405,XAV939,SIDM00540
18544,Gemcitabine,SIDM00332
184251,Navitoclax,SIDM00202
214845,MK-8776,SIDM00103
183864,Navitoclax,SIDM00864
171915,OF-1,SIDM01122
281624,Trametinib,SIDM00967
202463,WEHI-539,SIDM00418
2953,Cytarabine,SIDM00285
188450,Cediranib,SIDM00680
251383,Tamoxifen,SIDM00591
311805,AZD8186,SIDM00627
186063,Nilotinib,SIDM01064
210902,Nutlin-3a (-),SIDM00211
149159,Dactinomycin,SIDM00196
6580,Dasatinib,SIDM00412
194609,MIRA-1,SIDM01229
149045,Dactinomycin,SIDM00316
179268,ABT737,SIDM00591
97326,SCH772984,SIDM00121
183457,AZD3759,SIDM00835
49845,Paclitaxel,SIDM00260
65433,Dinaciclib,SIDM00202
182001,Afuresertib,SIDM00498
170662,Sabutoclax,SIDM00488
195543,NVP-ADW742,SIDM00606
184285,AZD5363,SIDM00549
170141,Sabutoclax,SIDM00699
118161,GSK343,SIDM00262
212534,PD173074,SIDM00241
91102,Uprosertib,SIDM00488
65088,Dinaciclib,SIDM01251
12504,Entinostat,SIDM01159
118630,ML323,SIDM00086
174346,LGK974,SIDM00047
290204,AZD6738,SIDM00532
93117,Lapatinib,SIDM00154
111937,GSK2606414,SIDM00100
163448,MIM1,SIDM00374
54940,GSK1904529A,SIDM00274
98632,IWP-2,SIDM00810
199478,WIKI4,SIDM00241
18454,Gemcitabine,SIDM00832
63102,Niraparib,SIDM00326
281074,Trametinib,SIDM01007
96519,EPZ5676,SIDM00534
85121,VX-11e,SIDM00198
70195,EPZ004777,SIDM00591
199331,WIKI4,SIDM00291
110090,CZC24832,SIDM00496
180539,Docetaxel,SIDM00262
120018,Foretinib,SIDM00970
120858,PRT062607,SIDM00427
112905,PFI3,SIDM00929
85664,Ruxolitinib,SIDM01114
200864,Sepantronium bromide,SIDM01011
161106,LCL161,SIDM00535
210603,Nutlin-3a (-),SIDM01251
116171,RVX-208,SIDM00364
18466,Gemcitabine,SIDM00317
94204,Luminespib,SIDM00969
178142,Ulixertinib,SIDM00416
118022,GSK343,SIDM00317
58262,Ruxolitinib,SIDM01120
182793,AGI-5198,SIDM00104
182776,Gefitinib,SIDM00174
93116,Lapatinib,SIDM00099
214185,MK-8776,SIDM00606
297107,Fulvestrant,SIDM00362
214372,MK-8776,SIDM01206
173423,MN-64,SIDM00100
110266,CZC24832,SIDM00846
118391,GSK343,SIDM00968
173239,MN-64,SIDM01175
178278,Venetoclax,SIDM01163
99623,Leflunomide,SIDM00202
52723,Sorafenib,SIDM00532
179047,Venetoclax,SIDM00974
302670,AZD5582,SIDM00905
58330,Ruxolitinib,SIDM00885
174411,Wnt-C59,SIDM00719
67343,Bortezomib,SIDM00259
220318,PD0325901,SIDM00472
49436,Luminespib,SIDM00269
143371,Ibrutinib,SIDM00487
184484,Navitoclax,SIDM00407
3295,Sorafenib,SIDM00612
219564,PD0325901,SIDM00182
172616,OF-1,SIDM00154
115755,RVX-208,SIDM01132
75001,Talazoparib,SIDM00655
174547,Wnt-C59,SIDM00826
266253,Talazoparib,SIDM00350
180515,Docetaxel,SIDM00328
120201,Entospletinib,SIDM00231
204029,PLX-4720,SIDM00489
110211,CZC24832,SIDM00137
54411,Irinotecan,SIDM00096
290668,AZD6738,SIDM00688
179634,Cytarabine,SIDM00487
53034,Sorafenib,SIDM00101
18168,Gemcitabine,SIDM00091
119001,ML323,SIDM00488
2312,Paclitaxel,SIDM00045
289806,Gemcitabine,SIDM00539
231768,AT13148,SIDM00104
182503,AGI-5198,SIDM01175
184792,AZD5363,SIDM00176
173907,LGK974,SIDM01095
194690,AZD7762,SIDM00969
171479,LY2109761,SIDM01247
199734,WIKI4,SIDM00100
162857,MIM1,SIDM00277
51270,Crizotinib,SIDM00350
91140,Uprosertib,SIDM00732
184315,AZD5363,SIDM00561
186198,Nilotinib,SIDM00565
170620,Sabutoclax,SIDM01228
188192,Cediranib,SIDM00758
90814,Uprosertib,SIDM00064
20260,Vinorelbine,SIDM01198
232841,AZD4547,SIDM00258
303465,AZD5582,SIDM00375
55860,BMS-345541,SIDM00612
297034,Fulvestrant,SIDM00583
282107,Dabrafenib,SIDM01205
97049,EPZ5676,SIDM00045
202402,WEHI-539,SIDM00114
90424,Sapitinib,SIDM00974
90444,Sapitinib,SIDM01006
228537,BMS-536924,SIDM00538
296917,Fulvestrant,SIDM00101
233010,AZD4547,SIDM00375
204730,PLX-4720,SIDM00550
64896,Dinaciclib,SIDM00885
180041,ABT737,SIDM00362
232354,AZD4547,SIDM00136
118247,GSK343,SIDM00394
282115,Dabrafenib,SIDM00411
220345,PD0325901,SIDM00498
184455,Navitoclax,SIDM01006
116380,RVX-208,SIDM00197
91065,Uprosertib,SIDM01197
56369,BMS-345541,SIDM00976
209687,Wee1 Inhibitor,SIDM00900
216102,Palbociclib,SIDM00553
15814,Lapatinib,SIDM00448
63817,Niraparib,SIDM00393
196166,NVP-ADW742,SIDM00565
45613,Obatoclax Mesylate,SIDM00445
284076,Afatinib,SIDM00311
118384,GSK343,SIDM00422
2234,Paclitaxel,SIDM00211
43877,Obatoclax Mesylate,SIDM00810
61749,Erlotinib,SIDM00445
202676,Afatinib,SIDM00242
90186,Sapitinib,SIDM00721
97267,SCH772984,SIDM00230
214723,MK-8776,SIDM00264
119961,Foretinib,SIDM01126
219615,PD0325901,SIDM00145
290720,AZD6738,SIDM01041
197944,Savolitinib,SIDM00592
192878,I-BRD9,SIDM00553
290430,AZD6738,SIDM00242
282407,Dabrafenib,SIDM00044
54891,Irinotecan,SIDM00205
107875,VE-822,SIDM00417
281249,Trametinib,SIDM00412
70943,EPZ004777,SIDM00508
290450,AZD6738,SIDM00732
112020,GSK2606414,SIDM00104
221372,AZ6102,SIDM00968
170669,Sabutoclax,SIDM00056
228116,BMS-536924,SIDM01155
155859,Alisertib,SIDM00971
64627,MK-1775,SIDM00491
64525,MK-1775,SIDM00621
202173,Afatinib,SIDM00953
61420,Erlotinib,SIDM00958
50361,Paclitaxel,SIDM00389
184604,AZD5363,SIDM00196
184176,Navitoclax,SIDM00543
223292,VE821,SIDM00393
211410,BIBR-1532,SIDM00003
251405,Tamoxifen,SIDM00292
172014,AGI-6780,SIDM00561
190155,GDC0810,SIDM00379
223218,VE821,SIDM00973
197903,Savolitinib,SIDM01198
312599,AZD8186,SIDM00042
303458,AZD5582,SIDM00042
177068,Buparlisib,SIDM00520
177396,Vinblastine,SIDM00064
98043,SCH772984,SIDM01114
290045,AZD6738,SIDM00490
116794,OTX015,SIDM01229
228227,BMS-536924,SIDM00964
231504,AT13148,SIDM00584
3267,Sorafenib,SIDM00276
163179,MIM1,SIDM00592
189271,Ipatasertib,SIDM00962
199881,WIKI4,SIDM00375
265703,Talazoparib,SIDM00864
232673,AZD4547,SIDM01175
161648,LCL161,SIDM00968
189602,Olaparib,SIDM01095
297081,Fulvestrant,SIDM00668
188352,Cediranib,SIDM00285
91187,Uprosertib,SIDM00310
2092,Paclitaxel,SIDM00808
55719,BMS-345541,SIDM00082
149126,Dactinomycin,SIDM00721
188021,Cediranib,SIDM00864
186271,Nilotinib,SIDM00550
89397,Pevonedistat,SIDM00154
163124,MIM1,SIDM00287
266031,Talazoparib,SIDM00592
179355,ABT737,SIDM00094
282886,Temozolomide,SIDM00562
61717,Erlotinib,SIDM01114
311925,AZD8186,SIDM00182
282363,Dabrafenib,SIDM00099
178333,Venetoclax,SIDM00292
202683,Afatinib,SIDM00381
174932,Wnt-C59,SIDM00243
192874,I-BRD9,SIDM00537
120668,PRT062607,SIDM00379
282769,Temozolomide,SIDM01047
189478,Olaparib,SIDM00535
184843,Vorinostat,SIDM01206
202307,Afatinib,SIDM00923
178528,Cisplatin,SIDM01161
110390,CZC24832,SIDM00047
296491,Fulvestrant,SIDM00930
56067,Oxaliplatin,SIDM00631
91410,Uprosertib,SIDM00817
303199,AZD5582,SIDM01228
171340,LY2109761,SIDM00528
189208,Ipatasertib,SIDM01155
163352,MIM1,SIDM00099
113947,PCI-34051,SIDM00250
296728,Fulvestrant,SIDM01168
220975,AZ6102,SIDM00971
97822,SCH772984,SIDM00195
183943,Navitoclax,SIDM00308
93255,Lapatinib,SIDM00445
221357,AZ6102,SIDM00374
65023,Dinaciclib,SIDM00490
178842,Venetoclax,SIDM00732
185069,Vorinostat,SIDM00267
171936,OF-1,SIDM00293
49815,Luminespib,SIDM00623
54601,Irinotecan,SIDM00388
197068,P22077,SIDM00501
216038,Palbociclib,SIDM01042
50935,Crizotinib,SIDM01183
184565,AZD5363,SIDM00381
98592,IWP-2,SIDM00971
190455,GDC0810,SIDM00929
202632,WEHI-539,SIDM00047
54968,Irinotecan,SIDM00565
94760,Alpelisib,SIDM00251
116226,RVX-208,SIDM01161
281033,Trametinib,SIDM00227
179130,Cytarabine,SIDM00783
58724,Ruxolitinib,SIDM01168
221243,AZ6102,SIDM00104
119801,Entospletinib,SIDM01205
143423,Ibrutinib,SIDM00565
221569,GSK591,SIDM00417
179797,Cytarabine,SIDM00976
173361,MN-64,SIDM00242
177380,Vinblastine,SIDM00227
74234,AZ960,SIDM01237
185870,Nilotinib,SIDM00576
202356,WEHI-539,SIDM00659
87652,Cyclophosphamide,SIDM00203
213463,AMG-319,SIDM00346
49288,Dasatinib,SIDM00104
193393,I-BRD9,SIDM00973
18625,Gemcitabine,SIDM00680
195556,NVP-ADW742,SIDM00181
18288,Gemcitabine,SIDM01007
120956,PRT062607,SIDM00099
218180,Pictilisib,SIDM00592
173634,LGK974,SIDM00121
87327,Epirubicin,SIDM01093
281955,Dabrafenib,SIDM00534
215256,MK-2206,SIDM00388
109574,CZC24832,SIDM00320
195655,NVP-ADW742,SIDM00954
232392,AZD4547,SIDM00094
73945,AZ960,SIDM00930
190170,GDC0810,SIDM00420
189008,Ipatasertib,SIDM00875
107734,VE-822,SIDM00203
109357,WZ4003,SIDM00104
51141,Crizotinib,SIDM00600
215136,MK-2206,SIDM00948
99734,Leflunomide,SIDM00103
113271,OSI-027,SIDM00264
99011,Leflunomide,SIDM00627
618,Rapamycin,SIDM01248
187869,Cediranib,SIDM00953
193877,AZD7762,SIDM01174
312138,AZD8186,SIDM00549
209889,Wee1 Inhibitor,SIDM00758
51396,Rapamycin,SIDM00627
173974,LGK974,SIDM00233
54885,Irinotecan,SIDM00264
210861,Nutlin-3a (-),SIDM00287
218133,Pictilisib,SIDM00569
171840,AGI-6780,SIDM00086
109567,CZC24832,SIDM00719
107732,VE-822,SIDM00263
149203,Dactinomycin,SIDM00527
63416,Niraparib,SIDM00837
221505,GSK591,SIDM00885
87657,Cyclophosphamide,SIDM01160
120096,Entospletinib,SIDM00700
6508,Dasatinib,SIDM00677
228232,BMS-536924,SIDM00496
148951,Dactinomycin,SIDM00260
97765,SCH772984,SIDM00721
116315,RVX-208,SIDM00958
190213,GDC0810,SIDM00233
170873,Sabutoclax,SIDM00043
54944,GSK1904529A,SIDM00544
189182,Olaparib,SIDM01122
194591,MIRA-1,SIDM00181
283356,Temozolomide,SIDM00448
48762,Dasatinib,SIDM00864
195313,MIRA-1,SIDM00976
94449,I-BET-762,SIDM00699
156239,Alisertib,SIDM00530
172196,OF-1,SIDM00612
172697,OF-1,SIDM00631
119560,Entospletinib,SIDM00923
176659,Buparlisib,SIDM00260
172681,OF-1,SIDM00176
210604,Nutlin-3a (-),SIDM01073
194698,MIRA-1,SIDM00923
296347,Fulvestrant,SIDM00174
312187,AZD8186,SIDM00576
178050,Ulixertinib,SIDM00583
113131,PCI-34051,SIDM00293
163298,MIM1,SIDM00638
215382,MK-2206,SIDM00584
90619,Uprosertib,SIDM00174
50021,Luminespib,SIDM00496
162831,MIM1,SIDM00923
232945,AZD4547,SIDM00199
108407,VE-822,SIDM00551
180230,Docetaxel,SIDM00308
174790,Wnt-C59,SIDM00241
282409,Dabrafenib,SIDM00042
173637,MN-64,SIDM00445
202919,Afatinib,SIDM01006
94754,Alpelisib,SIDM00832
117247,OTX015,SIDM00023
184670,Vorinostat,SIDM00182
214448,MK-8776,SIDM00504
143358,Ibrutinib,SIDM00259
107742,VE-822,SIDM00905
192508,GSK2578215A,SIDM00483
88196,Cyclophosphamide,SIDM01233
2190,Paclitaxel,SIDM01161
175102,Wnt-C59,SIDM00418
51112,Crizotinib,SIDM00680
251659,Tamoxifen,SIDM01145
63590,Niraparib,SIDM00257
14019,Bortezomib,SIDM00346
52422,Sorafenib,SIDM01163
210195,Wee1 Inhibitor,SIDM00077
211207,Nutlin-3a (-),SIDM00323
90160,Sapitinib,SIDM00243
179345,ABT737,SIDM00091
84776,VX-11e,SIDM01206
67594,Bortezomib,SIDM00483
251333,Tamoxifen,SIDM01098
5688,Gefitinib,SIDM00655
55498,Oxaliplatin,SIDM00224
186050,Nilotinib,SIDM00211
112992,PFI3,SIDM01011
194600,AZD7762,SIDM00583
222197,GSK591,SIDM00104
45717,Linsitinib,SIDM00256
115766,RVX-208,SIDM00889
115906,RVX-208,SIDM00326
179781,Cytarabine,SIDM00044
185379,Vorinostat,SIDM00176
55045,GSK1904529A,SIDM00441
217545,Dactolisib,SIDM00416
266095,Talazoparib,SIDM00156
116626,RVX-208,SIDM00047
183548,Gefitinib,SIDM01114
97141,SCH772984,SIDM01132
211519,BIBR-1532,SIDM01206
183703,AZD3759,SIDM00638
172304,OF-1,SIDM01090
190227,GDC0810,SIDM00287
290707,AZD6738,SIDM00969
189649,Ipatasertib,SIDM00539
265781,Talazoparib,SIDM00308
70282,EPZ004777,SIDM00086
120955,PRT062607,SIDM00102
186112,Nilotinib,SIDM00289
182911,AGI-5198,SIDM00422
212133,BIBR-1532,SIDM00393
198011,Savolitinib,SIDM00259
177786,Ulixertinib,SIDM00962
61574,Erlotinib,SIDM00465
189819,Olaparib,SIDM00501
88558,Cyclophosphamide,SIDM00323
194460,AZD7762,SIDM00259
161570,LCL161,SIDM00700
251728,Tamoxifen,SIDM00379
120769,PRT062607,SIDM00543
173519,LGK974,SIDM00294
94685,Alpelisib,SIDM00758
173957,LGK974,SIDM00316
261624,Daporinad,SIDM00466
188468,Cediranib,SIDM00114
178483,Venetoclax,SIDM00596
181971,Afuresertib,SIDM00472
109844,CZC24832,SIDM00537
218112,Pictilisib,SIDM00233
108783,WZ4003,SIDM00136
202270,Afatinib,SIDM00094
212125,BIBR-1532,SIDM00967
202367,Afatinib,SIDM00679
57729,GSK1904529A,SIDM00721
47657,5-Fluorouracil,SIDM00606
143572,Ibrutinib,SIDM01102
303223,AZD5582,SIDM00540
39926,Pictilisib,SIDM00384
179057,Venetoclax,SIDM00668
182827,Gefitinib,SIDM01133
177842,Ulixertinib,SIDM01064
177804,Ulixertinib,SIDM01187
221965,GSK591,SIDM00324
53,Camptothecin,SIDM00719
312529,AZD8186,SIDM00975
222005,GSK591,SIDM00211
3169,Sorafenib,SIDM01179
199824,WIKI4,SIDM00102
186254,Nilotinib,SIDM00846
99715,Leflunomide,SIDM00418
12482,Entinostat,SIDM00241
296908,Fulvestrant,SIDM00680
99738,Leflunomide,SIDM00520
44196,Obatoclax Mesylate,SIDM00416
184110,Navitoclax,SIDM00411
89702,Sapitinib,SIDM00181
65302,Dinaciclib,SIDM00584
251784,Tamoxifen,SIDM00842
117236,OTX015,SIDM00242
41589,5-Fluorouracil,SIDM00889
190548,GDC0810,SIDM00688
58586,Ruxolitinib,SIDM00346
217155,Dactolisib,SIDM00832
53271,Sorafenib,SIDM00250
113758,PCI-34051,SIDM00638
199200,WIKI4,SIDM00789
53286,Sorafenib,SIDM00214
111296,GSK2606414,SIDM00263
280827,Trametinib,SIDM01179
212112,BIBR-1532,SIDM00323
177419,Ulixertinib,SIDM00145
49613,Luminespib,SIDM00121
195807,NVP-ADW742,SIDM00504
95672,Taselisib,SIDM00813
117512,OTX015,SIDM00444
119059,ML323,SIDM00621
218102,Pictilisib,SIDM00482
117002,OTX015,SIDM00528
49270,Dasatinib,SIDM00975
54978,GSK1904529A,SIDM00224
49974,Luminespib,SIDM00569
44165,Obatoclax Mesylate,SIDM00688
91395,Uprosertib,SIDM00445
251737,Tamoxifen,SIDM00814
197734,Savolitinib,SIDM00244
58735,Ruxolitinib,SIDM01205
189,Erlotinib,SIDM00244
228106,BMS-536924,SIDM00379
183642,AZD3759,SIDM00196
156063,Alisertib,SIDM00579
119048,ML323,SIDM00289
221683,GSK591,SIDM00277
89243,Sepantronium bromide,SIDM00490
160841,LCL161,SIDM00294
156000,Alisertib,SIDM00198
194090,AZD7762,SIDM00596
271161,XAV939,SIDM01019
189209,Ipatasertib,SIDM00835
219526,PD0325901,SIDM00174
184201,AZD5363,SIDM01042
173504,LGK974,SIDM00699
113044,PFI3,SIDM00445
97833,SCH772984,SIDM00427
45649,Linsitinib,SIDM00935
90897,Uprosertib,SIDM00388
183935,Navitoclax,SIDM00541
113568,PCI-34051,SIDM01247
113110,OSI-027,SIDM00834
199908,WIKI4,SIDM01006
232870,AZD4547,SIDM00114
87927,Cyclophosphamide,SIDM00274
91189,Uprosertib,SIDM00519
15650,Lapatinib,SIDM00241
74598,AZ960,SIDM00498
192858,I-BRD9,SIDM01007
108446,VE-822,SIDM00975
223260,VE821,SIDM00448
42134,5-Fluorouracil,SIDM01187
303309,AZD5582,SIDM00427
195987,NVP-ADW742,SIDM01198
87547,Epirubicin,SIDM00976
183756,AZD3759,SIDM00104
265919,Talazoparib,SIDM00834
199569,WIKI4,SIDM01248
187411,Osimertinib,SIDM01064
116598,RVX-208,SIDM00422
184937,Vorinostat,SIDM00576
121055,PRT062607,SIDM00448
198008,Savolitinib,SIDM00196
251595,Tamoxifen,SIDM00537
120552,Foretinib,SIDM00205
70163,EPZ004777,SIDM01163
303030,AZD5582,SIDM00260
186182,Nilotinib,SIDM00527
211870,BIBR-1532,SIDM00261
177196,Buparlisib,SIDM00967
177840,Ulixertinib,SIDM00935
89231,Sepantronium bromide,SIDM00094
190355,GDC0810,SIDM00258
112799,PFI3,SIDM00264
181606,Afuresertib,SIDM01237
197455,Savolitinib,SIDM00632
143099,Ibrutinib,SIDM00561
113729,PCI-34051,SIDM00519
180695,Docetaxel,SIDM00550
194948,MIRA-1,SIDM00834
52878,Sorafenib,SIDM00267
97054,EPZ5676,SIDM00688
197500,Savolitinib,SIDM00789
178636,Cisplatin,SIDM00056
191639,GSK2578215A,SIDM00320
190273,GDC0810,SIDM00332
178595,Venetoclax,SIDM01146
67355,Bortezomib,SIDM00680
73863,AZ960,SIDM00120
261051,Daporinad,SIDM00606
214212,MK-8776,SIDM00367
42083,5-Fluorouracil,SIDM00316
163208,MIM1,SIDM00234
280955,Trametinib,SIDM00096
98412,IWP-2,SIDM00808
87029,Epirubicin,SIDM00535
180782,Docetaxel,SIDM00968
183641,AZD3759,SIDM00621
98972,IWP-2,SIDM00539
99257,Leflunomide,SIDM01047
41714,5-Fluorouracil,SIDM00180
281956,Dabrafenib,SIDM00535
283244,Temozolomide,SIDM00929
265700,Talazoparib,SIDM00948
161643,LCL161,SIDM00323
200886,Sepantronium bromide,SIDM01114
52216,Rapamycin,SIDM00044
210162,Wee1 Inhibitor,SIDM00638
88312,Cyclophosphamide,SIDM00289
113296,OSI-027,SIDM00487
186942,Osimertinib,SIDM00180
95624,Taselisib,SIDM01145
217171,Dactolisib,SIDM00316
266277,Talazoparib,SIDM00688
87074,Epirubicin,SIDM00388
89328,Sepantronium bromide,SIDM01206
176617,Buparlisib,SIDM00553
680,Rapamycin,SIDM00266
231106,AT13148,SIDM00632
112943,PFI3,SIDM00550
112128,GSK2606414,SIDM00406
2205,Paclitaxel,SIDM01248
174522,Wnt-C59,SIDM00120
192510,GSK2578215A,SIDM00538
185819,Nilotinib,SIDM00549
187445,Osimertinib,SIDM00234
214582,MK-8776,SIDM00584
53114,Sorafenib,SIDM00929
282136,Dabrafenib,SIDM00233
202208,WEHI-539,SIDM01183
45355,Linsitinib,SIDM00291
283087,Temozolomide,SIDM00302
202745,Afatinib,SIDM00101
202309,Afatinib,SIDM00930
179876,Cytarabine,SIDM00817
183439,Gefitinib,SIDM00199
3216,Sorafenib,SIDM01229
156215,Alisertib,SIDM00422
217261,Dactolisib,SIDM00496
173573,LGK974,SIDM00632
110051,CZC24832,SIDM01197
209636,Wee1 Inhibitor,SIDM00783
184768,AZD5363,SIDM00044
120397,PRT062607,SIDM00145
216398,Palbociclib,SIDM00262
4908,Crizotinib,SIDM00677
266281,Talazoparib,SIDM01006
180241,Docetaxel,SIDM00346
19899,Vinorelbine,SIDM00091
3271,Sorafenib,SIDM00227
172116,OF-1,SIDM00930
116002,RVX-208,SIDM00948
58889,Ruxolitinib,SIDM00198
96369,EPZ5676,SIDM00145
58444,Ruxolitinib,SIDM00113
72456,Daporinad,SIDM00655
201818,WEHI-539,SIDM00606
88693,Pevonedistat,SIDM01163
219594,PD0325901,SIDM00783
180622,Docetaxel,SIDM00565
115,Erlotinib,SIDM00948
6425,Dasatinib,SIDM00145
212366,PD173074,SIDM00277
222075,GSK591,SIDM00264
51358,Crizotinib,SIDM00538
9679,BMS-536924,SIDM00438
120546,Foretinib,SIDM00261
171092,LY2109761,SIDM00970
76853,Trametinib,SIDM00244
197869,Savolitinib,SIDM01248
170650,Sabutoclax,SIDM00211
173640,MN-64,SIDM00483
113870,PCI-34051,SIDM00973
183667,AZD3759,SIDM00100
214839,MK-8776,SIDM00199
187353,Osimertinib,SIDM00287
281944,Dabrafenib,SIDM01007
118894,ML323,SIDM00834
120646,Foretinib,SIDM00975
94224,Luminespib,SIDM00530
67597,Bortezomib,SIDM00530
56102,Oxaliplatin,SIDM00969
111372,GSK2606414,SIDM01163
90069,Sapitinib,SIDM01161
170990,LY2109761,SIDM00269
161125,LCL161,SIDM00549
53043,Sorafenib,SIDM00114
161301,LCL161,SIDM00267
202101,WEHI-539,SIDM00577
202560,Afatinib,SIDM00251
179799,Cytarabine,SIDM00973
18248,Gemcitabine,SIDM00227
99280,Leflunomide,SIDM00596
198343,UMI-77,SIDM00320
303261,AZD5582,SIDM01093
281039,Trametinib,SIDM01251
173507,MN-64,SIDM00103
192419,GSK2578215A,SIDM00042
303322,AZD5582,SIDM00101
197303,P22077,SIDM00445
177455,Vinblastine,SIDM00549
117111,OTX015,SIDM00420
94707,Alpelisib,SIDM00813
94490,I-BET-762,SIDM00885
97836,SCH772984,SIDM00680
87453,Epirubicin,SIDM00377
179252,ABT737,SIDM00489
195932,NVP-ADW742,SIDM01183
56086,BMS-345541,SIDM01228
96679,EPZ5676,SIDM01175
179707,ABT737,SIDM01237
213782,AMG-319,SIDM00195
119270,ML323,SIDM00389
873,Camptothecin,SIDM00508
120001,Entospletinib,SIDM00127
109196,WZ4003,SIDM00496
113915,PCI-34051,SIDM00406
171653,LY2109761,SIDM00600
194676,MIRA-1,SIDM00900
89676,Sepantronium bromide,SIDM00101
43579,Obatoclax Mesylate,SIDM00930
181583,Afuresertib,SIDM00842
265817,Talazoparib,SIDM00388
179816,ABT737,SIDM00201
178705,Venetoclax,SIDM01183
63701,Niraparib,SIDM00846
183355,AZD3759,SIDM00504
186912,Osimertinib,SIDM00953
20100,Vinorelbine,SIDM00655
178168,Ulixertinib,SIDM00047
202331,WEHI-539,SIDM00381
42019,5-Fluorouracil,SIDM01090
54735,GSK1904529A,SIDM01098
120797,Foretinib,SIDM00047
1444,Vinblastine,SIDM00384
189990,Olaparib,SIDM00045
312578,AZD8186,SIDM00550
218486,VX-11e,SIDM00196
231433,AT13148,SIDM01090
93249,Lapatinib,SIDM00967
189536,Olaparib,SIDM00562
97545,SCH772984,SIDM00244
89520,Sepantronium bromide,SIDM00971
109849,CZC24832,SIDM00308
55635,Oxaliplatin,SIDM01092
312521,AZD8186,SIDM00377
120431,PRT062607,SIDM00490
330913,Pevonedistat,SIDM00292
192381,GSK2578215A,SIDM00846
99172,Leflunomide,SIDM00082
98367,IWP-2,SIDM01042
93024,Lapatinib,SIDM00100
251841,Tamoxifen,SIDM00332
221411,AZ6102,SIDM00498
112663,PFI3,SIDM00412
218019,Pictilisib,SIDM00364
189920,Olaparib,SIDM00520
18573,Gemcitabine,SIDM00242
296718,Fulvestrant,SIDM00781
110381,CZC24832,SIDM01041
210500,Nutlin-3a (-),SIDM00121
261554,Daporinad,SIDM00196
214902,MK-8776,SIDM00350
266329,Talazoparib,SIDM01041
120607,PRT062607,SIDM00577
172264,AGI-6780,SIDM00732
303354,AZD5582,SIDM00527
55856,Oxaliplatin,SIDM00205
53042,Sorafenib,SIDM00517
213723,AMG-319,SIDM00056
189729,Olaparib,SIDM00332
113811,PCI-34051,SIDM00154
170768,Sabutoclax,SIDM00127
174058,LGK974,SIDM00299
204477,PLX-4720,SIDM01237
108493,VE-822,SIDM00550
66672,Bortezomib,SIDM01160
51448,Rapamycin,SIDM00294
179699,ABT737,SIDM00287
296506,Fulvestrant,SIDM00863
202163,Afatinib,SIDM00174
194691,AZD7762,SIDM00968
231098,AT13148,SIDM00970
189788,Olaparib,SIDM00659
231741,AT13148,SIDM00377
331309,Pevonedistat,SIDM00259
87300,Epirubicin,SIDM00488
42467,5-Fluorouracil,SIDM00530
17978,Gemcitabine,SIDM00269
174556,Wnt-C59,SIDM00118
265591,Talazoparib,SIDM00292
96740,EPZ5676,SIDM00569
70632,EPZ004777,SIDM00962
202246,WEHI-539,SIDM00287
192537,I-BRD9,SIDM00269
193803,AZD7762,SIDM00203
170750,Sabutoclax,SIDM00517
220304,PD0325901,SIDM00416
117611,GSK343,SIDM01174
43811,Obatoclax Mesylate,SIDM01155
55873,BMS-345541,SIDM00553
117417,OTX015,SIDM00700
97807,SCH772984,SIDM00659
115953,RVX-208,SIDM00113
182524,AGI-5198,SIDM00316
222315,GSK591,SIDM00406
189566,Ipatasertib,SIDM00375
188396,Cediranib,SIDM00381
197102,P22077,SIDM00127
178685,Venetoclax,SIDM00420
41900,5-Fluorouracil,SIDM01019
111757,GSK2606414,SIDM01175
220084,PD0325901,SIDM00256
312377,AZD8186,SIDM00496
199236,WIKI4,SIDM00003
211924,BIBR-1532,SIDM00600
118590,ML323,SIDM00783
209953,Wee1 Inhibitor,SIDM01161
116979,OTX015,SIDM00308
65435,Dinaciclib,SIDM00205
4862,Crizotinib,SIDM00274
173575,MN-64,SIDM00176
45890,Linsitinib,SIDM00176
184060,Navitoclax,SIDM01095
218420,Pictilisib,SIDM00176
43446,Obatoclax Mesylate,SIDM00951
63509,Niraparib,SIDM00243
51777,Rapamycin,SIDM00562
64443,MK-1775,SIDM00285
189945,GDC0810,SIDM01047
86852,Epirubicin,SIDM00326
42300,5-Fluorouracil,SIDM00465
181059,Afuresertib,SIDM00627
212585,PD173074,SIDM01168
58239,Ruxolitinib,SIDM01132
55769,Oxaliplatin,SIDM00384
98942,IWP-2,SIDM00374
90055,Sapitinib,SIDM00814
214041,AMG-319,SIDM00250
95861,Taselisib,SIDM00023
204587,PLX-4720,SIDM00258
281334,Trametinib,SIDM00592
281066,Trametinib,SIDM00225
120095,Foretinib,SIDM00096
198257,Savolitinib,SIDM00472
54270,Irinotecan,SIDM01126
97253,SCH772984,SIDM00953
178884,Venetoclax,SIDM00487
303010,AZD5582,SIDM00677
221417,GSK591,SIDM00203
64670,MK-1775,SIDM00583
148936,Dactinomycin,SIDM00677
282632,Temozolomide,SIDM00606
61433,Erlotinib,SIDM00496
112917,OSI-027,SIDM00875
216143,Palbociclib,SIDM00260
196676,SB216763,SIDM00885
214181,MK-8776,SIDM00632
331009,Pevonedistat,SIDM01047
189871,Olaparib,SIDM00137
6657,Dasatinib,SIDM00202
173508,MN-64,SIDM00102
117957,GSK343,SIDM00364
708,Camptothecin,SIDM00098
97235,SCH772984,SIDM00885
155940,Alisertib,SIDM00935
63477,Niraparib,SIDM00569
178081,Ulixertinib,SIDM00375
58819,Ruxolitinib,SIDM00332
20209,Vinorelbine,SIDM00412
183029,AZD3759,SIDM01098
223256,VE821,SIDM00362
179455,ABT737,SIDM00679
70460,EPZ004777,SIDM00388
179236,Cytarabine,SIDM00274
170155,Sabutoclax,SIDM00294
52834,Sorafenib,SIDM00833
112296,PFI3,SIDM00606
55369,Oxaliplatin,SIDM00145
87027,Epirubicin,SIDM00541
179145,Venetoclax,SIDM00498
196540,P22077,SIDM00120
303489,AZD5582,SIDM01011
704,Rapamycin,SIDM01149
92524,Lapatinib,SIDM00003
93189,Lapatinib,SIDM00176
220331,PD0325901,SIDM00231
195568,NVP-ADW742,SIDM01133
271471,XAV939,SIDM00261
64389,MK-1775,SIDM00917
331302,Pevonedistat,SIDM00202
56059,Oxaliplatin,SIDM00688
64733,MK-1775,SIDM00631
78650,Temozolomide,SIDM00274
87549,Epirubicin,SIDM00973
190183,GDC0810,SIDM00251
179287,ABT737,SIDM00181
108719,WZ4003,SIDM00489
45606,Linsitinib,SIDM00810
215568,MK-2206,SIDM00551
88147,Cyclophosphamide,SIDM01168
2266,Paclitaxel,SIDM00289
212868,PD173074,SIDM00104
251385,Tamoxifen,SIDM00632
251729,Tamoxifen,SIDM01097
290392,AZD6738,SIDM00543
192635,I-BRD9,SIDM00174
178099,Ulixertinib,SIDM00668
70076,EPZ004777,SIDM00269
172984,MN-64,SIDM00490
119981,Entospletinib,SIDM00519
232632,AZD4547,SIDM00813
50248,Luminespib,SIDM00976
210851,Foretinib,SIDM00958
70830,EPZ004777,SIDM00466
204616,PLX-4720,SIDM00114
142912,Ibrutinib,SIDM00096
251466,Tamoxifen,SIDM00003
202358,Afatinib,SIDM00291
65520,Dinaciclib,SIDM00371
86646,Linsitinib,SIDM00969
89921,Sapitinib,SIDM00549
2088,Paclitaxel,SIDM01206
188422,Cediranib,SIDM00289
89532,Pevonedistat,SIDM00445
155575,Alisertib,SIDM00490
186380,Nilotinib,SIDM00047
231137,AT13148,SIDM00367
222282,GSK591,SIDM00688
213309,AMG-319,SIDM00118
178128,Ulixertinib,SIDM01114
94935,Alpelisib,SIDM00156
266105,Talazoparib,SIDM00680
282095,Dabrafenib,SIDM00837
120715,PRT062607,SIDM00482
15826,Lapatinib,SIDM01102
64520,MK-1775,SIDM00202
281582,Trametinib,SIDM01006
171545,LY2109761,SIDM00958
70464,EPZ004777,SIDM00561
49952,Paclitaxel,SIDM00835
231672,AT13148,SIDM00487
177727,Ulixertinib,SIDM00420
45340,Linsitinib,SIDM01259
189048,Ipatasertib,SIDM01019
283390,Temozolomide,SIDM00539
48989,Dasatinib,SIDM00814
115855,RVX-208,SIDM00190
98260,IWP-2,SIDM00120
54330,Irinotecan,SIDM00970
98907,IWP-2,SIDM00176
64912,Dinaciclib,SIDM00190
172164,AGI-6780,SIDM00343
185869,Nilotinib,SIDM00577
93223,Lapatinib,SIDM01114
120738,Foretinib,SIDM00668
98901,IWP-2,SIDM00973
109889,CZC24832,SIDM00441
120701,PRT062607,SIDM00317
116404,RVX-208,SIDM00101
181312,Afuresertib,SIDM00793
252123,Tamoxifen,SIDM01114
218260,Pictilisib,SIDM00101
109698,CZC24832,SIDM00826
178419,Cisplatin,SIDM00504
45564,Linsitinib,SIDM00411
54872,GSK1904529A,SIDM00094
58514,Ruxolitinib,SIDM00544
44004,Obatoclax Mesylate,SIDM00309
91230,Uprosertib,SIDM00565
85145,VX-11e,SIDM00101
178981,Venetoclax,SIDM00102
233018,AZD4547,SIDM00974
217273,Dactolisib,SIDM00242
74420,AZ960,SIDM00371
398,Camptothecin,SIDM00623
217279,Dactolisib,SIDM01093
213266,AMG-319,SIDM01229
198560,UMI-77,SIDM00535
65283,Dinaciclib,SIDM01161
64692,MK-1775,SIDM00044
50610,Crizotinib,SIDM00826
178481,Venetoclax,SIDM00875
189687,GDC0810,SIDM00627
109944,CZC24832,SIDM00813
18399,Gemcitabine,SIDM00364
34873,Alisertib,SIDM00535
172227,AGI-6780,SIDM01064
183580,Gefitinib,SIDM00393
184775,AZD5363,SIDM00350
54710,Irinotecan,SIDM00835
214999,MK-8776,SIDM00817
182276,AGI-5198,SIDM00276
266182,Talazoparib,SIDM00975
142988,Ibrutinib,SIDM00277
120269,PRT062607,SIDM00719
98392,IWP-2,SIDM00291
108102,VE-822,SIDM00561
178856,Venetoclax,SIDM00264
55125,Irinotecan,SIDM00406
90995,Uprosertib,SIDM01168
108725,WZ4003,SIDM00953
189268,Olaparib,SIDM00606
89373,Pevonedistat,SIDM00418
222861,VE821,SIDM01159
56331,BMS-345541,SIDM00583
202443,WEHI-539,SIDM00565
187712,Osimertinib,SIDM01102
280832,Trametinib,SIDM00294
9792,BMS-536924,SIDM01064
180343,Docetaxel,SIDM00351
204126,PLX-4720,SIDM00118
87628,Epirubicin,SIDM00250
180375,Docetaxel,SIDM00420
193375,I-BRD9,SIDM00044
171852,LY2109761,SIDM00483
198894,UMI-77,SIDM00466
199823,WIKI4,SIDM00103
196118,NVP-ADW742,SIDM00100
186069,Nilotinib,SIDM00056
156139,Alisertib,SIDM00583
49326,Dasatinib,SIDM00792
303315,AZD5582,SIDM00501
55075,Irinotecan,SIDM00976
211026,Nutlin-3a (-),SIDM00127
61530,Erlotinib,SIDM00114
108619,VE-822,SIDM00214
231659,AT13148,SIDM00258
120169,Foretinib,SIDM01042
171966,AGI-6780,SIDM00534
209828,Wee1 Inhibitor,SIDM00528
173276,MN-64,SIDM00233
77856,Dabrafenib,SIDM00364
520,Camptothecin,SIDM00317
6502,Dasatinib,SIDM00549
176398,Buparlisib,SIDM00230
179999,Docetaxel,SIDM00951
64340,MK-1775,SIDM01155
228021,BMS-536924,SIDM00532
108405,VE-822,SIDM00127
63096,Niraparib,SIDM00417
50430,Crizotinib,SIDM00627
108354,VE-822,SIDM00205
44090,Obatoclax Mesylate,SIDM00099
12406,Entinostat,SIDM01206
178520,Venetoclax,SIDM00612
182291,AGI-5198,SIDM01251
55795,Oxaliplatin,SIDM00592
18620,Gemcitabine,SIDM00257
53174,Sorafenib,SIDM00044
232382,AZD4547,SIDM00091
49365,Dasatinib,SIDM00508
89862,Sapitinib,SIDM00291
170642,Sabutoclax,SIDM00543
96430,EPZ5676,SIDM00930
120391,Foretinib,SIDM00832
17987,Gemcitabine,SIDM00905
222682,VE821,SIDM00808
302806,AZD5582,SIDM00367
184439,Navitoclax,SIDM00974
90629,Uprosertib,SIDM00953
90408,Sapitinib,SIDM00043
232837,AZD4547,SIDM00196
19989,Vinorelbine,SIDM01073
118611,ML323,SIDM00145
116238,RVX-208,SIDM00412
184479,Navitoclax,SIDM00374
266177,Talazoparib,SIDM00371
49413,Dasatinib,SIDM01102
120596,PRT062607,SIDM00623
178686,Cisplatin,SIDM00202
199639,WIKI4,SIDM00964
125,Erlotinib,SIDM00276
271371,XAV939,SIDM00962
303422,AZD5582,SIDM00846
194769,MIRA-1,SIDM00224
216399,Palbociclib,SIDM00266
217045,Dactolisib,SIDM00260
142732,Ibrutinib,SIDM00203
88168,Cyclophosphamide,SIDM00411
9143,BI-2536,SIDM00885
86660,Linsitinib,SIDM00445
109943,CZC24832,SIDM01090
194620,MIRA-1,SIDM00789
112431,PFI3,SIDM00864
182504,AGI-5198,SIDM00833
218241,Pictilisib,SIDM00156
172453,AGI-6780,SIDM00350
55571,Oxaliplatin,SIDM00438
61605,Erlotinib,SIDM00199
98695,IWP-2,SIDM00242
45614,Obatoclax Mesylate,SIDM00444
94705,I-BET-762,SIDM01206
85338,VX-11e,SIDM00407
50186,Luminespib,SIDM00102
214846,MK-8776,SIDM00102
189212,Ipatasertib,SIDM00420
179495,Cytarabine,SIDM00267
87804,Cyclophosphamide,SIDM00417
215827,Palbociclib,SIDM00699
73719,AZ960,SIDM00889
283082,Temozolomide,SIDM00935
185265,Vorinostat,SIDM00565
155905,Alisertib,SIDM01198
174152,LGK974,SIDM00127
48560,Dasatinib,SIDM00320
186175,Nilotinib,SIDM00127
220900,AZ6102,SIDM00241
183208,Gefitinib,SIDM00267
290551,AZD6738,SIDM00466
296386,Fulvestrant,SIDM00181
219427,AZD8055,SIDM00498
45459,Linsitinib,SIDM00577
98571,IWP-2,SIDM01175
177933,Vinblastine,SIDM00375
195067,MIRA-1,SIDM00496
71013,EPZ004777,SIDM00538
221698,GSK591,SIDM01251
331223,Pevonedistat,SIDM00324
181840,Afuresertib,SIDM00520
118819,ML323,SIDM00577
211847,BIBR-1532,SIDM00328
9715,BMS-536924,SIDM00364
211389,BIBR-1532,SIDM00121
281145,Trametinib,SIDM01146
112497,PFI3,SIDM00612
89094,Sepantronium bromide,SIDM00294
231127,AT13148,SIDM00292
94711,I-BET-762,SIDM00808
216244,Palbociclib,SIDM00837
110094,CZC24832,SIDM00056
94932,Alpelisib,SIDM00259
214034,AMG-319,SIDM00393
70367,EPZ004777,SIDM00875
181559,Afuresertib,SIDM00424
18695,Gemcitabine,SIDM00377
48890,Dasatinib,SIDM00504
173199,MN-64,SIDM00813
204469,PLX-4720,SIDM00287
118494,ML323,SIDM00294
108359,VE-822,SIDM00195
160852,LCL161,SIDM01174
117301,OTX015,SIDM00311
177685,Vinblastine,SIDM00332
199896,WIKI4,SIDM00176
162654,MIM1,SIDM01179
20189,Vinorelbine,SIDM00837
204121,PLX-4720,SIDM00096
215142,MK-2206,SIDM00863
87358,Epirubicin,SIDM00262
216510,Palbociclib,SIDM00102
214199,MK-8776,SIDM00180
232520,AZD4547,SIDM00535
196002,NVP-ADW742,SIDM00384
183635,AZD3759,SIDM00201
183645,AZD3759,SIDM00259
88260,Cyclophosphamide,SIDM00592
95074,I-BET-762,SIDM00309
96469,EPZ5676,SIDM01251
178743,Cisplatin,SIDM00127
286,Erlotinib,SIDM01064
214997,MK-2206,SIDM00951
213332,AMG-319,SIDM01245
183565,Gefitinib,SIDM00968
73708,AZ960,SIDM01132
88507,Cyclophosphamide,SIDM00973
118322,GSK343,SIDM00042
45761,Linsitinib,SIDM00527
14180,Bortezomib,SIDM00258
45330,Linsitinib,SIDM01042
172507,OF-1,SIDM00196
183824,Navitoclax,SIDM00490
20464,Vinorelbine,SIDM00199
173457,MN-64,SIDM00638
296414,Fulvestrant,SIDM00783
303358,AZD5582,SIDM00579
196647,P22077,SIDM00276
50711,Crizotinib,SIDM00875
210682,Nutlin-3a (-),SIDM00528
280885,Trametinib,SIDM00591
221144,AZ6102,SIDM00680
155371,Alisertib,SIDM01160
184700,Vorinostat,SIDM00789
18294,Gemcitabine,SIDM01019
197453,Savolitinib,SIDM00591
197152,P22077,SIDM00077
178013,Vinblastine,SIDM00047
211063,Nutlin-3a (-),SIDM00377
290221,AZD6738,SIDM01145
204277,PLX-4720,SIDM00346
183163,AZD3759,SIDM00118
97164,SCH772984,SIDM01120
119299,ML323,SIDM00483
180767,Docetaxel,SIDM00448
296992,Fulvestrant,SIDM00491
192417,GSK2578215A,SIDM00044
99550,Leflunomide,SIDM00543
290313,AZD6738,SIDM01161
116294,RVX-208,SIDM00896
111983,GSK2606414,SIDM00565
120492,PRT062607,SIDM01259
251685,Tamoxifen,SIDM00758
668,Rapamycin,SIDM00410
193950,AZD7762,SIDM01133
194458,AZD7762,SIDM00195
54276,Irinotecan,SIDM01179
212376,PD173074,SIDM00227
215451,MK-2206,SIDM00211
178887,Cisplatin,SIDM00688
45712,Linsitinib,SIDM00258
194069,AZD7762,SIDM00276
180014,Docetaxel,SIDM00606
184849,Vorinostat,SIDM00808
218075,Pictilisib,SIDM00832
198354,UMI-77,SIDM01174
219431,Uprosertib,SIDM00044
49871,Luminespib,SIDM01092
15682,Lapatinib,SIDM01247
213614,AMG-319,SIDM00251
87596,Epirubicin,SIDM00407
49908,Luminespib,SIDM01155
112798,PFI3,SIDM00261
162928,MIM1,SIDM00308
219926,PD0325901,SIDM01183
55923,BMS-345541,SIDM00623
94637,Alpelisib,SIDM00260
85346,VX-11e,SIDM00969
2071,Paclitaxel,SIDM01047
70720,EPZ004777,SIDM00328
172970,MN-64,SIDM00094
220038,PD0325901,SIDM01093
120636,PRT062607,SIDM00364
119982,Foretinib,SIDM01174
172159,OF-1,SIDM00875
96076,Taselisib,SIDM00976
204265,PLX-4720,SIDM00553
172402,OF-1,SIDM00569
12570,Entinostat,SIDM00542
70615,EPZ004777,SIDM00842
50114,Luminespib,SIDM00600
97311,SCH772984,SIDM00789
156026,Alisertib,SIDM00101
198009,Savolitinib,SIDM00195
50928,Crizotinib,SIDM00251
70412,EPZ004777,SIDM00541
196194,NVP-ADW742,SIDM00077
522,Rapamycin,SIDM01007
228481,BMS-536924,SIDM01011
289816,Gemcitabine,SIDM00817
63913,MK-1775,SIDM01098
261494,Daporinad,SIDM00488
177587,Ulixertinib,SIDM00346
271344,XAV939,SIDM01247
118935,ML323,SIDM00233
116618,RVX-208,SIDM00445
43872,Obatoclax Mesylate,SIDM00324
179245,Cytarabine,SIDM01251
115835,RVX-208,SIDM01163
112099,GSK2606414,SIDM01011
94558,Alpelisib,SIDM00679
85233,VX-11e,SIDM00104
214147,MK-8776,SIDM01163
64467,MK-1775,SIDM00056
50049,Luminespib,SIDM00023
51380,Crizotinib,SIDM00193
180392,Docetaxel,SIDM00424
281371,Trametinib,SIDM00542
290482,AZD6738,SIDM00257
197344,Savolitinib,SIDM00905
49434,Dasatinib,SIDM00539
105459,Entinostat,SIDM00543
196377,P22077,SIDM00269
52537,Sorafenib,SIDM00003
213509,AMG-319,SIDM00244
94792,Alpelisib,SIDM00917
179855,ABT737,SIDM00517
194674,AZD7762,SIDM01114
111994,GSK2606414,SIDM00377
176557,Buparlisib,SIDM01259
97683,SCH772984,SIDM00233
182742,Gefitinib,SIDM00294
221182,AZ6102,SIDM00551
219013,AZD8055,SIDM00971
177718,Vinblastine,SIDM00218
94509,I-BET-762,SIDM00951
197240,P22077,SIDM00508
199670,WIKI4,SIDM00381
61764,Erlotinib,SIDM00817
3275,Sorafenib,SIDM01073
117328,OTX015,SIDM00527
199726,WIKI4,SIDM00501
70754,EPZ004777,SIDM00196
312374,AZD8186,SIDM00488
682,Camptothecin,SIDM00195
180054,Docetaxel,SIDM00120
718,Rapamycin,SIDM00668
212104,BIBR-1532,SIDM00389
194789,MIRA-1,SIDM00541
143570,Ibrutinib,SIDM00323
182323,AGI-5198,SIDM00808
173296,MN-64,SIDM00569
228531,BMS-536924,SIDM01041
202465,Afatinib,SIDM00577
196780,P22077,SIDM01146
5079,Crizotinib,SIDM00427
189107,Ipatasertib,SIDM00504
216686,Vinorelbine,SIDM00047
118403,GSK343,SIDM01041
177677,Ulixertinib,SIDM00241
265770,Talazoparib,SIDM01019
485,Camptothecin,SIDM01097
178105,Ulixertinib,SIDM00688
217135,Dactolisib,SIDM00379
202422,WEHI-539,SIDM00551
191800,GSK2578215A,SIDM00900
148798,Dactinomycin,SIDM00094
189277,Ipatasertib,SIDM01237
117730,GSK343,SIDM00118
303135,AZD5582,SIDM01168
202560,WEHI-539,SIDM00508
111425,GSK2606414,SIDM00292
74503,AZ960,SIDM00976
70414,EPZ004777,SIDM00535
176828,Buparlisib,SIDM00962
66961,Bortezomib,SIDM00064
90993,Uprosertib,SIDM00420
191654,GSK2578215A,SIDM01174
96190,EPZ5676,SIDM00889
113021,PFI3,SIDM00406
94364,Alpelisib,SIDM00970
184867,Vorinostat,SIDM00535
109426,WZ4003,SIDM00176
170186,Sabutoclax,SIDM00174
221297,AZ6102,SIDM00042
177116,Buparlisib,SIDM00042
282105,Dabrafenib,SIDM00251
58356,Ruxolitinib,SIDM00188
65448,Dinaciclib,SIDM00427
182124,AGI-5198,SIDM00591
183246,AZD3759,SIDM00544
251982,Tamoxifen,SIDM01149
204440,PLX-4720,SIDM00584
64823,Dinaciclib,SIDM00889
63635,Niraparib,SIDM00527
64526,MK-1775,SIDM00196
149139,Dactinomycin,SIDM00328
222572,VE821,SIDM00094
215195,MK-2206,SIDM00808
204093,PLX-4720,SIDM00783
266336,Talazoparib,SIDM00530
99436,Leflunomide,SIDM01095
116392,RVX-208,SIDM00256
118276,GSK343,SIDM00102
112008,GSK2606414,SIDM00491
50073,Luminespib,SIDM00205
189828,Olaparib,SIDM00098
180662,Docetaxel,SIDM00104
161057,LCL161,SIDM01073
86878,Epirubicin,SIDM00145
180144,Docetaxel,SIDM00948
185152,Vorinostat,SIDM01093
202973,Afatinib,SIDM00538
52129,Rapamycin,SIDM00465
109099,WZ4003,SIDM01205
117596,GSK343,SIDM01179
201740,WEHI-539,SIDM00699
184536,AZD5363,SIDM00935
312043,AZD8186,SIDM00948
110140,CZC24832,SIDM00202
176385,Buparlisib,SIDM00951
183700,AZD3759,SIDM00527
173918,LGK974,SIDM00379
94257,Alpelisib,SIDM01160
91396,Uprosertib,SIDM00444
206024,NU7441,SIDM00954
84559,VX-11e,SIDM01163
113485,OSI-027,SIDM00448
3186,Sorafenib,SIDM00953
96470,EPZ5676,SIDM01073
177167,Vinblastine,SIDM00294
92512,Lapatinib,SIDM00841
112665,PFI3,SIDM00316
89651,Sepantronium bromide,SIDM00266
190032,Olaparib,SIDM01102
162704,MIM1,SIDM00970
119585,Entospletinib,SIDM01047
95531,Taselisib,SIDM00225
180082,Docetaxel,SIDM00096
65674,Dinaciclib,SIDM00444
194687,AZD7762,SIDM00416
192326,GSK2578215A,SIDM00565
89461,Pevonedistat,SIDM00974
6151,Gefitinib,SIDM00508
311926,AZD8186,SIDM00181
179124,Venetoclax,SIDM00530
65379,Dinaciclib,SIDM00935
202187,Afatinib,SIDM00230
89835,Sapitinib,SIDM00277
63097,Niraparib,SIDM01229
97736,SCH772984,SIDM00540
116056,RVX-208,SIDM01206
197140,P22077,SIDM00371
14169,Bortezomib,SIDM00264
197151,P22077,SIDM00491
188350,Cediranib,SIDM00540
50101,Luminespib,SIDM00309
97442,SCH772984,SIDM00291
215396,MK-2206,SIDM00842
196052,NVP-ADW742,SIDM00218
98415,IWP-2,SIDM01007
221371,AZ6102,SIDM00969
112932,OSI-027,SIDM00679
97848,SCH772984,SIDM00309
194398,AZD7762,SIDM00496
56409,BMS-345541,SIDM00406
331190,Pevonedistat,SIDM01183
222568,VE821,SIDM00003
232582,AZD4547,SIDM00244
198406,UMI-77,SIDM00417
177054,Buparlisib,SIDM00929
9759,BMS-536924,SIDM00233
188052,Cediranib,SIDM00596
118401,GSK343,SIDM00472
289951,AZD6738,SIDM00606
120740,PRT062607,SIDM00324
187659,Osimertinib,SIDM00973
178642,Venetoclax,SIDM01092
188659,Cediranib,SIDM00374
63006,Niraparib,SIDM01179
184930,Vorinostat,SIDM00244
174976,Wnt-C59,SIDM00023
289799,Gemcitabine,SIDM00472
199028,UMI-77,SIDM00214
194603,MIRA-1,SIDM01133
18610,Gemcitabine,SIDM00197
55950,Oxaliplatin,SIDM00371
113286,PCI-34051,SIDM01245
148799,Dactinomycin,SIDM00113
171489,LY2109761,SIDM00917
43907,Obatoclax Mesylate,SIDM00243
50164,Luminespib,SIDM00418
95892,Taselisib,SIDM00198
251387,Tamoxifen,SIDM00230
74522,AZ960,SIDM01006
185031,Vorinostat,SIDM00251
223051,VE821,SIDM00501
73897,AZ960,SIDM00118
182689,Gefitinib,SIDM00905
74093,AZ960,SIDM01146
184978,Vorinostat,SIDM01092
88186,Cyclophosphamide,SIDM00842
119588,Entospletinib,SIDM01042
63858,MK-1775,SIDM00627
112285,PFI3,SIDM00970
192545,I-BRD9,SIDM00889
87209,Epirubicin,SIDM00412
116841,OTX015,SIDM00003
190023,Olaparib,SIDM00374
215276,MK-2206,SIDM01146
67595,Bortezomib,SIDM00539
87336,Epirubicin,SIDM00410
174853,Wnt-C59,SIDM01205
95862,Taselisib,SIDM00234
177342,Ulixertinib,SIDM00953
198696,UMI-77,SIDM00833
143327,Ibrutinib,SIDM00234
91172,Uprosertib,SIDM00427
30004,Wee1 Inhibitor,SIDM00091
215406,MK-2206,SIDM01233
219827,PD0325901,SIDM00577
5006,Crizotinib,SIDM00324
192799,I-BRD9,SIDM00863
87856,Cyclophosphamide,SIDM00094
281189,Trametinib,SIDM00813
311892,AZD8186,SIDM00489
198059,Savolitinib,SIDM00127
121061,PRT062607,SIDM00406
184534,AZD5363,SIDM00964
215332,MK-2206,SIDM01095
98251,IWP-2,SIDM01229
143282,Ibrutinib,SIDM00243
88489,Cyclophosphamide,SIDM00044
108103,VE-822,SIDM00438
194574,MIRA-1,SIDM00632
177784,Vinblastine,SIDM00098
4914,Crizotinib,SIDM00561
189679,Olaparib,SIDM00267
178425,Cisplatin,SIDM00562
149341,Dactinomycin,SIDM00530
51395,Rapamycin,SIDM00905
55523,GSK1904529A,SIDM00448
188372,Cediranib,SIDM00302
49264,Dasatinib,SIDM00371
49445,Luminespib,SIDM00905
15709,Lapatinib,SIDM00384
297127,Fulvestrant,SIDM00969
64368,MK-1775,SIDM00411
187373,Osimertinib,SIDM01187
89163,Pevonedistat,SIDM00569
189990,GDC0810,SIDM00225
201832,WEHI-539,SIDM00180
232489,AZD4547,SIDM00679
214807,MK-8776,SIDM00466
43967,Obatoclax Mesylate,SIDM00659
120198,Entospletinib,SIDM00047
89048,Pevonedistat,SIDM01140
197489,Savolitinib,SIDM01229
112177,GSK2606414,SIDM00193
65237,Dinaciclib,SIDM01090
119908,Foretinib,SIDM00203
13856,Bortezomib,SIDM00203
111564,GSK2606414,SIDM01259
207867,Doramapimod,SIDM00954
108837,WZ4003,SIDM00900
171959,OF-1,SIDM01163
216406,Palbociclib,SIDM00196
619,Rapamycin,SIDM00842
85195,VX-11e,SIDM00466
221876,GSK591,SIDM01095
54831,GSK1904529A,SIDM00783
296361,Fulvestrant,SIDM00970
43515,Obatoclax Mesylate,SIDM00121
185099,Vorinostat,SIDM00896
119751,Entospletinib,SIDM01090
117919,GSK343,SIDM00562
84534,VX-11e,SIDM00293
94847,Alpelisib,SIDM00243
95093,Alpelisib,SIDM00044
182706,AGI-5198,SIDM00098
218121,Pictilisib,SIDM01233
148852,Dactinomycin,SIDM00277
213645,AMG-319,SIDM00917
94450,Alpelisib,SIDM00118
50213,Luminespib,SIDM00583
95912,Taselisib,SIDM00487
3443,Sorafenib,SIDM00410
67441,Bortezomib,SIDM00077
220624,AZ6102,SIDM00783
190065,GDC0810,SIDM00504
182953,Gefitinib,SIDM00227
179987,ABT737,SIDM00044
18608,Gemcitabine,SIDM00202
172564,OF-1,SIDM00579
88150,Cyclophosphamide,SIDM01159
61598,Erlotinib,SIDM00077
58716,Ruxolitinib,SIDM00814
261399,Daporinad,SIDM00252
167581,SB505124,SIDM00835
173392,MN-64,SIDM00264
94315,Alpelisib,SIDM00294
261548,Daporinad,SIDM00201
5073,Crizotinib,SIDM00156
45592,Linsitinib,SIDM01233
105608,Entinostat,SIDM00565
172338,OF-1,SIDM01155
156141,Alisertib,SIDM00550
52499,Sorafenib,SIDM00120
179891,Docetaxel,SIDM00269
290672,AZD6738,SIDM01006
186340,Nilotinib,SIDM00362
4993,Crizotinib,SIDM00842
64304,MK-1775,SIDM00813
18458,Gemcitabine,SIDM00252
94800,Alpelisib,SIDM01233
113263,PCI-34051,SIDM00118
120348,PRT062607,SIDM00182
99089,Leflunomide,SIDM00174
108436,VE-822,SIDM00394
58472,Ruxolitinib,SIDM00954
214575,MK-8776,SIDM00412
61490,Erlotinib,SIDM00201
183236,AZD3759,SIDM00276
45442,Linsitinib,SIDM00532
210484,Nutlin-3a (-),SIDM00783
120678,PRT062607,SIDM00814
176953,Buparlisib,SIDM00259
296987,Fulvestrant,SIDM00418
190360,GDC0810,SIDM00257
43665,Obatoclax Mesylate,SIDM00541
220844,AZ6102,SIDM00561
214911,MK-8776,SIDM00976
204644,PLX-4720,SIDM00638
189538,Ipatasertib,SIDM00550
110111,CZC24832,SIDM01093
192116,GSK2578215A,SIDM00917
50074,Luminespib,SIDM00197
190175,GDC0810,SIDM00833
189316,Ipatasertib,SIDM00958
88771,Pevonedistat,SIDM00789
104988,Entinostat,SIDM01163
204702,PLX-4720,SIDM00520
213960,AMG-319,SIDM00976
184506,Navitoclax,SIDM00445
67559,Bortezomib,SIDM01114
55701,Oxaliplatin,SIDM00412
90498,Sapitinib,SIDM00444
74217,AZ960,SIDM00343
105706,Entinostat,SIDM00976
57097,BMS-536924,SIDM00216
214460,MK-8776,SIDM00655
261109,Daporinad,SIDM00145
87192,Epirubicin,SIDM01159
296951,Fulvestrant,SIDM00527
65136,Dinaciclib,SIDM00534
84527,VX-11e,SIDM01126
171832,AGI-6780,SIDM00091
149351,Dactinomycin,SIDM00193
109888,CZC24832,SIDM00260
179552,Cytarabine,SIDM00964
189469,Ipatasertib,SIDM00466
215357,MK-2206,SIDM00837
116650,OTX015,SIDM00263
179812,ABT737,SIDM00261
99285,Leflunomide,SIDM00291
177206,Buparlisib,SIDM00539
213400,AMG-319,SIDM00875
199013,UMI-77,SIDM00967
181584,Afuresertib,SIDM00233
209621,Wee1 Inhibitor,SIDM01133
108385,VE-822,SIDM00519
213971,AMG-319,SIDM00045
281050,Trametinib,SIDM00291
183636,AZD3759,SIDM00202
52826,Sorafenib,SIDM00835
171722,LY2109761,SIDM00154
199618,WIKI4,SIDM00384
117346,OTX015,SIDM00465
179008,Venetoclax,SIDM00583
177529,Vinblastine,SIDM00758
183615,Navitoclax,SIDM00889
192797,I-BRD9,SIDM00864
98161,IWP-2,SIDM00320
118031,GSK343,SIDM00584
192279,GSK2578215A,SIDM00098
70686,EPZ004777,SIDM00935
217205,Dactolisib,SIDM00287
173721,LGK974,SIDM01042
221328,AZ6102,SIDM00688
178577,Venetoclax,SIDM00561
4977,Crizotinib,SIDM01161
99534,Leflunomide,SIDM01197
70485,EPZ004777,SIDM00577
251332,Tamoxifen,SIDM00294
184336,AZD5363,SIDM00577
99323,Leflunomide,SIDM00535
202750,Afatinib,SIDM00519
212787,PD173074,SIDM00114
220106,PD0325901,SIDM00517
18191,Gemcitabine,SIDM00490
59003,Ruxolitinib,SIDM00103
149317,Dactinomycin,SIDM00448
326576,AZD4547,SIDM00417
231610,AT13148,SIDM00242
74309,AZ960,SIDM00023
108740,WZ4003,SIDM00606
187699,Osimertinib,SIDM00448
298,Erlotinib,SIDM00328
213796,AMG-319,SIDM00680
232388,AZD4547,SIDM00003
283364,Temozolomide,SIDM00407
62997,Niraparib,SIDM00699
120856,PRT062607,SIDM00257
172673,OF-1,SIDM00976
97921,SCH772984,SIDM00491
197932,Savolitinib,SIDM00958
113690,PCI-34051,SIDM00289
197137,P22077,SIDM00377
281133,Trametinib,SIDM00504
17979,Gemcitabine,SIDM00203
178859,Venetoclax,SIDM00201
177861,Ulixertinib,SIDM00299
232470,AZD4547,SIDM01073
199024,UMI-77,SIDM00250
161410,LCL161,SIDM00289
173343,MN-64,SIDM01064
195121,MIRA-1,SIDM00264
196559,P22077,SIDM00082
202835,Afatinib,SIDM00103
219095,Uprosertib,SIDM00576
97881,SCH772984,SIDM00638
183758,AZD3759,SIDM00102
198123,Savolitinib,SIDM00102
186276,Nilotinib,SIDM00792
214556,MK-8776,SIDM01175
87079,Epirubicin,SIDM00438
187572,Osimertinib,SIDM00975
112490,PFI3,SIDM01007
109362,WZ4003,SIDM00520
251280,Tamoxifen,SIDM00889
211037,Nutlin-3a (-),SIDM00579
179463,ABT737,SIDM00225
170853,Sabutoclax,SIDM00583
176861,Buparlisib,SIDM00543
55493,GSK1904529A,SIDM00973
213003,PD173074,SIDM01041
9034,Nilotinib,SIDM00668
270897,XAV939,SIDM01179
160993,LCL161,SIDM00490
112916,PFI3,SIDM00099
303544,AZD5582,SIDM00539
120162,Foretinib,SIDM00793
174694,Wnt-C59,SIDM00553
93880,Luminespib,SIDM00540
45242,Linsitinib,SIDM00121
271167,XAV939,SIDM00537
143433,Ibrutinib,SIDM00394
116462,RVX-208,SIDM00377
4796,Crizotinib,SIDM00182
178766,Cisplatin,SIDM00565
183495,AZD3759,SIDM00482
54959,GSK1904529A,SIDM00064
215896,Palbociclib,SIDM00632
170269,Sabutoclax,SIDM00082
63218,Niraparib,SIDM00274
92866,Lapatinib,SIDM00343
331381,Pevonedistat,SIDM00975
170365,Sabutoclax,SIDM00544
67180,Bortezomib,SIDM00317
181688,Afuresertib,SIDM00328
219708,PD0325901,SIDM00544
120478,Foretinib,SIDM00540
196565,P22077,SIDM00826
211488,BIBR-1532,SIDM00544
71017,EPZ004777,SIDM00250
189625,Olaparib,SIDM01155
189386,Olaparib,SIDM00923
84533,VX-11e,SIDM01179
95708,Taselisib,SIDM01155
281085,Trametinib,SIDM00534
177940,Vinblastine,SIDM00976
105418,Entinostat,SIDM00343
162605,MIM1,SIDM00889
118140,GSK343,SIDM00023
194283,AZD7762,SIDM00835
111665,GSK2606414,SIDM00438
188511,Cediranib,SIDM00466
105562,Entinostat,SIDM00100
118992,ML323,SIDM00958
108358,VE-822,SIDM00196
231643,AT13148,SIDM00289
216214,Palbociclib,SIDM00351
109472,WZ4003,SIDM01102
116379,RVX-208,SIDM00205
12263,Entinostat,SIDM00263
312173,AZD8186,SIDM00623
204208,PLX-4720,SIDM01259
60912,Erlotinib,SIDM01163
55628,Oxaliplatin,SIDM00241
63223,Niraparib,SIDM01259
191703,GSK2578215A,SIDM00606
200482,KU-55933,SIDM01042
84688,VX-11e,SIDM01245
265553,Talazoparib,SIDM00489
172746,OF-1,SIDM00483
312065,AZD8186,SIDM00544
89902,Sapitinib,SIDM00535
94553,I-BET-762,SIDM01229
185911,Nilotinib,SIDM01092
178579,Cisplatin,SIDM00962
187677,Osimertinib,SIDM01006
105377,Entinostat,SIDM00833
174214,LGK974,SIDM00104
109719,CZC24832,SIDM00111
214915,MK-2206,SIDM01120
217244,Dactolisib,SIDM00243
220078,PD0325901,SIDM00258
73935,AZ960,SIDM00954
116186,RVX-208,SIDM00351
67543,Bortezomib,SIDM00631
177769,Vinblastine,SIDM00427
108298,VE-822,SIDM00935
112308,PFI3,SIDM00182
177110,Vinblastine,SIDM01160
94462,Alpelisib,SIDM00111
176440,Buparlisib,SIDM00783
171874,LY2109761,SIDM00214
41741,5-Fluorouracil,SIDM00783
215573,MK-2206,SIDM00638
70639,EPZ004777,SIDM00810
50237,Paclitaxel,SIDM00077
87512,Epirubicin,SIDM00550
280971,Trametinib,SIDM00111
198914,UMI-77,SIDM00929
188024,Cediranib,SIDM00793
281957,Dabrafenib,SIDM00537
65458,Dinaciclib,SIDM00129
204841,PLX-4720,SIDM00047
92486,Lapatinib,SIDM00120
120040,Entospletinib,SIDM00418
192277,GSK2578215A,SIDM00101
204231,PLX-4720,SIDM00679
282338,Dabrafenib,SIDM00377
192944,I-BRD9,SIDM00576
87216,Epirubicin,SIDM00584
12400,Entinostat,SIDM01073
217325,Dactolisib,SIDM00256
172954,MN-64,SIDM00841
228378,BMS-536924,SIDM00371
172076,AGI-6780,SIDM01092
108673,WZ4003,SIDM00719
183332,Gefitinib,SIDM00259
56086,Oxaliplatin,SIDM00448
174861,Wnt-C59,SIDM00412
111330,GSK2606414,SIDM01122
266279,Talazoparib,SIDM01011
222184,GSK591,SIDM00491
149026,Dactinomycin,SIDM00834
88525,Cyclophosphamide,SIDM01006
113921,PCI-34051,SIDM00416
64441,MK-1775,SIDM00540
64532,MK-1775,SIDM00156
170520,Sabutoclax,SIDM00813
91059,Uprosertib,SIDM01228
161638,LCL161,SIDM00406
64996,Dinaciclib,SIDM00096
96661,EPZ5676,SIDM00379
63231,Niraparib,SIDM00875
97038,EPZ5676,SIDM00974
18710,Gemcitabine,SIDM00077
20234,Vinorelbine,SIDM00343
183761,AZD3759,SIDM00520
117884,GSK343,SIDM00549
98832,IWP-2,SIDM00929
290022,AZD6738,SIDM00091
94943,I-BET-762,SIDM00569
177352,Ulixertinib,SIDM00591
54505,Irinotecan,SIDM01073
221635,GSK591,SIDM01245
89535,Sepantronium bromide,SIDM00842
252024,Tamoxifen,SIDM00099
199321,WIKI4,SIDM01073
179393,ABT737,SIDM00923
98381,IWP-2,SIDM01251
56035,Oxaliplatin,SIDM00375
178750,Venetoclax,SIDM01237
183464,AZD3759,SIDM01175
312271,AZD8186,SIDM01175
876,Camptothecin,SIDM00045
330950,Pevonedistat,SIDM00826
48697,Dasatinib,SIDM00091
44079,Obatoclax Mesylate,SIDM00929
45545,Linsitinib,SIDM01175
43614,Obatoclax Mesylate,SIDM01259
89904,Sepantronium bromide,SIDM00498
204579,PLX-4720,SIDM00205
180389,Docetaxel,SIDM01205
163395,MIM1,SIDM00044
193866,AZD7762,SIDM01098
116476,RVX-208,SIDM00491
105619,Entinostat,SIDM00377
163148,MIM1,SIDM00896
199311,WIKI4,SIDM00274
171373,LY2109761,SIDM00577
96718,EPZ5676,SIDM00842
94825,Alpelisib,SIDM01187
87098,Epirubicin,SIDM01145
118150,GSK343,SIDM00542
174175,LGK974,SIDM00565
109541,CZC24832,SIDM01120
193051,I-BRD9,SIDM00317
89124,Pevonedistat,SIDM00316
112908,OSI-027,SIDM00544
210815,Nutlin-3a (-),SIDM00251
282971,Temozolomide,SIDM00814
116556,RVX-208,SIDM00176
199043,WIKI4,SIDM00889
107741,VE-822,SIDM00889
117361,OTX015,SIDM00418
176388,Buparlisib,SIDM00970
55241,Oxaliplatin,SIDM01179
63433,Niraparib,SIDM01183
120990,PRT062607,SIDM00700
311949,AZD8186,SIDM00326
197275,P22077,SIDM00374
171183,LY2109761,SIDM00086
116566,RVX-208,SIDM01011
96710,EPZ5676,SIDM00482
261484,Daporinad,SIDM00332
95326,Taselisib,SIDM00951
745,Rapamycin,SIDM00407
63202,Niraparib,SIDM00864
228304,BMS-536924,SIDM00680
187001,Osimertinib,SIDM00118
261227,Daporinad,SIDM00225
55044,GSK1904529A,SIDM00260
63437,Niraparib,SIDM00411
202535,Afatinib,SIDM01097
181838,Afuresertib,SIDM00099
222973,VE821,SIDM00302
116487,RVX-208,SIDM00104
183956,Navitoclax,SIDM00549
49564,Paclitaxel,SIDM00489
498,Camptothecin,SIDM00834
182912,Gefitinib,SIDM00954
190050,Olaparib,SIDM00393
13978,Bortezomib,SIDM01047
172744,OF-1,SIDM00444
222153,GSK591,SIDM00137
271540,XAV939,SIDM00638
2,Camptothecin,SIDM00263
171670,LY2109761,SIDM00579
171371,LY2109761,SIDM01146
210912,Nutlin-3a (-),SIDM00964
188167,Cediranib,SIDM00577
20360,Vinorelbine,SIDM00259
97882,SCH772984,SIDM00579
120574,PRT062607,SIDM00528
119349,Entospletinib,SIDM01120
206075,NU7441,SIDM00875
171692,LY2109761,SIDM00377
105004,Entinostat,SIDM00489
65535,Dinaciclib,SIDM00929
118869,ML323,SIDM01095
289802,Gemcitabine,SIDM00445
74442,AZ960,SIDM00104
217348,Dactolisib,SIDM00114
67435,Bortezomib,SIDM00975
171727,AGI-6780,SIDM00885
173604,LGK974,SIDM00367
120519,Foretinib,SIDM01093
210993,Nutlin-3a (-),SIDM00501
516,Rapamycin,SIDM00224
188690,Cediranib,SIDM00483
119667,Entospletinib,SIDM00346
197677,Savolitinib,SIDM00308
188057,Cediranib,SIDM00291
182437,AGI-5198,SIDM00758
261292,Daporinad,SIDM00438
64459,MK-1775,SIDM00488
97261,SCH772984,SIDM00188
213832,AMG-319,SIDM00127
219826,PD0325901,SIDM01145
170617,Sabutoclax,SIDM01237
217673,Pictilisib,SIDM01163
270946,XAV939,SIDM00951
99593,Leflunomide,SIDM00218
112824,PFI3,SIDM00487
222671,VE821,SIDM00679
217429,Dactolisib,SIDM00099
218795,AZD8055,SIDM00875
3456,Sorafenib,SIDM00262
216650,Palbociclib,SIDM00530
96681,EPZ5676,SIDM01159
51199,Crizotinib,SIDM00077
74435,AZ960,SIDM00929
170342,Sabutoclax,SIDM00948
222251,GSK591,SIDM00042
212296,PD173074,SIDM00118
120209,Foretinib,SIDM01206
148669,Dactinomycin,SIDM01122
98553,IWP-2,SIDM00379
184824,AZD5363,SIDM01114
64444,MK-1775,SIDM00243
192649,I-BRD9,SIDM00970
20410,Vinorelbine,SIDM01220
220101,PD0325901,SIDM00098
97910,SCH772984,SIDM00371
196877,P22077,SIDM00832
282686,Temozolomide,SIDM00121
302746,AZD5582,SIDM00885
97531,SCH772984,SIDM00561
290328,AZD6738,SIDM00316
171707,LY2109761,SIDM00077
50280,Luminespib,SIDM00448
94885,I-BET-762,SIDM00833
55157,GSK1904529A,SIDM01161
228374,BMS-536924,SIDM00394
55457,GSK1904529A,SIDM00550
198774,UMI-77,SIDM00243
211757,BIBR-1532,SIDM00287
155943,Alisertib,SIDM00592
8113,Vorinostat,SIDM00389
199388,WIKI4,SIDM00346
44154,Obatoclax Mesylate,SIDM00976
171273,LY2109761,SIDM00064
232954,AZD4547,SIDM00154
209791,Wee1 Inhibitor,SIDM00612
282245,Dabrafenib,SIDM00261
182673,AGI-5198,SIDM00201
94603,I-BET-762,SIDM00086
115810,RVX-208,SIDM01179
271480,XAV939,SIDM00621
58767,Ruxolitinib,SIDM00267
85138,VX-11e,SIDM00501
189671,Olaparib,SIDM01248
196061,NVP-ADW742,SIDM00234
155591,Alisertib,SIDM00954
50019,Luminespib,SIDM01064
116406,RVX-208,SIDM00098
161358,LCL161,SIDM00964
215397,MK-2206,SIDM00233
179900,Docetaxel,SIDM00905
190231,GDC0810,SIDM00324
217785,Pictilisib,SIDM00118
177646,Vinblastine,SIDM00962
174943,Wnt-C59,SIDM00964
9774,BMS-536924,SIDM01198
54921,Irinotecan,SIDM00098
202982,Afatinib,SIDM00817
2128,Paclitaxel,SIDM00438
204571,PLX-4720,SIDM00289
163299,MIM1,SIDM00579
206370,NU7441,SIDM00332
220795,AZ6102,SIDM00535
181319,Afuresertib,SIDM00276
202257,Afatinib,SIDM00096
211181,Foretinib,SIDM00393
175008,Wnt-C59,SIDM00195
302778,AZD5582,SIDM00230
63582,Niraparib,SIDM00196
61736,Erlotinib,SIDM00968
174524,Wnt-C59,SIDM00789
231653,AT13148,SIDM00197
202943,Afatinib,SIDM00374
185235,Vorinostat,SIDM00600
85011,VX-11e,SIDM00324
178767,Venetoclax,SIDM00896
296413,Fulvestrant,SIDM00120
213813,AMG-319,SIDM00517
199553,WIKI4,SIDM00316
220572,AZ6102,SIDM00970
182498,AGI-5198,SIDM00834
182993,Gefitinib,SIDM01007
192756,I-BRD9,SIDM00490
52485,Sorafenib,SIDM01133
58855,Ruxolitinib,SIDM00381
116781,OTX015,SIDM00292
118172,GSK343,SIDM00259
163408,MIM1,SIDM00976
222173,GSK591,SIDM00371
175250,Wnt-C59,SIDM00530
182964,Gefitinib,SIDM00596
90628,Uprosertib,SIDM00190
143616,Ibrutinib,SIDM00498
183055,AZD3759,SIDM00885
90081,Sapitinib,SIDM00317
110022,CZC24832,SIDM00917
215080,MK-2206,SIDM00091
219927,PD0325901,SIDM00317
204082,PLX-4720,SIDM00417
201931,WEHI-539,SIDM00954
282182,Dabrafenib,SIDM00540
97838,SCH772984,SIDM00501
64184,MK-1775,SIDM00541
232869,AZD4547,SIDM00517
51872,Rapamycin,SIDM00834
192848,I-BRD9,SIDM01206
91171,Uprosertib,SIDM00256
183584,Gefitinib,SIDM00530
194791,MIRA-1,SIDM00535
188357,Cediranib,SIDM00332
183374,Gefitinib,SIDM00600
189916,Olaparib,SIDM00103
184513,AZD5363,SIDM00384
281627,Trametinib,SIDM00472
231755,AT13148,SIDM00491
49444,Luminespib,SIDM00889
188883,Ipatasertib,SIDM00783
184722,Vorinostat,SIDM00826
204645,PLX-4720,SIDM00579
179332,ABT737,SIDM00082
70598,EPZ004777,SIDM00971
178822,Cisplatin,SIDM00846
281890,Dabrafenib,SIDM00864
18535,Gemcitabine,SIDM00543
5105,Crizotinib,SIDM00668
192816,I-BRD9,SIDM00227
210828,Nutlin-3a (-),SIDM00971
178345,Cisplatin,SIDM00224
231345,AT13148,SIDM00677
222880,VE821,SIDM00316
118166,GSK343,SIDM00197
221896,GSK591,SIDM00781
50920,Crizotinib,SIDM00833
98234,IWP-2,SIDM00181
210039,Wee1 Inhibitor,SIDM00332
170374,Sabutoclax,SIDM00875
92814,Lapatinib,SIDM00835
202902,Afatinib,SIDM00976
177895,Ulixertinib,SIDM00289
120563,PRT062607,SIDM00549
20354,Vinorelbine,SIDM00205
54532,Irinotecan,SIDM00225
217313,Dactolisib,SIDM00198
43715,Obatoclax Mesylate,SIDM00438
178239,Cisplatin,SIDM00113
43500,Obatoclax Mesylate,SIDM00789
211267,BIBR-1532,SIDM00320
219814,PD0325901,SIDM00623
184770,AZD5363,SIDM00042
55256,GSK1904529A,SIDM00935
44905,Obatoclax Mesylate,SIDM00320
94635,Alpelisib,SIDM00388
119696,Entospletinib,SIDM00260
184046,Navitoclax,SIDM01092
251555,Tamoxifen,SIDM00291
488,Rapamycin,SIDM01245
197556,Savolitinib,SIDM00900
99813,Leflunomide,SIDM01006
172142,AGI-6780,SIDM00316
98969,IWP-2,SIDM00444
222486,VE821,SIDM00591
290086,AZD6738,SIDM00793
173827,LGK974,SIDM00388
3272,Sorafenib,SIDM00544
14099,Bortezomib,SIDM00412
109299,WZ4003,SIDM00127
155523,Alisertib,SIDM00783
223284,VE821,SIDM00967
97459,SCH772984,SIDM00225
118858,ML323,SIDM00813
116348,RVX-208,SIDM01093
330956,Pevonedistat,SIDM00091
9740,BMS-536924,SIDM01159
162643,MIM1,SIDM00699
64587,MK-1775,SIDM00638
89215,Sepantronium bromide,SIDM00841
187141,Osimertinib,SIDM00537
186048,Nilotinib,SIDM00243
189624,Ipatasertib,SIDM00422
184674,Vorinostat,SIDM00292
176441,Buparlisib,SIDM00789
216780,Dactolisib,SIDM00970
148646,Dactinomycin,SIDM01160
312423,AZD8186,SIDM00289
63800,Niraparib,SIDM01102
52859,Sorafenib,SIDM00584
52853,Sorafenib,SIDM00411
8162,Vorinostat,SIDM00216
232950,AZD4547,SIDM00104
58918,Ruxolitinib,SIDM00519
222858,VE821,SIDM01168
6621,Dasatinib,SIDM00332
202591,Afatinib,SIDM00842
149153,Dactinomycin,SIDM00201
180327,Docetaxel,SIDM00241
220598,AZ6102,SIDM00180
97083,EPZ5676,SIDM00374
211233,Nutlin-3a (-),SIDM00047
180324,Docetaxel,SIDM00364
94564,Alpelisib,SIDM01206
58777,Ruxolitinib,SIDM00962
179505,ABT737,SIDM00549
93017,Lapatinib,SIDM00487
176951,Buparlisib,SIDM00195
227853,BMS-536924,SIDM00111
182737,Gefitinib,SIDM01179
98817,IWP-2,SIDM00371
213262,AMG-319,SIDM00367
64461,MK-1775,SIDM00592
221389,AZ6102,SIDM00539
120777,PRT062607,SIDM00211
112918,PFI3,SIDM00520
51832,Rapamycin,SIDM01090
184094,Navitoclax,SIDM00832
216956,Dactolisib,SIDM00875
95803,Taselisib,SIDM00384
174838,Wnt-C59,SIDM00834
182970,AZD3759,SIDM01160
34598,Alisertib,SIDM00320
184697,AZD5363,SIDM00418
61121,Erlotinib,SIDM00064
178910,Venetoclax,SIDM00600
9659,BMS-536924,SIDM00308
198810,UMI-77,SIDM01093
55638,Oxaliplatin,SIDM00813
217400,Dactolisib,SIDM00394
172758,OF-1,SIDM00817
52828,Sorafenib,SIDM00834
281908,Dabrafenib,SIDM00544
113027,PFI3,SIDM00416
173729,LGK974,SIDM00544
55828,Oxaliplatin,SIDM00234
199217,WIKI4,SIDM00082
222757,VE821,SIDM00623
197885,Savolitinib,SIDM00287
189805,Olaparib,SIDM00258
119873,Entospletinib,SIDM00384
50887,Crizotinib,SIDM01095
161583,LCL161,SIDM00042
54482,Irinotecan,SIDM00793
331402,Pevonedistat,SIDM00846
48564,Dasatinib,SIDM00294
222078,GSK591,SIDM00201
281415,Trametinib,SIDM00101
173068,MN-64,SIDM00679
204435,PLX-4720,SIDM00316
3158,Sorafenib,SIDM00699
89163,Sepantronium bromide,SIDM00182
213922,AMG-319,SIDM00583
265942,Talazoparib,SIDM00412
185131,Vorinostat,SIDM00496
15717,Lapatinib,SIDM00332
57167,GSK1904529A,SIDM00320
188439,Cediranib,SIDM00258
217249,Dactolisib,SIDM00958
109323,WZ4003,SIDM00465
90985,Uprosertib,SIDM00781
148782,Dactinomycin,SIDM00826
192154,GSK2578215A,SIDM00896
95036,I-BET-762,SIDM00659
97367,SCH772984,SIDM00900
108467,VE-822,SIDM00154
87956,Cyclophosphamide,SIDM00679
213007,PD173074,SIDM00483
282657,Temozolomide,SIDM00367
64784,MK-1775,SIDM00393
99127,Leflunomide,SIDM00181
222116,GSK591,SIDM00114
52299,Rapamycin,SIDM00967
97152,SCH772984,SIDM00889
290735,AZD6738,SIDM00817
90717,Uprosertib,SIDM00118
18669,Gemcitabine,SIDM00579
163069,MIM1,SIDM00835
297109,Fulvestrant,SIDM01114
172428,AGI-6780,SIDM00550
192136,GSK2578215A,SIDM00569
89561,Sepantronium bromide,SIDM01228
4925,Crizotinib,SIDM00244
938,Camptothecin,SIDM00445
45703,Linsitinib,SIDM00201
97652,SCH772984,SIDM00251
178124,Cisplatin,SIDM00885
43659,Obatoclax Mesylate,SIDM00612
95029,Alpelisib,SIDM00491
87227,Epirubicin,SIDM01248
54730,GSK1904529A,SIDM01179
61753,Erlotinib,SIDM00539
27022,AZD6482,SIDM01042
97597,SCH772984,SIDM01090
174127,LGK974,SIDM00100
302955,AZD5582,SIDM00679
18363,Gemcitabine,SIDM01146
45329,Linsitinib,SIDM00276
59079,Ruxolitinib,SIDM00668
105433,Entinostat,SIDM00569
212766,PD173074,SIDM00427
55320,Oxaliplatin,SIDM00181
217216,Dactolisib,SIDM01228
170748,Sabutoclax,SIDM00519
289987,AZD6738,SIDM00326
54796,Irinotecan,SIDM00896
171403,LY2109761,SIDM01140
186993,Osimertinib,SIDM00841
231654,AT13148,SIDM00198
94301,Alpelisib,SIDM00719
223108,VE821,SIDM00565
108900,WZ4003,SIDM01251
65083,Dinaciclib,SIDM00544
184512,Navitoclax,SIDM00530
162695,MIM1,SIDM00489
185781,Nilotinib,SIDM00808
568,Rapamycin,SIDM00576
182833,Gefitinib,SIDM01229
192509,GSK2578215A,SIDM00539
113369,PCI-34051,SIDM00679
189273,Ipatasertib,SIDM00324
70585,EPZ004777,SIDM00251
