,ACO1,GLYCTK,MTHFD2,GRHPR,CS,HAO1,MDH2,MDH1,MTHFD2L,PGP,MTHFD1L,MTHFD1,HAO2,AFMID,HYI,ACO2
SIDM00519,2.1079315354018067,-0.7204377590697241,1.2724476630672896,2.346574050289268,-0.7251728548172419,-0.9445229291646341,1.7789139519022503,2.7984035015981887,-0.7473857227989635,0.8228783879982917,1.961710815737064,1.2899743775249661,-0.8763022125911032,-0.2003351828085673,1.3582916266206877,0.38686989261396665
SIDM00917,0.08698633525385373,-0.6881115041887628,3.0739655617358324,2.97237548701572,-0.6940693551809236,-0.9283001394086274,1.6228199580137794,2.8879645771023728,-0.6705023927703332,0.4322406749145536,1.9753543616006723,1.7986794853767298,-0.8517668994305593,-0.07571095606942257,-0.44945659464631554,0.7414780416190019
SIDM00309,1.1677304795449739,-0.6557708815093922,1.8684895505193035,1.9802773080212868,-0.6189983976651622,-0.871464740144937,1.756873560989428,2.9812473466327356,-0.653916226646072,0.926220247570792,1.2187690799470616,1.5893946672059185,-0.8516009963539266,0.030703734714003745,1.8145477313337028,0.570030649213413
SIDM00099,1.0439973828143911,-0.7349069893981335,2.658284823508327,1.9269393685600118,-0.6467865417429027,-0.8794352815249834,1.765453785143823,2.7284314688615496,-0.741503710287026,0.5475381167831364,1.9377907973017672,1.7572313823281138,-0.8835502500493273,-0.07422566451237352,1.1797873223208581,0.027247610215139047
SIDM00276,1.6536695313024616,-0.672404080236343,2.5377839101117408,2.152791258857635,-0.6749291930676569,-0.8001075873149764,1.6291554508629624,2.7245245814785255,-0.8621361456517213,0.9821540007175701,1.6550273613095747,1.9516269091774583,-0.9241336459253142,-0.21714044791475623,1.0063551202410823,0.47343261942397374
SIDM00311,1.41067151984685,-0.6652209241820317,2.3117151315410602,2.1688004529764022,-0.607593002825178,-0.7768057315203709,1.6737126341132915,2.318885538180146,-0.718993013618806,0.9190437949755389,1.7557844635501585,2.0597638507732134,-0.914437025086127,-0.011195234457927977,1.785527302284385,0.24383191481716843
SIDM00970,0.5978643962301424,-0.7158719483414447,1.5806988246626354,1.6585758397583925,-0.6037468027310408,-0.8858790679895077,1.694679870369973,2.4413793046701358,-0.8220842914845459,0.8543957507066343,1.1880393735875194,2.2081224550381298,-0.9300696610628965,0.2770786968417671,0.6570472900054591,0.7260904517767092
SIDM00103,2.3379188087388276,-0.7060654205022363,2.614023463722829,2.8968379455774023,-0.48125949452133815,-0.8999201304306519,1.5746552241162448,2.7364768711527456,-0.7541170703852792,0.4052395725174325,2.0449062344048667,2.1247721891747493,-0.8466875039433235,0.07408952381324764,1.7496474497287935,0.4162027461890853
SIDM00266,1.0643492380955213,-0.7574294920450626,2.880767644653616,2.174152726025607,-0.6766864069191002,-0.8595985123283248,1.868734642060359,2.557890963298557,-0.4402984152858158,0.5984208509276298,1.6018215531827869,2.070810324047471,-0.8572412926392302,0.05571131010162285,0.9657440581847021,0.5820064595410525
SIDM01064,0.7282704034357644,-0.7339005413866921,2.6020649592240885,2.314469923848314,-0.6764756358083278,-0.9004864270912755,1.7740629670919035,2.634078852068498,-0.49882773903268635,0.8937267820806875,1.8804409969010059,2.0655528337822613,-0.9043457050060759,0.2184047725107499,0.21183589871175645,0.46692449551921
SIDM00098,1.928063380179035,-0.685931624411323,2.4959207094053437,2.449949427513486,-0.5869028679195268,-0.7391762868457921,1.8088700731088752,2.9273865890044903,-0.6848457442430085,0.8863002872552346,1.6717473310879372,2.004074108911011,-0.882990086621886,-0.027732544116845746,1.540508649395738,0.6462207478945475
SIDM00225,1.1688329063037841,-0.7066664611854248,2.3529663548830864,1.9707164749989965,-0.7047071438886391,-0.9704706037867933,1.6940159212856645,2.6440834940199993,-0.669492053816234,1.039432342455178,1.3868420203614606,2.02871121219907,-0.8592441672005366,0.2212777843025185,2.1530919941554805,0.3261481890873284
SIDM00846,1.573607682283972,-0.6327044460204742,2.2335741729554863,2.52223314108345,-0.5685811231342801,-0.8338708992297375,1.6065533185064904,2.6629645354383573,-0.7364085626169848,1.2642690872056894,1.8087015144798013,2.283368042812635,-0.8772382243904474,0.44505511716163204,0.6932508491451873,0.7589688523145776
SIDM00291,0.9310882079546325,-0.6614328609253325,2.732021824589917,2.0800828438046235,-0.5962885480940837,-0.9176042569516929,1.98414854836012,2.9024251270764942,-0.6404762417389286,1.0867731729179588,1.496310684119098,1.8569729524826126,-0.9249249219510337,0.6271032750722605,1.0631131612769424,1.403808180212957
SIDM00520,1.3705725241249191,-0.6898822327032397,1.9004399491264725,2.28813025207849,-0.7540050823818941,-0.8484188843274899,1.6730433358158876,2.6173215593607475,-0.7556019032648579,0.8039716636630485,0.9561671017070332,1.6038835436201737,-0.8445241737884244,-0.16880637731661594,2.170351063652842,0.35404262673009684
SIDM00003,0.9239333730136459,-0.5660818449141397,2.1608065781315635,2.1987262735721993,-0.5042621358413457,-0.9197666091596453,1.8982525508288997,2.873372633832633,-0.8506914419372793,0.8741107392749171,1.1153470039732314,2.1076789766323905,-0.9037821507872656,0.17126556240454385,0.8958912574453565,1.0776046752827002
SIDM00136,0.9365555810278012,-0.637912932221124,2.846930486186614,1.8865307156021178,-0.8429503471229274,-0.9547874297075477,1.8245760371670963,2.328572327792155,-0.7155904914288966,0.6666491517492384,1.4946952486055565,1.337993524879972,-0.8162537571287957,0.520257287392525,0.7106452963732119,0.3572664559472214
SIDM01155,1.7086385355620106,-0.7113697667241429,2.2135815921827953,2.379452759664372,-0.6329083708804897,-0.8296232882221539,1.9608454855245143,2.703634521110839,-0.6594270302415666,1.0033438968024113,1.1847215430358313,1.9893773244712512,-0.8310177306916975,0.10672419442694646,0.6622092617312737,0.6447373969727798
SIDM00224,0.9428884051999832,-0.730656090770889,2.224560908208309,2.054277629725557,-0.4387799968450213,-0.9060953494398486,1.785777853550092,2.939660348516019,-0.6912553212334422,0.7906545028041879,1.5626808488050465,2.0273555589863452,-0.9139097842813099,0.41475396558210614,0.6876224797353804,0.502413909862779
SIDM00783,1.127404562057914,-0.6898754331847861,3.0517237215371065,2.3144181607063157,-0.8143289487249812,-0.9306461779550864,1.6883007463387691,2.6309067932024517,-0.26719336973835844,0.6842820899350632,2.1394779044139254,1.8329373537782658,-0.9509677262376774,0.8379447467130551,0.0328997508869246,0.5766362834212936
SIDM00490,1.3586495615552383,-0.7692593460050722,2.989845745868747,2.1783108583022788,-0.770200269322026,-1.0292263340890344,1.781853767497254,2.3734387337266343,-0.5828399871289972,0.5679355599338541,1.7889042679251934,1.181812580887677,-0.8542712034794148,0.1297153501982976,1.1944089224976144,0.6006041052929273
SIDM01090,1.4420088513496814,-0.49255095955112943,2.5368620783231886,2.2226617073431054,-0.4929551091091625,-0.8456881717016757,1.6700513744735932,2.4567354476463428,-0.549594041299526,0.9698887967981993,2.11387644211298,2.097439941921576,-0.794780443474969,0.6360148713347356,0.8082147940999671,0.6254121141505763
SIDM00394,1.9173238670708679,-0.7437922985720902,2.915622118472042,2.375090854243356,-0.5611228539223483,-0.9458963070831695,1.6147393860044088,2.454763186119858,-0.5052671059510349,0.7387324553979517,2.147279131881393,2.0981990433292235,-0.8246606729888697,-0.1243893074374545,1.0139650697241203,0.8929914685171141
SIDM00538,0.4839987148115717,-0.3885766181331397,2.8505859256839394,1.7493388492785589,-0.6127135398545185,-0.7264502191820174,1.2316578227095623,2.7228366468003897,-0.29610872280639916,0.4938573974948365,1.4366271608497732,1.7635365900861781,-0.8661144581134338,0.5809174034098971,0.9697794158558374,0.7190118826434025
SIDM01140,1.5622056588303979,-0.6703796843361112,2.4410621011288396,2.468237206393342,-0.690385104723047,-0.9068451706636983,1.7762335211713787,2.874040499686644,-0.575032121970022,0.9255091857256011,1.7295854649993412,2.208656121601769,-0.8655855080719748,0.493762248385302,0.5364364184095323,0.7403114142534754
SIDM00101,1.542269992978318,-0.69548155584364,2.5387157356947956,2.0504700349221543,-0.6277909224213123,-0.8574525772477366,1.5798976838579069,2.6679597616802324,-0.811069778762972,1.062622459695393,1.2797000155899414,1.536485654707054,-0.9135534385337373,0.1943396535450834,2.2368761980398952,0.2759029572192398
SIDM00114,1.184673383626015,-0.7530204807391585,2.7546422169917957,2.0296196982223,-0.7732510473145692,-0.9113798423266899,1.7167043170752883,2.4262266014390335,-0.5879305618343299,0.5701691484903317,1.5176018319781757,1.5625173447761933,-0.822632555650271,0.20545121756359733,0.08493557830414902,0.7354684848243338
SIDM00102,1.360720635561124,-0.6335467302455414,2.373715549537434,2.0579143826196025,-0.6191936069749706,-0.9310012068717058,1.6367243500169033,2.6971319419728617,-0.6846886411193209,0.6721501538602983,1.7151949913792657,1.577954371067333,-0.7816896063544954,-0.03406193249377109,1.5801002127663863,0.7132211975405242
SIDM01122,1.0174889311618096,-0.7087866329722242,2.784877605423858,2.0206673424994253,-0.568664392617393,-1.0599332282613574,1.6511342515564342,2.58625834555989,-0.7329884627630483,1.0951966486738502,1.9524585373833998,1.9797691507005226,-0.9001109216509103,-0.1801579220360367,0.5563474893925744,0.8251525620549683
SIDM00261,0.40386023252774994,-0.7624148770703837,2.5445186911791016,1.9797300748887774,-0.6200008787723252,-0.9399267722008711,1.8270242316405865,2.3905226509690363,-0.3212182123494523,0.7270771778277745,1.5717892276460046,1.523823837288359,-0.934823503992833,0.23301768854144417,0.1453675154319629,0.7485405724512866
SIDM00154,-0.3521929272103196,-0.7732226993486672,1.7544649783536737,2.288277368488066,-0.7213914268872311,-0.9445248125517199,1.7530590735612024,2.8837669375776636,-0.5596822632396368,0.8179509149903345,2.2312091142085313,1.9132505696817492,-0.8255809034587729,-0.491672766870818,0.710531860590841,0.9545230185971697
SIDM00104,1.4640456336597019,-0.761414155472249,2.7760480436576884,1.966613581195632,-0.6384992671365561,-0.8828653815250088,1.5343594503365157,2.506646515737559,-0.39277062428128184,0.3103532273667293,1.8313980651109625,1.3873699074069177,-0.9421681021985489,0.09156271199562378,1.644463284061337,0.5217885716455289
SIDM00267,-0.09745775986691466,-0.46496924411023005,2.868073953417797,2.230725181339825,-0.63622318218411,-0.9460492204722687,1.6639682376233635,2.6717574695202617,-0.6806411189731765,1.0085858865990118,1.8109809093093028,2.158163974136669,-0.8232126910087659,0.12694343672335476,0.02649027851911882,0.7053258259412981
SIDM00100,1.2889467591872756,-0.7566295168777827,1.8448205538404765,1.953152209910352,-0.550464898659909,-0.9252146849330108,1.8582932759552389,2.6892087195082524,-0.7568891410887091,1.0793671078308968,1.3002894207763256,2.010618549082116,-0.9256550316825964,-0.09073124005361885,1.3402811263733347,0.8433682961374751
SIDM00826,0.8756556977223138,-0.5124024659386331,2.3988363574871556,2.0109350826107417,-0.5195203898109578,-0.9359068341097244,1.6485214270400006,2.711961848783215,-0.3879671504562644,0.420318437985345,1.219646077885575,1.500678010985998,-0.9011310232679186,0.38889639568270945,0.8554977544023886,0.9165177094353982
SIDM00310,1.0122582556954394,-0.7053387275702455,-0.33750774234099473,2.1114140697751527,-0.5770859664665958,-0.9666308255930655,1.8253743093694426,2.575515224854231,-0.6236644473261165,1.0690366352714062,1.2005924493579119,1.7225385546719005,-0.8637374565384496,0.20380279674324964,1.7468758761611063,0.9333908272427761
SIDM00482,0.2688432634772237,-0.4726572954942531,3.029529332466761,2.331123668424619,-0.6495186929056823,-0.8380750114991998,1.5972000560592838,2.772273877616382,-0.6448581445265226,1.0916886188196187,1.688524183398214,2.3084294471813878,-0.8235312164115387,-0.032232461835023936,-0.6076689507938758,1.0925562402972173
SIDM01247,0.488790483552319,-0.6492799707561708,2.705695891534676,1.94534322189388,-0.6498702667742142,-0.8783414209143987,1.9411949504999413,2.4866149373481314,0.4767569533165576,0.364379397073737,1.957107941100424,2.245955011906588,-0.707582470237366,0.5935935590039697,-0.4982433526353842,0.4724038873262359
SIDM00817,0.7836323151563724,-0.5522588001316542,2.1299183069058114,1.7407697992419453,-0.8137860562077633,-0.7500412593777701,1.7227535124419453,2.737730040982664,-0.7070958572138294,0.833647994369374,1.492937040251197,1.9485817188022236,-0.8459332877827809,-0.28739873345943745,0.896710714145973,0.5467929656670334
SIDM00448,-0.051032764617453555,-0.5589505849756898,3.014689733356582,2.879169316372507,-0.7764073829274436,-0.8066383892591842,1.976731516491824,2.9154504900616964,-0.6037318099706971,0.972264118512688,1.8139603279646903,2.163318472881488,-0.6947727415414788,0.48046688785490105,-0.49828184246504703,0.9354783145023656
SIDM00086,0.9340535027951458,-0.7434324210423652,1.7159173502522596,1.5448466145870963,-0.7356533825599759,-0.8730085652140224,1.7130024188376671,2.638200176283657,-0.6632153576943326,0.7999704970902691,1.8264880619875015,1.719384972948328,-0.867284479668724,-0.3703568919419572,1.5743933165958048,0.6202219471139605
SIDM00466,0.2047406653179578,-0.7078607685668955,1.8290318175950682,2.529249170809069,-0.9106985153608125,-0.8087024458220335,1.4741321553647244,2.757018180364273,-0.7133671622294322,0.7237351818635895,0.5102413229228836,1.3817142244981224,-0.8285623477693269,0.6984762176966086,0.950754581236119,0.615605583124441
SIDM01132,0.8900685346465236,-0.6250596046625153,3.0523896751574116,2.236522854320824,-0.6951774224212837,-0.9186311415346547,2.037294763980699,2.82755067156583,-0.5685442094307185,1.1458788027299254,1.923294756307815,1.582201318422686,-0.8608606304591512,0.10487672182975728,0.03670594234912785,0.8180879327586557
SIDM00465,1.0672822112841005,-0.5726317666064585,2.8265418524710246,2.268168628264992,-0.7595208618283616,-0.8773792829721591,1.6049171050207627,2.4132398156364543,-0.6523087339200743,0.9096606094943561,2.0686378832448162,2.2928819786774004,-0.9085203423778809,-0.3228271386419306,-0.4409261975872519,0.9383262656852024
SIDM00565,0.6304631291246408,-0.6985202028155977,2.3980293790476837,2.0762712889268884,-0.7052773897744422,-0.8050852596547176,1.3416077559511124,2.740246752262693,-0.7008765900526683,0.9690733264106415,1.373561361660634,1.9819507217825176,-0.8719523842301471,-0.23919989507184086,1.0656946317318634,0.5209242087462079
SIDM01092,-0.0858710311126536,-0.5437599869872055,2.4874005683548295,2.427819927105715,-0.5889774063774735,-0.9974428152866844,1.7787866554424585,2.9013542243359076,-0.6761586183524146,0.9304594770418708,1.6336664064122601,2.2359919396771395,-0.8652745674332006,0.258236134374987,-0.04896741837361574,1.0045162947738582
SIDM00218,1.0396001895581983,-0.647485522600275,2.860832539477968,2.513779854196348,-0.6602781193360703,-0.754255274870799,1.6951287978877507,2.5111967007276634,-0.7495046063563667,0.6247750361595533,1.6144226582355565,1.3927091841612325,-0.7786147047887055,0.7052607177225314,1.1779004542335705,0.7899138808323035
SIDM00044,1.1473855040950345,-0.6670843726325668,1.5254824637635178,2.426570822460592,-0.712714076984355,-0.7993553355650033,1.3571757397037212,2.4903172570733125,-0.8066247676021608,1.0406795828013424,0.9059312758349721,2.1890679691268056,-0.7776138536373146,-0.18268973939897384,1.583746849446385,0.11998708874697694
SIDM00362,0.20454354525455834,-0.5905581199107253,2.675803715914557,2.026091130430181,-0.6971191643784931,-0.8604821459555829,1.636658764599601,2.8290167001080837,-0.41189596415258295,0.8601195794564579,1.9054101209608036,1.639630230767009,-0.851654148369032,0.08516221465132816,-0.36683378294324626,0.6639883289793554
SIDM00813,0.27735482268623746,-0.6754679312473338,2.782856221167487,2.7237438438885744,-0.7726315152040233,-0.8303339532846087,1.648013344173151,2.874870024771452,-0.658921124963753,0.4669920848786775,1.7492407645269081,1.8042977093182868,-0.7648734235080553,-0.32237240087741353,-0.31483192559751866,1.0035256947095916
SIDM00364,-0.04702739582412982,-0.6864111147807012,2.9592441392003157,1.997623818281944,-0.803146337411498,-0.38199157023587615,1.6662092892419507,2.728954578693184,-0.42373878785338026,1.0692014951461843,1.6725869124488415,1.254966221928801,-0.7709045245463383,0.4451445592992286,0.5801307243181145,0.8350825472010793
SIDM00792,0.5441304719224935,-0.5759070610410837,2.5705671873773888,1.8528034860616536,-0.7678044600799626,-0.8359552398456468,1.621238173800556,2.830772496937079,-0.6585079695932486,1.2491716062240599,1.2573568789840484,2.182411429443546,-0.7925655550831877,0.606961135372724,1.0886409442249432,0.9934684839149102
SIDM00241,1.243116141702625,-0.6870708266047738,2.695708176152978,1.8187388450979534,-0.6444285832057367,-0.8731997941900265,1.693779750059942,2.7952394132794702,-0.6574445224544573,0.6717976571003277,1.6206768961214162,1.562119380236627,-0.9056373450749734,0.12631853966541154,0.021594458171679164,0.7617183285687733
SIDM00091,0.7354254670278948,-0.751575037028208,2.2240234579162506,2.1357047170009946,-0.8443409819867929,-0.8319805021997992,1.3184638557975594,2.948921602814012,-0.6042517993091244,1.0320106767162258,1.4495111122318343,2.2851696850321,-0.8965005621705243,0.22267079236935844,0.5704597479782715,1.1542015978281481
SIDM00427,1.101844739346578,-0.6954496008844265,3.072389093689824,2.200823523097323,-0.5255923295737025,-0.8507046676055611,2.0925432929520165,2.4760038745337463,-0.6595150245621274,0.5523560400109604,1.8550414127971269,1.6202605959542105,-0.7993762872848975,-0.4387217999526499,1.1653915670228256,0.6728446488474863
SIDM00758,1.8185458353710229,-0.7354749904845373,2.8978036439966295,1.4068285207662665,-0.7880737981416971,-0.8277042830131809,1.9781244405501195,2.338671199390886,-0.45404959185249816,1.2092977615874816,1.4470893925318142,1.170432850421198,-0.8568693079602603,0.09852502206985177,0.38736889864371443,0.794837815848472
SIDM00612,0.5673372345174125,-0.5580603767408,1.6971574102998044,2.2978952281787923,-0.8122940716387537,-0.7879117091965815,1.5958977157312138,2.5275369685469418,-0.4142895780875389,0.960353445508808,1.407400509331258,1.8476670140841718,-0.8597792478545097,-0.08800826767846709,0.43787404222610565,0.40172775603725325
SIDM00553,0.47864177393733087,-0.6113207077646594,2.389227380154432,2.210803379704219,-0.6748015587582642,-0.8880297789527642,1.747952927651397,2.791409398009144,-0.5921406613201442,1.3013559673305857,1.418497472632905,2.2917980509454323,-0.8529359772046194,0.8387460935118292,-0.15341505670802566,0.8703881120001709
SIDM00343,0.8168267290495606,-0.72312723169889,2.0723667604344613,1.8007157485980165,-0.7241924709904989,-0.8795929208329755,1.598199161154335,2.4780017974401747,-0.738060227378271,0.9636049557971962,1.6400756592247963,1.9282992793013873,-0.8300654486876469,0.006948201152291684,0.32546060129563964,0.607115157979682
SIDM00543,0.5720795830488763,-0.617422534435098,2.6394139500840237,2.2992797980223267,-0.5903729173335783,-0.7440294031978275,2.0087130138410156,3.083292369517789,-0.5508521046529905,0.7706980904391544,1.8002749848536148,1.923176951447772,-0.8217008421841747,0.13409109293790772,0.6225627512149666,1.7956649436336374
SIDM00537,1.2497941772392545,-0.2785727424048578,2.6516001666533247,2.3229021031238104,-0.7015457684118964,-0.9712965732319552,1.7440984573348841,2.641909856713858,-0.49337633375989415,0.9499790174531241,1.5567078070789608,1.747843955381187,-0.9173733889223935,0.4351070544087885,1.1240689347126929,0.823578128631378
SIDM00332,0.601021667581552,-0.7197795913402045,2.445075762162881,2.2357333894654414,-0.6957673509442519,-0.7905017854217659,1.6416269645567065,2.572841024427117,-0.7783418392370071,1.2735122563142123,1.5842638394457194,2.336492632539079,-0.9011455690405223,-0.11779019503126785,-0.1764808942764286,0.8091746035446908
SIDM00299,2.080782036298189,-0.694229327813902,2.432505454761921,2.5120270977603827,-0.7922233605932236,-0.7944113564646583,1.4050012139827521,2.582615399691534,-0.725596353311582,0.8122690113334502,1.7486763890561068,2.1650606363087803,-0.925106131674169,-0.31255791856652937,0.8551293534877421,0.44757993614326685
SIDM00308,1.1001940288579513,-0.5933191777212855,2.647193046778175,1.9028479462688943,-0.7252687663092965,-0.9402149463102668,1.2420151134656834,2.5616083487684804,-0.1925385064862189,0.5434697658998214,1.8483415604209128,2.446524649230149,-0.834197777696494,-0.10752157104889831,0.15854587587098878,0.6915370667004099
SIDM00227,1.240636941265128,-0.7281334837795305,1.9266087541665131,2.1366594110856623,-0.8151193858085336,-0.736251322253292,1.7110111925454878,2.6236877984131652,-0.8088107910372783,0.6906788458841158,1.6159712524378813,1.7856069452405086,-0.8316375238637347,0.15534457586776843,-0.6110225163274108,0.8076348258820238
SIDM00294,0.6146647030898141,-0.7085165743933771,2.7539866016105634,2.1277667208714384,-0.6959483484242832,-0.796752591732855,1.9097880931456634,2.81161685390212,-0.5092547375939853,0.6918917132829079,1.3278918281664285,2.7069448254180997,-0.7767978492085281,-0.19700703146281842,1.1222855294536844,1.1680787087457567
SIDM00677,1.2177019870772903,-0.4588133424893627,1.9773897265736486,2.2584220767423795,-0.7877589227198464,-0.9194021154761111,1.9880766804640821,2.497615495036216,-0.6700738530798964,0.8731933599774336,1.6301519099501358,1.9865693462582834,-0.8638346037679414,0.06523635469757093,-0.36654559447262974,0.9026410260406753
SIDM01220,1.328230457188708,-0.7259595312451688,2.383675062155333,2.3080172862112693,-0.6983161619708511,-0.918062515343882,1.9260733379707475,2.7294386215368216,-0.6383047972500171,0.9588530642623054,0.615288206484407,2.062436906735222,-0.8202242778970508,0.06840105351763423,1.3591165007207784,1.0329357491754885
SIDM01259,0.3231370591893491,-0.6350904215443199,2.653228672819269,2.2734593080630723,-0.7151845352280681,-0.8441092624011233,1.8690280096480587,2.6338135378298806,0.015542582969534868,0.7034915587939885,1.7232854603420134,2.1053033876655434,-0.9202050573983612,0.013169615031513619,-0.6305062741007668,0.8531254360168536
SIDM00680,0.9571207439905584,-0.3381922639044819,2.690481801988433,2.295905108488223,-0.7173794513467417,-0.9686809099477921,1.7204446679954808,2.648184741903655,-0.4407840484887007,0.9360408574692118,1.8084495201536854,1.8934455605445677,-0.8658145556356925,0.6168646586212037,0.5547501865137316,0.8562531400603803
SIDM00346,0.4971405140073967,-0.69675663455487,2.8519766849508192,2.112834833053525,-0.7785994265148559,-0.8591539053899276,1.3314928418869931,2.3812119988988556,-0.699298745781311,0.675257554901411,1.940757264724536,2.467599007866974,-0.8033098327163121,0.6766067499269093,-0.5936718680687725,0.7337994157818759
SIDM00129,1.1260468363665275,-0.3734042748683078,2.8182143566658775,2.8816188798531273,-0.7529068309388647,-0.7440280954436244,2.0295327065867825,2.673486399702061,-0.7389670077561695,1.0664269016466141,2.2797678822637355,1.61859951004521,-0.9291912183921407,0.3288509511315439,0.6279305154067873,1.7734244719107426
SIDM00627,1.0503816068721652,-0.7500684930244128,2.4427032392300507,2.3778600694730416,-0.7593286673041112,-0.8622361530651789,1.4348161778680575,2.929120546628082,-0.8320532945629042,0.6757359705178497,0.14706132490721238,2.3426464302258148,-0.9300634995958932,-0.006530761532012823,-0.3691211715278925,0.8600934917687904
SIDM00293,0.10319745052076167,-0.7444500315678483,2.841318935490982,1.8178503309546084,-0.7211412967500401,-0.8266564931953133,1.872523905244907,2.839512852522748,-0.5365950922001872,1.2139577002278776,1.0606327625124734,2.2799868151269473,-0.7423824030623551,0.4465818216975276,-0.32324464785905543,0.5919288788893836
SIDM00274,0.7317406884810288,-0.6950948902110038,2.671636297274543,2.140183248973533,-0.6839891079525608,-0.9825616115495734,2.0892334912719797,2.828002243782434,-0.6955432740299529,0.8644666307312887,1.3455064300721533,1.7686707214136088,-0.8945048298477004,-0.036140973197630585,0.43265503524885246,1.180615134277378
SIDM00544,0.7798915471710501,-0.7119095506379078,2.8175969482722825,1.9112094922911966,-0.514789477362307,-0.7499537648479819,1.7875626011811385,2.6316333785186754,-0.8450557565594754,0.979443454992723,1.7244723914693754,2.190528381519652,-0.8408569560137206,-0.0027204446781052883,0.4676823918917845,0.678239597561067
SIDM01006,0.3268973121176045,-0.5437640186097241,2.37088983179119,0.49623987723058044,-0.6755127455071726,-0.9304268501909237,1.854625125503281,2.7132532722533025,-0.5524520937699229,1.0843316578541453,1.9814207046747137,2.3542474579153825,-0.7646163800537407,0.5557268137421382,-0.22984858527155935,1.182645217923648
SIDM00302,1.9946199628752388,-0.6139342223220016,2.4345200402224583,2.2526913495007297,-0.662960146235579,-0.8869890014113183,1.1714927252255547,2.753474897850154,-0.7741910965245224,0.8787337944993499,1.8445494549397246,1.960441705844017,-0.7746135933817971,0.11174600879677545,0.29266448076302826,0.42250994430021777
SIDM00549,0.09082799658259551,-0.5694590573756857,2.5492371724668184,2.3303883040389417,-0.534958492778836,-0.6700257617599034,1.7320073039649546,2.630916957600154,-0.6677607577981572,1.0625944261382565,1.8393768526878305,2.1904591907169584,-0.8069800556729901,-0.3006585705048608,0.06061327012921186,0.8137253516799338
SIDM00292,0.9355679283108982,-0.7822068520638308,2.900104725282645,1.8339654564032997,-0.9186182870298412,-0.9696098963885417,1.5660019765075688,2.8673237860651053,-0.49025632015425097,0.41442565701785583,1.0977289000780468,2.007586193817028,-0.8515284855483588,0.6545189454813057,1.0059880077595802,0.786075287295556
SIDM00623,0.8602491631561909,-0.7165420760741641,3.0638038371162213,2.594682045852908,-0.6125304903329482,-0.866539349113157,1.557388078596028,2.8269530656940325,-0.6091178937777759,0.8987033600113028,1.9347809274243772,2.098433412065322,-0.834688192501064,-0.10831909913705101,-0.5556188970015602,0.8856849166456012
SIDM00638,0.8547907910581612,-0.6554250112771106,2.6743771430332894,2.502383934830314,-0.5624530655476616,-0.865167908208608,1.6569702018012247,2.831048136764187,-0.7508128739619327,1.239204118870029,1.4348207296384357,2.422400038917555,-0.8033253401754306,0.3998866177056763,0.6873123453519158,0.547902072700747
SIDM00527,1.8138943405866794,-0.45848438413353704,2.631097230691787,2.203936091093652,-0.7362024959032824,-0.8958486574202624,2.0033170248565413,2.7319690456322965,-0.7866098494535128,0.6039465982366262,1.8451759869830362,1.6398272542462349,-0.8570066824822761,0.3421302143846275,0.3739555881385892,0.9932679632820145
SIDM00976,1.4881450419985367,-0.6199709565993239,2.115596852181259,1.9338398765592733,-0.6795263324768501,-0.7610718099931328,1.8023998892099542,2.631530313571398,-0.7521817896330744,0.977020560356985,1.57821724363273,1.6071416544844566,-0.8464992961388788,-0.09566640715772756,1.6867576245052427,0.8461390892057894
SIDM00316,1.306957146956133,-0.5762044704411005,1.7133449080670362,2.4402366688418344,-0.7702352825468081,-0.8925357220166981,1.809375358177165,2.508581873372027,-0.6209835002359428,0.7874569075841046,1.489021277062367,2.121940782755123,-0.9262747372802613,0.06449293821944854,1.2635407483339063,0.7296438301138882
SIDM00326,1.3062222177044571,-0.655287336732483,2.3251410164956807,2.5664269476667783,-0.6266093873149211,-0.9417020739474303,1.4416013093597173,2.760692755375015,-0.8698095362311098,0.8499508560076872,1.177096091452242,2.063837415656327,-0.9057939609419287,0.3830777933109404,0.9876029958845686,1.1000803104240595
SIDM01093,1.3823080803892083,-0.5822527111820305,2.0908896321121517,2.249891644893477,-0.6349559434191636,-0.9567512382015507,1.5174206062984281,2.5842107733883775,-0.6825508209305821,1.3726008556789486,1.7573645505166093,2.2919907913985518,-0.8840845519604864,0.27808709548689436,1.5484319311922097,0.9836275074210729
SIDM01098,0.3916686352688935,-0.5204794770628978,1.8867780563927306,2.589556826151848,-1.0788352627764968,-0.9574116729607629,1.9278256533867362,2.555652401921479,-0.6177753415845699,0.9065371062170047,1.3078384247557757,1.6889950413361312,-0.8626176615157184,0.7008562647435709,0.003002378072393673,0.5371293365107194
SIDM00424,0.4277261731957371,-0.6038220684928007,3.091132258903697,2.1049601702238743,-0.5452865321479736,-0.5584054468982266,1.8608415726179317,2.871975887164527,-0.2982204762106272,0.9498327300647583,2.474022991569314,2.102890499835387,-0.8134026655510335,0.6382003551194066,-0.4577286043291961,0.8564678565861846
SIDM00973,0.9515381300213456,-0.5952534674294442,2.2316191235717993,2.3515907453126084,-0.7925562082424367,-0.9095588560930722,2.0375794724425966,2.5585674697053618,-0.3565071884398041,0.05069225784652209,2.235303166927078,1.1729414383068733,-0.8450461782489527,0.29365500707312026,1.4005259839557187,0.6633621635631382
SIDM00411,1.0342880969743922,-0.6526149725138294,2.2997598695076906,1.9603001140450818,-0.7700587537906097,-0.8935723682322843,1.691624598693768,2.5980188460275384,-0.6049352636566425,1.0959162678486252,1.4599788836157395,2.132751781120217,-0.9520512220376771,0.49635749802538753,0.19064989879946054,0.38270268183677014
SIDM00374,-0.1997370405087289,-0.5626702680124273,3.1549507606365528,2.278678387614118,-0.7511906623125447,-0.859179581403729,1.967895689769417,2.988357442758683,-0.37421136524757015,0.865139285976175,2.049096423585712,2.0745577329080214,-0.9018627934292662,0.3378862986281892,-0.6008233771853273,0.950206314034635
SIDM01160,0.6549058119708592,-0.690294390828557,2.795929360098132,1.731425577322621,-0.6895477368972539,-0.8638633041443128,1.6342549089562382,2.5586031667238953,-0.8430377995170738,0.7356066732741268,1.7165473528882618,1.7474255709430526,-0.9026142827539493,0.3126767692717495,-0.6887774002236252,0.5402629721021972
SIDM00145,0.802950705660579,-0.5670516799043611,2.510279740277486,1.7646154027885737,-0.7330288402670999,-0.7348746658262763,1.4719709355839823,2.8223276438841745,-0.3473734027580304,1.2545059447773033,1.5574729935656508,2.168462507227971,-0.834048590154876,0.12327675533908108,0.8673560379049698,0.7505702322821809
SIDM00975,0.9943258802184329,-0.6747869943590223,2.431347571397395,2.4271795655610866,-0.836235941183809,-0.8921634002226083,1.8196321629066932,2.724430703343526,-0.5552015223637429,0.5354225098729116,1.861503527242421,1.2316045772456017,-0.8541058739707014,-0.02804275173375653,1.2213949587126605,0.6412174846581794
SIDM00971,-0.09286942410878238,-0.605894517039127,2.5458316354007953,2.1664395835594443,-0.8141659307142427,-0.8100420893909026,1.7627993317857882,2.3771472005115095,-0.5797921135459398,1.051502317799816,0.6023360940015995,1.9417761463164278,-0.8548243349376753,0.3881157607240987,0.6438389656837391,0.8970975236516319
SIDM00251,0.1467746684204795,-0.5798742456150164,2.9501506942899742,1.9062745014804552,-0.7372825625104673,-0.9105672428814097,1.8228143871549785,2.9047760840469987,-0.409971304884133,1.26726689288616,1.8351398668649002,2.125996809182138,-0.859463896021808,0.6466645216194907,0.987107799532415,1.2017972430313613
SIDM00412,0.6989999637264211,-0.5510720341878046,2.5922256197251805,3.363545259313884,-0.4633232553764132,-0.9497387324691152,1.5254224452406324,2.824879289275025,-0.5149252750440734,0.9983354470214048,1.5886169750959047,2.1348868170382618,-0.9135278688881532,1.6379431396356512,-0.3453970551594213,0.9328907198133635
SIDM00023,0.8141831139777237,-0.7198373086127304,2.368257277765783,2.317851397082058,-0.7315682174460656,-0.9270391646395629,1.9719538984589113,2.7276017886149946,-0.7715604448493504,0.7588011331233562,1.0196518532123722,2.4594750557105316,-0.7840288499580165,0.7779737492443567,-0.6100653074751999,1.1188618199440412
SIDM01198,0.3710265619931533,-0.6766066297718724,2.6824789440349974,2.4689911115700593,-0.6310364358565848,-0.5264432867044658,1.9369639791655884,2.6696460007722127,-0.2796714772674472,0.5211299299093556,1.6975535239536972,2.221780237443447,-0.8485366410588682,0.2451291347870348,-0.2517868054465845,0.5555635405001693
SIDM00441,0.44406764492347645,-0.5181719915599297,2.6108003834318456,2.1271446694839082,-0.5803830660186984,-0.6969064482764163,1.6667670299479629,2.726684750247034,-0.4806553083719302,1.335865545122078,1.7413408399605497,2.14039411128677,-0.7785147814692835,0.32224558772128636,0.9868039759936637,0.7857245841958505
SIDM00388,0.6781831269585281,-0.5436793739280744,2.915037497011535,2.3028197189582107,-0.7023946318010577,-0.6707611750979351,1.7539242269127244,2.8786436118209564,-0.6192232015765247,0.9100506655839163,2.0239566285134156,2.1982767470890696,-0.7076326811588365,0.7114272649885525,-0.34550363291765,0.6705708147020736
SIDM00417,0.5084559213033675,-0.5818803175421197,2.8612748932479204,1.6964571418879046,-0.717962062104607,-0.9701148023358245,1.549923438551982,2.6987715444573075,-0.6990361156761691,1.0230103402750768,1.765062411141998,1.5735051430743825,-0.7344804701816428,0.49293768541888944,-0.4052521656940059,0.689642052887845
SIDM00416,-0.05365603942589828,-0.5367628704995347,2.9766333339427695,2.9178141759282217,-0.5189957344692154,-0.9609119493886082,1.4927997435922558,2.9579754265394045,-0.5164854158341077,0.5613695979801235,1.9977577347545166,1.3752105287988292,-0.6561927928090971,0.8162235319700547,-0.44337356945551387,0.5083881407971387
SIDM00974,0.8875539221032415,-0.5934550547258883,2.63632092159904,2.3601527237172397,-0.6264079538528514,-0.7932550303227163,1.481541165985247,2.754234565363409,-0.7433386516482391,1.1014571096447363,1.7409651716705912,1.8511912670096575,-0.8348145311415287,0.2322325893020512,1.1325122683155004,1.0336425878799356
SIDM00833,0.28845137617912947,-0.6835668879998538,2.843686369093087,2.2668902350716373,-0.8788776215311063,-0.878145909929241,1.459045458580559,2.7858896942770164,-0.6928757071383997,0.915801542429629,2.1601424877566884,1.8078173832230702,-0.8801887022848959,-0.06951652777739575,0.756052481655975,0.4651851332977107
SIDM00562,0.9792257378497602,-0.49773539128200917,2.704834002677595,2.586081734622302,-0.35925966292246825,-0.8996507040410033,1.8317240541717887,2.712936990622308,-0.5624775764914703,1.3831309554779152,2.0253901128122345,2.273659249350677,-0.7809108603566082,-0.24498320159141823,0.15659705133357407,1.1419785550735184
SIDM01102,-0.25215503767984426,-0.6186589463397052,2.8129385122478388,2.5874359739087747,-0.8404722059472152,-0.4410174925085567,1.8553942995797952,2.9560745592688855,-0.29050717688645356,0.6652659997713455,1.800161768150175,1.7392980548865313,-0.7893161420629177,-0.12212476431072648,-0.3420874873851831,1.2540446355720056
SIDM00418,0.5380155327864922,-0.6340344489091023,2.6794931346719064,2.481586772288526,-0.8094793023671302,-0.8503011703623924,1.8478838250650933,2.4262594422217503,-0.5175671171869461,0.49984525306496846,1.929177084031165,1.700352150996683,-0.8448607839645813,0.5910584706377704,0.5580258491480743,0.8353503685676965
SIDM00841,-0.045228919103234344,-0.6008178495287259,2.6276461001973,2.4005948829146457,-0.7973973171469612,-0.6824592073027114,1.9602545648202567,2.318979537815261,-0.6924884882417293,0.8084196549408619,2.139652762972352,2.088772050168809,-0.7809972256618274,1.3117411002820778,-0.14377163894923276,0.8419220465278351
SIDM00260,1.4188759156782953,-0.7034973907859715,3.157747958760417,2.401287912599222,-0.8920970264890807,-0.6544434535575184,1.1294914001510592,2.6435539259075624,-0.58027966545318,0.7574809663887606,1.6004890939241914,1.6451573870433698,-0.8329247883006577,0.23535592832529342,-0.4457390580421615,0.4649723441316239
SIDM00111,0.8211119952308936,-0.7241874135063948,3.081522289887124,2.4708130828626618,-0.7555365865725953,-0.7164195646667019,1.48068105311092,2.7038976366825285,-0.46171344629722766,0.7148592145412982,1.7741817231772867,2.012757103860971,-0.8591240032620183,-0.12128806300063173,0.5713546325214637,0.6366911751893471
SIDM01179,0.47084598879418454,-0.6253568070590004,2.2542159773002957,2.1501068091459246,-0.7975472424171709,-0.9307181765811148,1.721298535270599,2.6186091550093296,-0.45581250867212214,0.532523253156497,1.8187123351590617,1.324163209291116,-0.8774078824150774,0.4820558534366341,1.1410094596217584,0.5078132045278584
SIDM00351,0.5286643871254075,-0.6644752003321361,2.8219149914796255,2.263832332268799,-0.748157257135561,-0.6396206461600671,1.738055625278651,2.5932911622474744,-0.6913279827804946,0.922351034169731,1.8586081029660102,1.7981367523879956,-0.8233862486548261,0.21457291049957508,2.0014574227148163,0.3869583096687745
SIDM01205,0.9366551141458683,-0.640419155667473,2.320489733155571,2.136060218342881,-0.6716773698137444,-0.6778925011883238,1.7982888877812688,3.056856025102271,-0.7956274084231173,0.8539746153469334,1.6447605889775403,2.122663243066793,-0.8667498513369424,-0.33776455421214674,1.2276253291435129,0.9544203139388133
SIDM01095,0.8725661920797186,-0.6657849018841143,2.7394019728128987,2.2268185169114654,-0.8298369463938539,-0.7112767468391965,1.805672493570803,2.592959903508877,-0.21663845340258578,0.4746996727545583,2.138667941916397,1.5566014041267806,-0.841491154065707,0.7557463906921311,-0.24096458482432684,0.5984851215120587
SIDM01159,1.2855522561346742,-0.6568023211074324,2.2438369440966817,2.3237039177144467,-0.8050432032615307,-0.9138581854663299,1.5414996241743852,2.615823953551853,-0.7991961754665826,0.6454672417053612,0.942334389835954,1.505060265277532,-0.8101082061188888,0.2902255574708197,1.2556186354994952,0.3756294689925137
SIDM01183,0.5096572228750194,-0.5307501050792051,2.7095033076113406,1.527893167425186,-0.40934206708851084,-0.8358415597437627,1.3943612553160045,2.8931215748099794,-0.68046203572758,1.087521690223795,1.345292855583679,1.6664309935029826,-0.7416629428608541,0.010024229765841412,0.742591446422297,1.4288870639359454
SIDM00328,0.13219066187971115,-0.7032368805702561,3.0581476139653447,2.0519892429811133,-0.6484000813287968,-0.9131063310043129,1.409317424055449,2.7913603216241905,-0.648752666218336,0.7900089544914769,1.7956718852151872,2.306253901143292,-0.7268509888117831,0.4739578108985772,0.837978547919579,0.47630722756869415
SIDM00389,-0.36104763409461454,-0.5412312816041992,2.504863233118296,2.2300737188112922,-0.6339245446831616,-0.7442712189318978,2.0088625431301472,2.91548932046103,-0.48782247129955525,1.274002017331104,1.8788104930174276,2.4264266482597194,-0.7345106492515999,1.2562028610199338,-0.4265121347449596,1.3451844244626967
SIDM00489,0.6809780441779051,-0.7349398213028859,2.5043375708013187,1.981091063451854,-0.8547607331454106,-0.9421611931629802,1.7115583822561657,2.3077451988260718,-0.6330497300871263,0.6147713954967584,1.9524409790828967,1.6530156728466363,-0.8587663453059179,0.9211081812758857,0.010591875959671643,0.36775817192090327
SIDM00953,0.004059906505432132,-0.6688315968453165,2.6206289649338532,1.9518455093480913,-0.7219511465022744,-0.8596248474940309,1.8893673898334507,2.7542355865927397,-0.4757486320047187,0.8000238414423747,1.120867968517592,2.536880759085653,-0.9339253063927109,0.6834782653554486,-0.19124423384773348,0.7814526014724795
SIDM01245,1.4526697534062385,-0.5684729165769986,3.142895466969592,2.1445719114743764,-0.6841518327071727,-0.8576286752929781,1.6750921848289326,2.8510208206561067,-0.5536571224888749,0.9070100158271452,1.957291316295991,2.0865754993463965,-0.7871035886854031,0.16557021981450581,-0.35614509905145353,0.9732084202477908
SIDM00929,1.4153758155259357,-0.651009421910327,2.2695458550163883,2.41640331233779,-0.7364511827919079,-0.8392623706692991,1.319494025225138,2.7052302777954726,-0.43990051277378284,1.0532223248179935,1.3759554766590802,1.5815733303363546,-0.9447247346622314,-0.10100950731748648,1.0962052998314915,0.4788733325962042
SIDM00732,1.3703256632137426,-0.6958590613479445,2.832162600608851,2.4479910123680235,-0.8594868997414397,-0.6827624550742527,1.6346872447118344,2.6492862450977617,-0.48073669159111054,0.7256685663435369,1.9551273247024077,2.141429010298926,-0.8806786555020732,0.39583258976396013,0.8691046093540975,0.6786834060827468
SIDM01047,0.3857048488326383,-0.6315186504730276,2.876682679898149,1.6756444047587788,-0.9079242807331652,-0.8920183385295337,1.7208993719653503,2.798710512780011,-0.39746567508818387,0.30690418557066457,2.480206023536707,2.0765781009171866,-0.7406317902306301,1.0832616949258824,-0.24961818546101358,0.615336410249209
SIDM01229,-0.015724828199283367,-0.7039183038747093,3.0015692450021207,2.5345722073195174,-0.7259136971925404,-0.7408811386802157,1.9124926893636993,2.8042237539529147,-0.23470347253770762,0.21254636901984894,1.6338082425286196,2.133378025672433,-0.8254882587626335,0.8225391570385036,0.45066582480454104,1.313379849399205
SIDM00540,0.47148376907476436,-0.732711687782243,1.9841080110236207,1.7617600564299531,-0.7042106557739742,-0.8760347103170311,1.183880441570547,2.396156495735309,-0.7475709988392036,0.8078111318873723,1.3686634833190232,1.6755054774698557,-0.8409948302608172,-0.17209494413692372,0.5964489293259657,0.6863964845644417
SIDM00264,0.9851538743176864,-0.7353830956338414,3.2133267348638226,2.0510340160312057,-0.7857038017405175,-0.8877719024058806,1.7409863952730802,2.695962127270258,-0.4735621507644215,0.7663430150281649,1.8918467948611226,2.053452577427443,-0.8968087631281058,0.23740403434508583,0.9871809939448342,0.48170169352310044
SIDM00842,0.16177171209570204,-0.7427887369238942,3.080942558796586,2.381674074466821,-0.6518315056880529,-0.8474905911761992,1.7515625144993499,3.120251403491475,-0.43070574548476503,1.0149246705756845,1.807721221785003,2.129732561810675,-0.1562261577755628,0.3065200020580654,-0.46530160862292547,0.7518366826451977
SIDM00923,1.031045225361137,-0.6436047237012319,2.271570605750845,2.209452031236878,-0.6942476847635944,-0.8858884486868709,1.4993107448335976,2.7327419099263537,-0.6679890645262925,0.9502746564250609,1.5363897079903543,2.527374400728028,-0.8100345401673748,0.1357034170847508,1.0299405902238472,0.587774986211085
SIDM00120,1.245967806568595,-0.5971008527879033,2.520944569581088,2.5011202186979085,-0.6709716661677547,-0.8413403239839327,1.76794375414612,2.803209527460562,-0.6566441260162965,1.095953650750245,1.0874197284918052,2.4924140643829644,-0.8550366121266518,0.1197732867698793,1.298907312391824,0.6061356547338397
SIDM00900,0.24026672734768978,-0.6503727562014332,2.924173188998864,2.2458858531244053,-0.75933363474321,-0.6860920585725333,1.6868531471515282,2.9133673621549487,-0.5453676456085652,0.8914961855822867,1.9848367028549687,2.363005694956851,-0.8618799943831857,-0.14137239237612537,-0.5010873756649009,1.3895047071703976
SIDM00962,0.4687219835750356,-0.6358269688744904,2.7753446825320305,2.2486802558002412,-0.6896414850253855,-0.7826917442994888,1.7569563562193966,2.592752708826399,-0.7405180514752557,1.1248098855266566,2.0582101140608637,2.4251651228298434,-0.8663958657974633,0.9460660909811364,-0.14533400283003273,0.7956914744128138
SIDM00889,1.2823206802045048,-0.6348236820628781,2.4725632844482086,2.4358147360953994,-0.6459162682760504,-0.8875630578890935,1.8903221700173645,2.824011716852829,-0.49862754097457773,1.123472426892959,1.82600768768139,2.311313262272444,-0.7857657052493869,0.8899322359125759,-0.4626676492603052,0.9201648625596498
SIDM00864,1.163211429968614,-0.7770206023254892,2.7431317858860655,2.03957926733278,-0.74177800342918,-0.9017136877782858,1.7061870398034975,2.7992991361307262,-0.3887860098505199,0.7532253275221089,1.2821456962364226,2.3148048981018103,-0.884559552416482,0.22516192586538541,0.902515402388454,0.7695457485125949
SIDM00233,0.6169910112892771,-0.5336857644556808,2.9393535740507795,1.7843668988873336,-0.7356423573599883,-0.8128055155346374,1.8503135780477173,2.887691428161482,-0.7355906102155578,0.9283014559031915,1.864171722575269,2.1834052686433463,-0.8353552252933867,-0.2205651941021697,1.6981122004877374,0.8603381629940495
SIDM01233,1.3103364908837085,0.4710452340623426,2.54918782935807,1.6992904767504768,-0.7475392657644852,-0.8309935820033356,1.6451914860342571,2.839949062173961,-0.7206087791593524,1.1542723143958573,1.1548946780832074,1.584383324996996,-0.7969316917070509,0.6453735060273482,1.1065296893768368,0.7835373609230133
SIDM00964,0.21863666863950001,-0.7944917886279801,2.468727608005071,2.2243799904979307,-0.8391415178157431,-0.9443206820953924,1.3796084140105875,2.688466852192747,-0.7646605919184941,0.7406862901853017,1.3034115296784718,2.356175661989083,-0.9083239175942912,0.0913605820079459,-0.04674069664169615,0.2604536685663646
SIDM00196,0.8518739742933596,-0.7257758342171929,2.538670502645746,1.7068734279747704,-0.761571457954705,-0.9051125759227215,2.1037248305234253,2.7017897234701977,-0.4562052356531448,0.6176817350194729,1.599745269438763,2.0355441516085455,-0.8505749649297186,0.2899198343829198,0.8032012244477117,0.47838142332305533
SIDM00287,0.5240214949783422,-0.5822790983464701,3.0293948350360447,2.149041496866823,-0.6842137230594666,-0.9470803592567762,1.7674658084115749,2.7542167273622873,-0.30641715854622453,0.7533823128763906,1.421707141680979,1.9598672201390956,-0.8291932249905464,0.1621205889089796,-0.14156584586732698,0.6068893620119733
SIDM00501,0.7082088097143444,-0.6922907939008887,2.5012283840251577,2.1941739261511914,-0.6547378753006895,-0.7767696305162765,1.7940961635002433,2.5454017941664318,-0.5398682242859371,1.1692908690128663,1.8028758590898895,2.198933824145271,-0.848851270838878,0.4507595468239843,0.6941685931957865,0.5863988522613227
SIDM01237,0.797140240533311,-0.1611331198158301,2.780578703984738,1.8480722688948497,-0.7836590455563688,-0.833551233626492,1.4622946125973935,2.4798810418488273,-0.40181102123646023,0.3116212069721982,2.1107518840200004,1.3162511787630804,-0.7691770426779997,1.8036697740407235,-0.6802458435285768,1.197440490096925
SIDM01228,0.7876774907178575,-0.677229866195156,2.5217071718957538,2.331958979775834,-0.8336932404903452,-0.8820198104190371,1.7127705258628012,2.765692492700845,-0.4496715160978376,1.0303568351791426,2.0663622489610214,2.062578814798852,-0.907865888632023,0.36835015771836455,0.9702810349406981,0.8462247880639823
SIDM00935,0.6975549746871188,-0.7467309241454748,2.080843979033866,1.8906603593176596,-0.7565458778211462,-0.8987479810423509,1.2545730964505768,2.5170999303628494,-0.7202719628640674,0.8402849609369852,1.1416646851694783,1.8057782550831842,-0.8758832637012957,0.32591180867548203,0.6555322302539516,0.5827202949379472
SIDM00954,0.9620476715541798,-0.7688930148414619,2.9885969183024206,2.410050954269172,-0.6915082303933716,-0.9216020914934014,2.1437251414664162,2.990204014118318,-0.47631404515110126,0.9495521493229002,1.9883460357843892,2.073547896185255,-0.8364248051109725,-0.0772957047423414,0.23127219771555171,1.0103643654045442
SIDM00951,1.1022359822656302,-0.5824771712052597,2.6444895391552086,1.9953778167851328,-0.7111172605790965,-0.8571373781826176,1.5736893289481901,2.806416880959312,-0.2418483304485038,0.9745425689721502,1.7985303685762268,2.104728909279051,-0.7773731068478671,0.2077738434263119,0.784329073116223,0.7970380890248593
SIDM00948,0.16514941942467282,-0.6801599072866348,3.1040867415467877,2.7503438394011437,-0.6473642303337446,-0.8132630967726053,1.35994857701506,2.8296379338462105,-0.008203735643502887,0.3444364438482572,2.308610320883569,1.8038944964084673,-0.809777742209251,1.161608545919958,-0.45861455874916807,0.8267943604291732
SIDM00203,1.4066351618171133,-0.7584318994177298,2.249020623368852,1.704713410450713,-0.697915610437836,-0.8495364544230449,1.8957230690321236,2.770824555009993,-0.5303785404778869,0.7222198947774372,0.9787339066940874,1.8817016773302584,-0.9395047198517416,0.5218459056657961,0.703619989492996,0.6240946517238999
SIDM00896,1.0512234328505368,-0.6792234562295779,2.740633317148215,2.3001716576829474,-0.5945358077915363,-0.8304595155207883,2.067581779808192,2.695639570037019,-0.27965249537567294,0.7293246401288827,1.8842308336940392,1.7504103106676088,-0.8186679196619999,0.8262834069854855,-0.5492413846452632,0.8539668830575307
SIDM00285,0.10764628110138344,-0.6931350329670734,2.655924571654275,1.9802737833140236,-0.8176304767703527,-0.9220441147285575,1.7615633977956435,2.7771227650128423,-0.2625689410256769,0.8916319483967593,1.2466844741937326,1.8153374965774867,-0.8273101131760306,0.44945804180616894,0.09332391363433651,0.8991411965377812
SIDM00930,1.1931696192023378,-0.6655104271936797,2.6685784943562343,2.145789012937999,-0.7305854278384818,-0.8616084052519474,1.2116742553593434,3.0643553698784767,-0.5144219049419713,0.8499287053461639,1.358204518335282,1.9145348047659254,-0.8691564503069975,-0.21693747576023364,0.42193107918536316,0.7839554405529094
SIDM00205,1.1857780070045607,-0.7659576190025977,2.798912289832051,2.29974953412231,-0.7531922741509066,-0.8956555698435877,1.636058056478716,2.485431086196203,-0.4415312542960989,0.5313515435948317,1.213035707439026,1.607436204412062,-0.8133717882905146,0.1830652158871831,0.5892864357804068,0.7469679132267595
SIDM00535,0.5285318534876792,-0.503388867235761,3.079332717384049,2.3246553405691768,-0.7961959754027652,-0.7616867007355903,1.4927250135897656,2.7615318466309042,-0.7765705419700077,0.7098086577473907,2.10418111392817,1.766066296635619,-0.8184556142375009,-0.2626916449058718,0.5509417619665707,0.7755245931378013
SIDM01175,1.5141448773834965,-0.5698167559000251,1.8804231155564515,2.2074207764562126,-0.8118727693014327,-0.9064467815210211,1.5039938006397904,2.6296745233501153,-0.46191268249865347,1.2062932801486161,1.4155002949631168,2.2287860179089325,-0.8447297889372303,0.09697003734308307,1.995908637829588,0.8573067311457895
SIDM00832,0.8093788968581742,-0.33579139772230343,2.5346972262785923,2.186526224092544,-0.6764084719914758,-0.9579739392371402,2.1886734228627347,2.660942032372603,-0.62746569006199,0.647355454692166,1.6700105745997005,1.5831586881501534,-0.9555930582647877,0.41585761474650135,0.5349699838599336,0.7617893769053572
SIDM00528,1.294051033897,-0.6736511893738161,2.657859606004933,2.2479126417168653,-0.3910555438573685,-0.7481599114024935,1.809825684919609,2.614907113309037,-0.5861034668894192,1.5768943858171407,1.2185312162850848,1.5880187167943234,-0.7980155188382174,0.7830205965762186,0.8113073906789232,1.0643107223304131
SIDM00371,0.9098294000273751,-0.41769226885030486,2.5869962074474446,2.146297970357088,-0.6355896469351889,-0.8717060960054549,1.5870975090023531,2.3933002890498436,-0.5623068691337814,0.48359739351979675,1.656270583105062,1.2180830622012981,-0.8798018394243007,0.11996809872845043,0.9063159731388006,0.6528484219764839
SIDM00688,0.8262498776857233,-0.4989533140440848,2.578123879509107,2.03428102412285,-0.678980991480841,-0.8559700623591386,1.9146394707342378,2.7101757202571326,-0.5588228003571218,1.1254933195769126,0.8489932532508481,2.0992407600311824,-0.866241181163842,0.8487128914686178,0.03399834656993323,0.831927467681609
SIDM00583,0.9410756002841233,-0.6818993133379111,2.7232726948925357,2.516469998771074,-0.6737258068014509,-0.8003703532722385,1.5903948171979523,2.646612501328073,-0.7389911973379578,1.2167738565733222,1.4211311382945155,2.0573746481771935,-0.8817873834287975,0.3479044597650224,1.069378384396546,0.7907763202624571
SIDM00188,0.7929614051217232,-0.6626452735655758,2.220389417923537,1.7562472135274003,-0.6096625430727928,-0.9493765333085427,1.6632205449306687,2.5107492688970696,-0.6265693272386887,1.038676688795177,1.6602839332141268,1.6219118984792058,-0.835003567878158,-0.08421715505523196,1.3239889368933262,0.5087432934630702
SIDM00096,0.5908480995404438,-0.687308541167705,2.6866855972955674,1.7674782140190257,-0.63893241776718,-0.904384654601489,1.685824333944853,2.599328006783312,-0.5966717100402377,1.0266952777152447,1.719973666795093,1.93876074666196,-0.8720847058349376,0.26690305645203644,-0.431760443309346,0.5632790803225659
SIDM00379,1.2156325870904823,-0.6444632799838602,2.684955334361935,1.9000589087327722,-0.5805538546172652,-0.8365436529948447,1.8803881130173195,2.519843476121544,-0.7777435462650107,0.7729165809246232,1.9024013907953148,2.102240902753149,-0.8768742372416407,0.03384286446436458,1.0104913615179756,0.4986658749393681
SIDM00381,0.8647086190876738,-0.7243497879592855,2.739721055204341,1.9343390796023823,-0.6929011409638015,-0.8571798396587482,1.5745073295237935,2.7571314599302026,-0.6804355539526061,0.8315234331904886,1.5995637805373433,2.2900597755436918,-0.8047008972193409,-0.07493697081870347,1.5424080297953011,0.6172462329957626
SIDM00606,0.38263758546352805,-0.6542413338563055,2.0733558911896144,1.9928026265449708,-0.5845958095501523,-0.8264436951025963,2.0639910093517515,2.7174999702949756,-0.7040391895247854,0.9209469464034473,1.5521982418499534,2.1525349504476976,-0.9071345371036337,0.29032265637103954,0.09764803781572144,0.9602304667482566
SIDM00541,0.20941444413799254,-0.5013168152441533,2.30016652191181,1.9466882658553784,-0.4470510451191414,-0.9407966393931869,1.843996152551594,2.5006890916528914,-0.5948855338395033,0.8384790610653494,1.77718235497671,1.4778338918970855,-0.8790334391242185,0.8672571561246527,0.3958094452376808,0.8358979913023008
SIDM00808,0.7093863168033787,-0.7002862977913109,2.841327256164495,2.472164801358201,-0.7089587870272789,-0.8979208621624125,1.6398325644571188,2.787840293201923,-0.41331838839457274,0.7571846598638415,1.62076320053269,1.8597957904810156,-0.8250515482756053,0.17518125609598156,-0.7397419098826071,1.0288264834510266
SIDM00377,1.485082953544965,-0.6944092203994537,2.4578746936972204,2.415343109391478,-0.6367617011384102,-0.8432618224390892,1.6268008050280909,2.559012126945312,-0.7423757581800053,0.8091349053724244,1.620399407651336,2.1727146765307634,-0.8913676148804736,-0.47223198935251803,1.721202700288755,0.5861121705654593
SIDM00289,0.5119085826869361,-0.6193239090923167,2.8105826435749,2.12515609292575,-0.7074381730512815,-0.8330500664013931,1.3331428391747249,2.5870750589544627,-0.5882596470730557,0.8470838218328129,1.9076775521664628,1.7635820462662357,-0.8167546876981642,-0.04524357149204994,0.7114582156588701,0.43902409744823806
SIDM00064,0.7562902716008123,-0.6234736732806342,2.2591437216165486,2.1762001599114833,-0.4556284567878594,-0.874609784416902,1.4561831774861111,2.7120096082240175,-0.7802518206997674,1.1924633578702362,1.0178638433482967,2.1260242195987136,-0.8155679995629602,0.3398101578030717,-0.6125192265400902,0.4740942005917011
SIDM01097,0.603869241742597,-0.7161463174354654,3.0049303629017743,2.1696249370290595,-0.7846182227662358,-0.9230540226210282,1.4826272148127413,2.6957721476402736,-0.31204628109380866,0.5821369020850079,1.6698287145388593,1.9287261622235592,-0.8169565497972721,0.8125242864049407,-0.2223130561631902,0.7903122341140042
SIDM00350,0.15646590647438727,-0.7519383909574289,2.296113124506755,1.483334383031615,-0.47629745176320354,-0.8638930270634423,1.6203832590604237,2.786357646843932,-0.6521936485699066,1.1945290190711029,1.549930940206803,2.3426913318677776,-0.8464586985810918,-0.05011858259762854,-0.2971263874743795,0.7307318088408041
SIDM01163,0.95235186215425,-0.6722664961741421,2.8692407702585947,2.452534437856338,-0.7106916381194912,-0.8116773609517177,1.8183058715775706,2.73324126904238,-0.671472002493961,0.5560516374301365,1.7257581886311706,1.831188924155969,-0.7104709559020544,0.3605772960380809,1.6654262524993784,0.7035454029182954
SIDM00375,0.4039926985291901,-0.7662893672558964,2.291458662690234,1.7856518461275144,-0.5254140231613982,-1.009365840730204,1.49702141513545,2.590359060517482,-0.6759398190257931,0.7264108799567423,1.794133321892659,1.7573192961162538,-0.8395228473794749,-0.17136525892716534,-0.03711454962340429,0.7203450441429552
SIDM00600,0.9656340075030129,-0.5713761393064704,2.7846663422365108,2.0493439420776767,-0.676697139840543,-0.877579287324631,1.7616214575237843,2.4850937306090604,-0.5160955670459462,0.6433495864581319,1.9707679325433969,1.9001590837549864,-0.8074181252968824,-0.06334279698054177,-0.4319415682224565,0.5984182913866477
SIDM00367,0.7909396234275903,-0.4897897746453955,2.740901514783606,2.221695949231689,-0.5757694378333641,-0.9447047324850519,1.7092011936645237,2.5126532096715466,0.6344126029503674,1.0129264236832038,2.288140965835195,2.0381350187868583,-0.8118058919951037,0.2067011215487641,-0.7758528377580536,0.7637517577522535
SIDM00632,0.4529159138877172,-0.6761808393652369,3.107337458905633,2.360951823838227,-0.5266742344187354,-0.9358696706916394,1.8643714099520825,2.6680515527288104,-0.4481477941629389,0.6906452720666912,2.3855385177514767,2.00770453393656,-0.7498843251077939,-0.08592759180764625,-0.7171344342169388,1.1288547864362697
SIDM00550,0.3254029206012863,-0.7499401009466417,2.5480464384457204,2.060021336750388,-0.5969253672354038,-0.8697099468434858,1.6695108577341897,2.863230905125527,-0.7431533074241384,0.7749481567882418,1.5510754058021066,1.4855977794971333,-0.8830123253584075,0.3350377865577748,-0.3630684657642454,0.49673106640735276
SIDM00230,0.8523819959420267,-0.7314250387206739,2.560459604289366,1.8754257124227278,-0.6677831418658672,-0.8549733183122988,1.7711924719779448,2.7605884629888084,-0.5079717042396568,0.8772755045014868,1.9482910421395812,2.1800610704300274,-0.8614211213256808,0.4641991104076158,0.1321304256601798,1.0924914053868515
SIDM01206,0.4212789556637068,-0.755042020125299,3.130828250393955,2.333766759010701,-0.6373417026876445,-1.0192053036621567,2.0136294460494626,2.7080617359606585,-0.5042855679239997,0.6400860573874464,1.8286801725561221,1.873830704154049,-0.8627914130511971,0.9871671781765227,-0.39949128577109405,0.8623554695764207
SIDM00127,0.5231838419733623,-0.7336362732994202,2.0262193378895885,1.5861279818124765,-0.45507127542743464,-0.9845271128226043,1.5083284010760742,2.5853925424470514,-0.7570566544590848,1.245746193500719,0.7426891546838263,2.144032085000908,-0.9184949668493791,0.032233435024768796,0.7764804277411355,0.6349513280989996
SIDM01042,-0.37909458441560223,-0.6043825688217607,2.7423063164497825,2.2222164518266965,-0.6135879834348887,-0.9108949703025829,2.331210206438373,2.4876528743221504,-0.7268223642453617,1.0303977355656346,1.5191696840328093,2.0729257158115852,-0.8395577490464107,0.9316299924748355,0.19104752818714207,1.6261204735246797
SIDM00491,1.4412923953913281,-0.558920745374031,2.868993818654993,1.6830503134192465,-0.6697319520544674,-0.8478468641591631,1.2485791768689145,2.6527008891908346,0.17959103966347123,0.8538580834605607,1.305870599510708,1.9631123390727685,-0.7911742024732021,-0.12763565477516217,0.181889848353571,0.4624474123260382
SIDM00488,1.0184550251127618,-0.7161618069227275,2.4976082435377047,2.2633515580158163,-0.8298408777549934,-0.8727101521250771,1.7652719065380362,2.747393479486166,-0.7246209369192601,0.8029667759883953,1.4845582102927506,1.6101582971659738,-0.8478820914609672,0.04167880666583652,1.5069192527751298,0.5241908406528101
SIDM00190,1.0530804789384396,-0.6610737720031439,2.7386956918818144,2.62421712193405,-0.690506153685176,-0.8383732261347503,2.0486261626987106,2.9003693009104907,-0.6909080735946178,0.9246170928146689,2.058087057350682,1.8809411182844689,-0.8658949141200303,0.96306258781602,-0.31161152333316844,1.27399611747042
SIDM00542,1.1574982317792823,-0.6427884207754238,2.7580599982589287,1.986441848391905,-0.7691597236419327,-0.8449789683597572,1.786650373453362,2.5696834536602684,-0.7826542682772234,0.7326236875610772,1.4000556803209177,1.6614341639465997,-0.8893571087358532,-0.2270466670826003,0.3879023926829281,0.7306171005424696
SIDM00198,1.126742014244953,-0.6211186644184667,2.0703383417827173,2.766690788823576,-0.665420142018043,-0.8956976678801203,1.728154858961407,2.681312510006264,-0.6380443570436378,0.6504110227577125,0.9004321334919002,2.2187406506477765,-0.8153987371498237,0.46312302145881723,0.7417530641486676,0.9882102789015949
SIDM00269,0.8837326771357061,-0.6860179423740954,2.979536079115477,2.2087933809797713,-0.7459036626379654,-0.916943101483786,1.3591752514511195,2.456174259537132,-0.5286796189171283,0.813650922231844,1.5735108904526895,1.6962222378393628,-0.8870784941042086,0.23109443111354727,0.6005701734081733,0.7269299756964591
SIDM00621,0.6185351351512385,-0.7114139832620027,2.873997755101237,1.7450364834725203,-0.7560784185506877,-0.869275729888041,1.6969119038713496,2.7260237427050957,-0.4815564354805708,0.8345259778279096,1.1444438392224505,1.980440086226028,-0.8584984536588288,-0.0788243168092989,1.3192334977543803,0.5328063758068401
SIDM00599,0.9958520745848544,-0.6287660696859737,2.9271238105122555,2.329072919343908,-0.6774417079088864,-0.9351574232511356,1.469188658502599,2.5617568995503066,-0.745785999239697,0.9205642771776096,1.6217450196969079,2.4178377091727183,-0.815564562592071,-0.08249620315994759,0.38386609082484197,0.7533015161998371
SIDM00118,0.43792746809765,-0.406867515489887,2.56416826039757,2.2090405172472884,-0.5333555518412165,-0.9386258324009344,2.063118874326108,2.7436556049856455,-0.6382491424984583,1.0546529331392536,1.5603451334169642,2.0462927045233914,-0.8714641733790486,-0.09897933904988249,-0.5340245166346604,0.672490697752656
SIDM00596,1.257861507952473,-0.43380858166094555,2.5041304144816356,2.1377142325599428,-0.7625041982033028,-0.8602036077931744,1.8914677769411148,2.650807170170996,-0.6492915717631887,1.254740978355495,0.9706490959906106,2.353131133035207,-0.8952979197797823,0.6908015128565665,-0.6847024565324658,0.7093256552717019
SIDM01251,0.20205533328741626,-0.7207812354789702,3.0013193021436826,2.095493773658679,-0.813030240954251,-0.9874545079610842,2.0544134037044977,2.8344028882150907,-0.7982356070348139,0.6593869525227392,2.5351656704875607,2.2607471846888636,-0.8602319504774548,0.8948986592387834,-0.662678373066598,0.9848218359984476
SIDM00197,0.8483042297815443,-0.6047410830411126,2.5398971966747075,1.3657504752407739,-0.6028460773881421,-0.867772746353907,2.296182410477638,2.6068338916499236,-0.5277172416177932,0.962881042793119,1.2950632127358581,1.918637757512192,-0.8328748512570585,0.8993839790771729,0.5074046572224695,0.9103201725208319
SIDM00810,0.24643987289857233,-0.7404946686805967,2.956763521899294,2.15325052397133,-0.742835131786868,-0.8595350055651658,1.371127498271485,2.896772364869626,-0.6593600589380759,1.2434091068657283,1.42420503663419,1.8337540701503514,-0.8355676248489161,0.05291143585946766,0.3668573083961385,0.728967733060415
SIDM00174,2.1707222334886502,-0.606998441146824,1.9852995853812878,2.8240285053299434,-0.7618694331179607,-0.9710023402291186,1.6062356916725924,2.4948999310129736,-0.3334973008249043,0.553893633515602,1.4263720963777278,1.3534295476693685,-0.8314878210977436,0.3431092069171673,0.26647314317865145,0.7262622478114212
SIDM00487,0.9852356263038025,-0.27337220732147477,2.4129024922813125,2.1190716050033687,-0.7040985455005961,-0.8372376410244645,1.7187288428518837,2.736975406830784,-0.49516096871427107,1.550878210932003,1.6882576077124778,2.15967422370984,-0.8203237118924369,0.545821154902377,0.6493995261667334,0.9373865910282704
SIDM00263,0.8216148606886466,-0.7541662839158358,2.4995496983181296,1.93713787791787,-0.8825791890810916,-0.9196741553172861,1.9601282128689717,2.7523372223980154,-0.5400633628700306,0.40565928802216383,1.023466205737767,1.5683468178996554,-0.8757470233488676,0.13027625805542664,0.8983889725914848,0.7869310100106015
SIDM00277,0.7752707225012587,-0.700806561233595,2.7593620038872566,2.5878640828290984,-0.37089935509671945,-0.804197445342845,1.8045288866492384,2.5284589454836373,-0.43212477572069086,0.6736789319230838,2.205601846887994,1.9756270531074263,-0.7887418820112636,0.3904635133231995,-0.4890044924896897,0.4996949652425092
SIDM00592,1.1292476748934404,-0.6910083333018618,2.5355402992445284,2.3916922334222717,-0.7868554947986508,-0.8759404823646196,1.3901374070676984,2.440424474674087,-0.857730466679461,0.9293078069702578,1.7645569855209735,1.7290543402268455,-0.8254210185361054,0.3140665635207717,0.7416449360651791,0.7076123595732043
SIDM00496,1.1412682398979426,-0.708164708177547,2.4402086784450203,2.248940299294117,-0.7317174994521349,-0.8147009387078864,1.3622127856398294,2.595331005206834,-0.590520276435535,0.4113087868127296,1.1697893472567966,1.778662272722198,-0.9028236062919677,0.2493295949603129,0.6131241294184178,0.6021937846437067
SIDM00793,0.0702802186381574,-0.7001805918899029,2.713430136541825,2.4132317664699725,-0.7896970604627634,-0.9348905387749312,1.9057700970502054,2.5001760723058397,-0.4308722232467912,0.7382620043173413,1.6016010600674284,1.6347963453569445,-0.7976211651720031,0.6255437257158484,-0.6613447708893425,0.8321587198143772
SIDM00121,1.018182801519117,-0.6246147997588603,2.4661031810795793,2.005198984083678,-0.6482730682613235,-0.7156992328705831,1.5552807901612498,2.776283691037715,-0.3117855061185515,1.0913184707734396,1.7699189031063776,2.2253809217342,-0.8428960381444044,0.44420309010214676,1.1655232149794745,0.8381789560067945
SIDM00202,0.43569336911204026,-0.7801785569682618,2.9497091589585795,2.144184635682631,-0.7766664202558259,-0.8866795127221149,1.6525527323153688,2.5397329555523194,-0.47317711441559357,0.7666454258856382,1.7493404681801377,1.967619173423551,-0.8146023043645391,0.3939452380012159,1.4392480805474375,0.6592546891536277
SIDM00047,1.5665626753049748,-0.6803230200048285,2.2942521768816624,2.476944301651621,-0.6077257218742387,-0.8792031459646744,1.7287122479101127,2.976824790638069,-0.44850601445869626,0.8509613678858565,1.6545734184391363,2.134795961549851,-0.8199630551624985,0.8836687657524919,-0.42894763042029155,1.3904864625816185
SIDM00885,0.40129349856096563,-0.7616066252242316,2.3898169836675933,2.3634940866059457,-0.71147258012745,-0.8893010018850961,1.931918662011089,2.736173352372879,-0.7084067367371487,0.9124927637680152,0.8338689803072646,2.0699283709207763,-0.8582991465403278,-0.06873471042316748,-0.08795821024493625,0.6669093176215717
SIDM00201,0.5438820639989503,-0.7156415343666912,2.5482058938725567,2.070699609560858,-0.6900725249172804,-0.7304057045021366,1.6786039074803696,2.7351680661158038,-0.6304721896462117,0.7320344872763396,0.45605076546072,1.5821428425096853,-0.8668670891424982,-0.13341046410214671,1.0337395308489221,0.8575274120571926
SIDM00789,1.2994226455626046,-0.42929793105127495,2.840426582419543,2.8410508400344057,-0.5809182701760248,-0.9413952813691558,1.7446069530705013,2.7073479585184055,-0.7526355037561732,1.1634906645027363,1.56169375092363,1.9271012291744605,-0.8630817880672171,0.6945383472774979,1.2521537636851972,0.9251367211098762
SIDM01248,0.8864077099979806,-0.754819926345275,3.0859894009399635,2.1597450903175845,-0.8659323474977697,-0.8057429428248806,1.4372024536852999,2.4383029300911367,-0.43428681551313564,0.8083427653897306,1.7127331994460906,1.7881853520033384,-0.9120000964592277,0.2826780834506757,0.24919147472649933,0.5520608341224339
SIDM00195,0.45833825586465826,-0.6712504800666118,2.857870358820766,1.94771525899368,-0.7000177543256316,-0.790006519771491,1.2855033507791958,2.5090346586435444,-0.6479626144267262,0.9107361716520684,1.067941847244256,1.7420876225713267,-0.8090432815988209,0.6316383704538553,0.6224843503775275,0.7608178652856514
SIDM00517,0.7080782345868425,-0.7274525544005395,1.6633246641555461,2.2757358979107147,-0.7807334095964604,-0.8964317968455457,1.9707042761028486,2.778209541977328,-0.6734886660071032,0.5921577166207928,0.9134305083773487,1.4265424431098959,-0.9121844777878234,0.6687796887158657,-0.004316411933174808,1.1599659794194022
SIDM00534,1.001135200722833,0.21518940294351507,2.3777530806842617,2.478562972207414,-0.5148852722363751,-0.8607629939448669,1.9372679743941843,2.6767154097092325,-0.6695501536799879,1.1005216847612953,1.8336072057076294,2.10654430193454,-0.9213443222723477,-0.15637653250377867,0.4963667865995379,0.985169100590759
SIDM00863,0.8200397984438736,-0.733575169525473,2.841739992264675,2.344589636668412,-0.7329621026263492,-0.936061946803485,1.64950023748313,2.4261931718033307,-0.6049885041661632,0.2121217227339666,1.371564333251784,1.6282505029684378,-0.7605649528664745,0.02733345642817433,-0.75809364332883,0.8474549066559783
SIDM00211,0.247144424402478,-0.65925512523605,2.6723863049602046,2.1706325525965555,-0.6361796808216765,-0.638175375432779,1.9876405495253768,2.6542169576726296,-0.71791211796364,0.835521959837738,1.9088567959874534,2.173223146835485,-0.889859437705434,0.9948703103619482,-0.22249565776395955,0.8192326085133677
SIDM00539,0.5036882649483355,-0.5916063498899381,3.035398438996358,1.789617802334285,-0.7177437501775537,-0.8639294556623404,1.6451055879100205,2.432134139331541,-0.7233443738300864,1.0149955392246683,1.6712991077287482,1.2418505593152365,-0.8970318550940117,0.9502434290237035,0.7285433727088982,0.534946748120743
SIDM00875,1.1923402766621856,-0.8055016611312514,2.760955663345295,2.068249129796544,-0.6706796907309308,-0.773842738894024,1.5482264697546646,2.6701432785247086,-0.7294974320429748,0.7543954857677371,1.6716876469350461,1.9525793952362696,-0.9043696234871459,0.21809680722934133,0.9746313927775394,0.5332055640742722
SIDM00679,0.7346747739571485,-0.7109091694061802,3.0454132163635146,1.8187416000883492,-0.7520505630417895,-0.8594511476501554,1.6587369269977525,2.626186210583992,0.021403890175988184,0.6398737172014388,2.0373095998458526,1.790254577327706,-0.9052034130781391,0.17757730847822367,-0.11515823911928912,0.9970510545596536
SIDM01146,1.0520378030430424,-0.5327383867108532,3.1319900701741066,2.6771790810114866,-0.6658464000303763,-0.883792331871266,1.6470369964818692,2.640459953202257,-0.3920637347357914,0.9194683899342133,2.2502107131870743,1.1273024152411992,-0.8313130884519925,0.5159362623978947,-0.7918611717385613,0.9809563391806274
SIDM00156,0.4254040925659502,-0.718803279634897,2.7781574088641134,2.1584835381127494,-0.7911663316313411,-0.9052033433566208,1.8641268093535963,2.833503827645313,-0.4767123274096106,0.9643394658204473,1.8954954851881234,1.8822819333544991,-0.8474595532310478,0.9877004707542172,-0.5837625422819701,0.6138142058586077
SIDM00420,0.870709896437147,-0.6935953146267041,2.2283417221948927,1.853773239944953,-0.8504817995849889,-0.8087242969163432,1.6345888937205686,2.652607880896158,-0.6810986224009294,0.8074199568118153,1.4928056114282522,1.681508140943285,-0.923485141176775,0.1821605571049208,0.9824732863133704,0.6042198946994685
SIDM01145,0.5782368326008112,-0.3825999160049144,2.6395200008945205,2.1152187135082148,-0.7900268982376958,-0.891675929302119,1.8760505763006432,2.4557302748518226,-0.6284599529803986,0.7284428155403986,1.7754394878160145,1.9708604935234366,-0.8824235488877832,-0.20127448973884834,0.7905113662724573,1.0052237717871009
SIDM00256,0.13030597243244635,-0.6164520919332535,2.94419993172017,2.194187784675499,-0.8268154818222958,-0.8988738088724477,1.4182546383739707,2.913881714866465,-0.43950702156313787,1.2591646896276003,1.113686442544528,2.2691072722425907,-0.8611350684092346,1.0399467917906688,-0.30846540412732953,0.9691430738978529
SIDM00444,0.470718377516504,-0.5747544579747864,2.49186567206734,2.1144907105180772,-0.7451820448585887,-0.8946178886191816,1.7399836414321177,2.7665837631078953,-0.5159553165142305,0.49699720035488776,1.8309577012626244,2.299112884972681,-0.7932567389261655,0.07906163650526386,1.0419650116852512,1.1573922204630838
SIDM00137,0.952656581962198,-0.7008431810951534,3.0694093661936463,2.0979242022566904,-0.6043885645505742,-0.9034112369589598,1.6575397706864858,2.644346899018511,-0.4557477192953745,0.9860734009430682,2.072342486495312,1.5017526898666824,-0.8771722812479188,0.739997929537705,0.38113081818446987,0.6945626743004816
SIDM00569,1.1969136950692898,-0.7061052011695569,2.383313432263004,1.9579602674129493,-0.6511893682869107,-0.7168316577480079,1.1322389151397811,2.65556802067013,-0.29719087847915154,1.064510636601074,1.321357317641504,1.9593091873313917,-0.914655717439162,0.008552444168201695,-0.3037105271986649,0.7081405007692857
SIDM00445,1.426547762575346,-0.7492871430091754,2.5670994543955743,2.2085680921338287,-0.7837831143773932,-0.942369961068485,1.8138985507168468,2.6685635602849342,-0.585684002539979,0.746738298400796,1.5968307721587383,1.860446907684168,-0.9185831756937749,0.4183869142770057,0.21621765807328933,0.6387945804617434
SIDM00094,1.0009720390322325,-0.6166789653614048,2.610894840923488,2.0744506645481873,-0.7835302193514581,-0.8297600533586315,1.0473344349778957,2.6757904243874524,-0.6583876595339434,1.3402895687488163,1.143940175541605,2.289874834294996,-0.9337725875454795,-0.11277858330406998,2.2144587174804724,0.3376817745217272
SIDM00576,0.4208985859010326,-0.6684911202803616,2.474387923146934,2.3807740324023525,-0.7050913426533034,-0.8656945243312879,2.121953737876954,3.0078236536230682,-0.3217444488007642,0.7597715883996042,1.9014870404115711,1.758033585898634,-0.8169640845508096,0.10167775300637166,-0.6767681910395582,0.8387979859956667
SIDM00257,0.7905997530327606,-0.7716050560667251,3.06053157233755,1.3949917832197518,-0.5312013505443887,-0.7582998306123462,1.9504952704618557,2.993509460395003,-0.47662499462058805,0.8074503837398863,1.7690710029820078,1.7316447941818645,-0.8927957659402013,0.020028217345489586,-0.5551095070567941,0.5651861038695458
SIDM00835,0.8272489546872375,-0.26432692673223745,2.5480943151954616,2.178511500804379,-0.8662458369558008,-0.7961020408428187,1.6574310781605976,2.444603025425548,-0.7140967405629403,0.7672339250816012,1.611494711883417,1.6275662534167987,-0.8145833565161359,-0.2317384321929512,0.8208638947355389,0.8725672289671448
SIDM00781,0.7083175538561665,-0.7184107683474252,2.811668686691843,2.4463325017570927,-0.8011359939524421,-0.9271269556587461,1.601750332607704,2.7273762406363224,-0.4295405067491685,0.9967062859696704,1.8928065045279512,1.5447194782834541,-0.8684653151714253,0.8347111396869838,-0.4738850335678429,1.0067190214156772
SIDM00700,0.6047003615938475,-0.6283187371451515,2.867736812386068,2.332301550873636,-0.5333024433898431,-0.9008702204806995,1.6548655960186733,2.600141364939099,-0.6468402275341392,0.7092695687520448,2.0148598412607583,2.085179908969206,-0.8086581152866903,0.42150288825536064,1.3589431924712698,0.5386617416540237
SIDM01126,0.31147496916616274,-0.6522877657054034,2.471259106017729,1.6381453639261798,-0.8529503449265265,-0.7276307291216156,1.892152004475673,2.637813264580192,-0.5619634418860937,1.0729773898318222,1.218227848819162,2.033914419979038,-0.7426007757544667,0.10720894057106974,1.036390894174125,0.7441663652906594
SIDM00259,-0.2594156152735411,-0.6418574791962041,2.882655697927088,1.3036093644514062,-0.8742415013346021,-0.9088333015399389,1.710199759287405,2.388417762244001,-0.08733538786436688,0.8705894023482708,1.492746231538192,1.1659303970858217,-0.8752835968570424,0.4045248858261167,-0.1245093478030799,0.6957266483000956
SIDM00834,0.5347940683003218,-0.13601429963832987,2.3697162730902277,2.243708867605473,-0.914890861280293,-0.8832829725280497,2.0242015437164143,2.5711546832352306,-0.6552103875877654,0.7271591343051766,1.404445572591841,1.7630119002984062,-0.9514903392590188,0.5181151631656911,0.4220349315938479,0.6799293961022085
SIDM00814,1.0063237668788922,-0.6220887695434681,2.9393455616772686,2.0729370800562545,-0.8143148462676009,-0.8276626963688226,1.767884244941923,2.669046182380338,-0.7181795927480398,0.8978073806820526,2.0379496066221883,2.4485101964211338,-0.9249456993306822,0.14598536371716417,-0.5902838022997332,0.44696184738654593
SIDM00258,0.4843615032669377,-0.6597527311682156,2.652824677829594,2.587711157099667,-0.7834426395714421,-0.9225705941162891,1.812299988019537,2.7233292057032434,-0.44006650227039085,0.726756268140731,1.824851835902158,1.670358829562701,-0.8951467039266569,0.9842550806797824,-0.3636620881223582,1.0924797457165882
SIDM00577,0.23786579283068315,-0.6290319326943092,2.528850458336299,2.1390557598538233,-0.9272139520485021,-0.8695431146258074,1.495926928755475,2.785063240733915,-0.47703007996850494,1.0282358108473832,1.3456371044268893,2.0103242327326916,-0.8126844122656387,0.48364388038395484,0.29589558227354434,0.764243044153977
SIDM00384,0.9965206434262276,-0.7366322625583996,3.004511636866837,2.007600401198501,-0.6870926431357299,-0.7411842532331641,1.6121562340569777,2.677697322660062,-0.6156246322266711,0.5069679877776861,1.8507400452587697,2.0214210541273476,-0.866756203084405,0.7175922241436857,-0.10809869315023912,0.5779909899256912
SIDM00837,0.9850612426046622,-0.7444873812277016,2.822974361342411,2.417975071083875,-0.7860388500630193,-0.8501187202592229,1.8961234623116194,2.6382374800053947,-0.4859827138814758,0.7454456474036445,2.036072038291636,2.3115887198133374,-0.8182551884659033,0.9588911666435739,0.8041135903634821,1.141077951792092
SIDM01133,0.6937386171841774,-0.7713236132072194,2.8028487769714796,1.8498733074811464,-0.6871139471197676,-0.8989378390032748,1.6140474697595317,2.4668523151731168,-0.5839096821787866,0.9201503787544166,0.9766955928303452,1.799717457367715,-0.872788885399874,-0.31563905991522845,1.4613766315406516,0.5023026480507224
SIDM00244,0.4309832655275879,-0.6579452171126456,2.568886049492547,2.1734278878718203,-0.6695687662798286,-0.8175407686578758,1.8618496493021404,2.876361468637978,-0.5295180827911309,1.012428547666637,1.5749188387924709,1.9607136702400447,-0.8362682076901989,0.6830414270706806,-0.5414222961680506,0.7926870426054414
SIDM01161,1.4387153824669736,-0.6631856926560249,2.2562297650431016,2.320690716475556,-0.769764471926522,-0.8310262302029156,1.5145879881374573,2.6272229790938497,-0.7178126245778492,0.7423910963590665,1.7553630586678615,1.561273260556849,-0.8822768537984171,0.10570384685190605,1.5158968586936898,0.5027278879168043
SIDM00579,0.8844816734311607,-0.6124373792504457,2.6777015304281537,2.0606703136389806,-0.6392105347302331,-0.8882430581144852,1.6261573993219165,2.6727400170677207,-0.27969418317817946,0.8579999362305545,1.583840596496711,1.6321508516808498,-0.8231631334023586,-0.21021683470050823,-0.19322324736695887,0.4878824249659829
SIDM00699,0.5916832258647055,-0.7302788638123446,3.2462916261984787,2.0523452920771446,-0.8966022114592699,-0.957861690937601,1.5915851856366978,2.870817474361272,-0.7005474888293335,0.5138056377311526,1.5286899033916777,2.30649617115529,-0.8185924509204855,0.06100350830525956,1.3430095239910667,0.16328452071378477
SIDM00721,0.37244467152118366,-0.7169626876568034,2.5874046501046726,1.6398142027587779,-0.8786769487510648,-0.8661744230557792,1.603079542236821,2.4557735232251465,-0.7626432640593385,1.0079514228686217,0.6892062380844264,1.2503140935133417,-0.8973072148269561,0.1612667399697437,-0.48131177774451833,0.5153670844495073
SIDM00082,1.2134210252333608,-0.4271745880186867,2.360123740423504,2.230484239802791,-0.7367011174270952,-0.886708410839722,1.6154564091971562,3.072598014454327,-0.8113038383664963,0.8735387704708917,1.4306082299177718,1.9924678112777743,-0.8202430362189969,0.04588111645823998,-0.07611436349274261,1.2503017945326143
SIDM00320,0.6352915941572459,-0.4716072586141739,3.2501240990138918,1.8404408419469334,-0.587571659555808,-0.9291479562815943,1.8211502361971843,2.7847209985907067,-0.4658876715043111,1.0745144237896171,1.3546733982857146,1.7785581503608636,-0.776191468637044,0.36403698825664504,-0.9683580160459857,0.6704157553964023
SIDM00967,0.7876076524623175,-0.5752111456919444,2.526597435646374,1.631347610864742,-0.7570782167212641,-0.8865217218880381,1.448019071111842,2.8927126960739957,-0.6372462554899496,0.7325452182039166,1.4564185984993017,1.829012831058047,-0.865248987069551,0.5571780625776284,-0.9261484633295903,0.14336188473978634
SIDM00508,0.41404481195033993,-0.6825573202393218,2.5021984209832397,1.384622433862941,-0.8814601510012869,-0.9698795341858362,1.5257991969921436,2.7591156254058635,-0.8681585531165302,1.2097602503896512,0.9670612284952191,1.9786865290618327,-0.8740071351849671,-0.42600286217278943,1.5605284709333773,0.41501504823677154
SIDM00859,0.6723152858821382,-0.6159318950743775,2.734450042870195,3.2433672379381187,-0.6502523866972715,-0.8973884796817996,1.3818557435646182,2.9521610926925375,-0.612598538879686,0.726183484569833,1.6445243678401815,2.338232274025374,-0.7659043976759391,1.312076229119882,-0.7666151163269477,0.9938070063328385
SIDM00393,0.5123560172825775,-0.5489292413482277,2.828996456966829,1.6938814424568156,-0.5654918765748537,-0.8878460220251198,1.6578041041824991,2.5853166176085285,-0.7237400526703853,0.8339609359036015,1.9006779984356454,2.5151570174841935,-0.892254201040606,-0.4392343186084499,-0.3063403292060689,0.3460668808770937
SIDM01174,0.7585592975478791,-0.5864071197230936,2.5209396544016482,1.8959724008131347,-0.8126429572666494,-0.8363482019359469,1.5749204969866546,2.871950556146767,-0.7429964676870917,0.7548690716065678,1.9418300640754005,1.851411006449995,-0.8046421684068098,-0.31500275091580454,1.6741161277467416,0.417143246899682
SIDM00530,0.30881039428132045,0.03811636148595484,2.3700441417427687,1.7982524774094155,-0.5414867299343228,-1.0083993935460527,1.7454042745547331,2.635206195779701,-0.8301281237520353,1.1049874562085185,1.659292984761341,1.9302666904290005,-0.8158713502526678,-0.4134285802260124,0.6546977101848432,0.7904028561550054
SIDM01149,0.627652742357812,-0.674053604561301,3.1346956802416877,1.6084549551989908,-0.856561476696758,-0.9928622385145153,1.749601796313414,2.93760846474608,-0.6565291844416464,0.7488384810932677,1.6025494988526234,2.3220179256611932,-0.83176660465608,0.44511120801252235,-0.35587442222413695,0.5235036532480825
SIDM00243,0.11453378676792927,-0.7099975176740119,2.658490036119449,1.260864551623203,-0.49702045146022383,-0.8566564757390946,1.7137364664514423,2.628370418369889,-0.84826694989,0.9179873761840306,2.0326538859552645,1.9231876255601772,-0.8702078772568557,-0.29949753784859423,-0.012891641389097914,0.5230391193486479
SIDM00176,1.3670112447042106,-0.5544221206993403,2.462228184150446,2.1385397573413054,-0.8704448793453783,-0.8841795916035821,1.6034836285051424,2.620178463981866,-0.6341237568664738,0.7196366035962457,1.1725144444179054,1.9344740370238918,-0.8602620088785314,0.026674364155545794,0.6622191336323474,0.3592683422575078
SIDM00422,1.2247735233483998,-0.6761701287075771,2.642390663639827,2.822426088892698,-0.7697845490379952,-0.9308522768999425,1.6804838124187798,2.7926539028955104,-0.685283539590092,0.8341544216169845,1.580871180661549,2.313805095128235,-0.824442658181378,0.5507238392566638,-0.797314840270851,0.6718301652240422
SIDM00532,1.4182121215348473,-0.6008662254439748,1.8492942328995503,2.1091108164363632,-0.8044613396095347,-0.9906407632889713,1.6926751063881356,2.578759698333203,-0.7618985340980832,0.6663428222714017,1.278034253172229,1.8986616537053476,-0.8877358168233017,-0.42074298508628216,1.5880693721627441,0.1514018274014788
SIDM00077,1.067350774617621,-0.6924146334745779,2.43776265772241,2.27236514252711,-0.8716814316072038,-0.8910952159098275,1.4803226221946932,2.7642942510763593,-0.5822248276201859,0.8096716036134937,1.5995711140336297,1.9215526785805066,-0.8354267074452681,0.03211192911796144,1.4490064550537007,0.5752526490795945
SIDM00561,1.1389414287124457,-0.6774105376866227,2.6466836914460203,2.714832667038618,-0.34734512330158523,-0.8376775078453518,1.454290807552207,2.6679019444990306,-0.6150809614754637,0.6875587992443671,0.7671592874257224,2.00260791821907,-0.8487256474722173,1.0232317163839837,-0.6013472020327235,0.5424331232200094
SIDM00407,0.23833277930752184,-0.5024592458800741,2.4996038854837264,2.75900864177334,-0.609562700029928,-0.8404991710254047,1.7552838248184566,3.1553788567259335,-0.7536298617151337,0.9458347212734436,1.580058267200131,2.0759986937227994,-0.801420644963934,0.9513847178861551,-0.6518203925667534,0.5557208850828611
SIDM00631,0.1286765353021575,-0.6982044088603495,2.53228921452634,2.200756402684749,-0.5628484079553268,-0.9388503660249156,1.3001411843198758,2.4241750872360552,-0.3680175551423533,0.9965574880081759,0.44656098184044524,1.852306199277374,-0.8224974848185532,0.0422057963631484,0.8814635182424384,0.3228452142000923
SIDM00324,1.0958047286695427,-0.6850249004011659,2.9709475664632654,1.6981846900318762,-0.673497136492745,-1.0177144075290006,1.7926646500200398,2.859021215026051,-0.12711741563026216,0.654842523733276,1.709505093531385,2.528119751797437,-0.8771267985202879,0.3120486375037668,-0.7697648568260183,0.45017326018535136
SIDM00410,-0.04071582276908134,-0.5500688431065738,2.917042630984044,1.624891961855382,-0.8412812527083644,-0.7118004172955734,1.4475446522012905,2.657051803814986,-0.6291922164240559,0.7825488477565389,1.6761558208096115,1.6370692817844652,-0.7189919605349415,-0.3653323920374888,-0.76522744401052,0.8492530310445296
SIDM00483,0.41806276561343814,-0.7351956549122035,2.8137446994372333,1.8287073972434948,-0.8115794349888003,-0.9494232993414461,1.4226375030361376,2.9267465789589964,-0.48892946310938395,0.8688628843223963,2.0530609485777487,1.8603365925233386,-0.8903636716300065,0.1455899253398342,0.47933729098779565,0.7020672924990194
SIDM01187,0.49433422904560154,-0.7369032365453639,2.6072563610739388,2.2657099705454855,-0.7897400955831653,-0.9836906484609808,1.815121615664114,2.634166430701164,-0.8052080873942239,0.802840494765147,1.275422250442311,1.7264425818834748,-0.7613183746198334,0.06512668968581263,0.5239950652545431,0.7407867021656234
SIDM00216,1.1369569402142248,-0.5923596888001594,2.672244645262815,2.369122237845865,-0.8127826459683993,-0.8143553750914649,1.9140188374713683,2.855731901786742,-0.6974026149954328,1.229281639183391,1.4404122399728856,2.29178507974444,-0.7350599698149028,0.46524440427787794,-0.06502549113487283,1.1538995380550958
SIDM00199,0.8688711745963156,-0.454914857903695,3.115404036801188,1.7118420867370445,-0.6904197900099208,-0.551863913216465,1.598626507687915,2.38643727324666,-0.58542806050577,0.7720446530216808,2.0275142911885387,2.1772628704844252,-0.8565861137084699,-0.038634940830983885,-0.6645757247176367,0.9051685102158958
SIDM00234,-0.05950259402350098,0.03713380565365358,2.2902395755808147,2.337052433961219,-0.6493594787566119,-0.902556878491748,2.1934797761855243,2.7565921072590656,-0.6620397031354347,0.7865219774303496,1.3543788053762336,1.93000341783445,-0.8944306034063905,0.4177944542334121,1.0467228519677414,1.0486226734221613
SIDM01019,-0.03530904699303946,-0.4784892885307332,2.732326637274272,2.3105497632575274,-0.9729681144857485,-0.8280383229936392,1.8194652341272788,2.720103734226401,-0.6487497800344632,0.9007876415992159,1.7890242698879928,2.0128621464906895,-0.836667069172419,0.4424753286238215,-0.6087758043644814,0.7511055021583898
SIDM01114,0.9424905527954635,-0.5860148926060409,2.2933525034179167,2.2972965386378097,-0.782516127923084,-0.8810967282698007,1.3259207188507938,2.983252025734593,-0.7584774250429348,1.2730500925835864,1.4272558224234608,2.1878469757656536,-0.9286903834506137,-0.21694083280342313,-0.5613657691896826,0.8965383380924721
SIDM00584,1.132242684149861,-0.7413878574817608,2.098688972415547,2.816463090675555,-0.8977752992180151,-0.9015764781539776,1.5165002002561188,2.5158840250377303,-0.6054432636800459,0.7780374110776022,0.31796406564164437,1.9529007926724602,-0.8377908071742108,0.06971919348736429,0.9051676034841925,0.8360562485156868
SIDM00043,1.1009172461356451,-0.6825595957776169,2.604893362108147,1.9508645102833584,-0.7934436168921176,-0.9946510503227816,1.3304401665164098,2.796761448303317,-0.8074395951979312,0.700961846724626,1.3046067197308404,1.5724082921734848,-0.829321616128791,-0.3293517728458144,0.7576542067288771,0.7776175171720553
SIDM00498,1.0890318668165717,-0.701694789799154,2.6796061737859187,2.19159399697137,-0.8227874449835082,-0.7991632475379522,1.6905089942617444,2.8427024413908337,-0.5288782942415214,0.8331938792787942,2.1009608082779345,2.0033562264385765,-0.8482207578549066,0.25369002973679067,-0.07028138510923349,1.1896066016448805
SIDM00406,0.4364518079241177,-0.4588800964463617,2.783985826385333,2.510814367382338,-0.41612679145623643,-0.8588792587764906,1.6115723832053241,2.925913144041046,-0.6012432646550696,1.1141355416987204,1.47808186608502,2.3572653130893957,-0.7159028041006587,1.0116347123072778,-0.6491811767295117,1.0213705057388953
SIDM00193,0.8026446731354133,-0.3730643293904855,2.42581784406514,2.3532963239885554,-0.6128078369434861,-0.6927673536019628,1.8288758787344057,2.7975155080214957,-0.2853059708763151,1.173654111520356,1.0685813909648922,2.61287467710434,-0.8190117898966074,0.5552739335034701,0.5856992309513045,0.9130243952328897
SIDM00045,1.2971189034065387,-0.5290119547104439,2.9250132637978523,1.837848108873886,-0.7802921940458201,-0.8153152527011567,1.6966733647462269,2.4843764515922904,-0.6726116238379688,0.6533574687932959,1.709796660956377,2.3877133644296222,-0.8153093347024707,-0.32516105552796026,-0.1949195088410909,0.6398680743854899
SIDM00655,1.1580233916264244,-0.7099788692727415,3.0060062394779443,2.158578911598572,-0.6739673088961299,-0.9268346504824642,1.7980653258547927,2.7753861708079732,-0.8097351928277982,0.9355499460391029,1.8573247970096345,1.9241757464575249,-0.7989963166597844,-0.20801778341675112,0.12662629676567397,0.6662237662350874
SIDM00214,0.5795267308872767,-0.5778468619920705,2.5969447948263946,2.3095817637809803,-0.5971107471952264,-0.8446072262379396,1.8644855834408856,2.7221323632460788,-0.3364258830404889,1.0598100703236861,1.2411001334031082,2.0541591519665783,-0.8943082292622299,0.7028063562647703,-0.21022138111926475,1.084320005783045
SIDM01007,0.23739890126035748,-0.5912602915473727,2.2964923249371423,1.611350140553641,-0.6552829943862228,-0.8357739045158196,1.8194968614338434,2.7727410751135135,-0.5829024353743776,1.1869523997592832,1.5453153862974893,2.182459174459972,-0.8315002887497993,-0.6585369457070371,1.074406471556798,0.8593685662684974
SIDM00262,0.678009405583535,-0.47292714209729586,2.406950112845913,1.5751597433023892,-0.7819459515663788,-0.8998370889284322,1.8696984843056605,2.732976583351244,-0.5987144689333976,1.2171279494392082,1.2899169178151608,1.755179873842519,-0.8818242648450426,0.48092308075096857,0.29969193619435786,0.8768946877140464
SIDM00591,0.6315037012580842,-0.6161814093447309,2.5115644169978166,1.9272644664917482,-0.6424895071974414,-0.8955918656991922,1.7419896954656013,2.6965458352758596,-0.7201112215777022,1.0748623095473588,1.8261230672764623,2.143641750468379,-0.8683732519946934,0.6661941822291867,-0.9427692499144801,0.659015327671174
SIDM01197,0.5794857401419823,0.11948472522408886,2.5100093026133736,2.2937757302446187,-0.7975031830046175,-0.9221778249319389,1.874558163221661,2.447880223859571,-0.8297388831585644,0.6887465902532393,1.724990443389641,1.602112505497699,-0.8042038757479457,-0.08979693311486815,0.5749241335905083,1.0494907994513172
SIDM00905,0.839308488672303,-0.6530877829149866,2.5361850209656156,2.105726020059439,-0.7142930583396319,-1.0503978291002203,1.466789487793775,2.791843875220895,-0.721314154616103,1.165243583475749,1.7439215445065246,2.1949529383593602,-0.8326624704540746,-0.029920439837326403,1.7751885050662326,0.7314917425115879
SIDM00180,1.8602898210691043,-0.6945924536602038,2.1132585546607174,1.661408709664864,-0.8329342735416873,-0.9407601901820455,1.8605979678444085,2.659495011637736,-0.3910267839937446,0.9635015043543738,2.1460685211948496,2.195199002562507,-0.9094473303998584,-0.15467974773131593,1.4451353219955412,0.3841364996961986
SIDM00323,0.7418727818750827,-0.36860618371433646,2.532621759111063,1.836098803746562,-0.6429214906902271,-0.8525714621894442,1.5210072287329053,3.082831022780492,-0.5097625864480957,0.7616707933395939,1.6123677996925345,2.358978413115295,-0.8082335144543931,0.08001416990556459,-0.6061742718294113,0.34625257253178104
SIDM00113,1.260116492207326,-0.5983936398494484,2.1552637502488605,1.9041207041613257,-0.6479830413364868,-0.8714230346731601,1.4970350955904685,2.754396618283739,-0.5769382981490132,0.8314232958207054,1.7398550649043127,2.177287972913076,-0.9400593339277794,0.41216224887405867,1.490027611440138,0.299761674498394
SIDM00551,0.29681628461085885,-0.7402846372657387,2.950720593326512,1.7553163579165787,-0.7688043419117864,-0.8681504491357932,1.8232974766051382,2.9128824055091775,-0.6896449544549811,0.8226542587505605,1.6883889737176048,2.0935135971793914,-0.9114229532570679,-0.26734111362539803,0.8462213775663266,0.7262028011187494
SIDM00958,0.5389729640515034,-0.5910791767684509,2.929353162252294,2.191035093381969,-0.7935366626569483,-0.7238622413730013,1.7063687014443425,2.8889091347659783,-0.4922438118930642,0.6013713214420034,1.4941334485639814,1.9646196186689482,-0.8576739743450698,-0.422594456529571,0.47776694623575633,0.6249997472933937
SIDM00659,1.064368431378834,-0.5977717167219607,2.145593996890692,1.923680756738753,-0.7783240876459517,-0.7123656003313967,1.5668984324568282,2.565600288189857,-0.7620240954360018,0.7919160934907605,1.1200566248824104,1.648340392872441,-0.7966816244634259,-0.13624565266578703,1.361951953330498,-0.029041389470718118
SIDM01168,1.0304147087885245,-0.5918816405918322,2.4409653752450313,2.3321163483277267,-0.7045665952742594,-0.7637877291179663,1.8163029629377616,2.742719730869324,-0.6937943490936972,0.9343244398368324,1.3361219798545663,1.5689048367640994,-0.8785419265349734,-0.29405198505006175,1.2521227966551136,0.6329221344680189
SIDM00968,1.280532473115871,-0.5952928149875587,2.381305169944316,2.070154688928651,-0.7434704794925997,-0.7889073141376401,1.1614957015619833,2.7479216297280527,-0.6101737143901079,1.0270635258763643,2.0182461488822727,2.183277652549091,-0.8114721130275302,0.1347361495970993,1.0418442153961966,0.4272650052341666
SIDM00250,0.25196056548981616,-0.7658327181469105,2.7009007921774515,1.4246370782875823,-0.5011737272538201,-0.8627952203548576,1.6313072248132612,2.766312150978911,-0.40612252611576777,1.030740286298437,1.4356020597992092,1.6947514427930215,-0.8830519288473793,0.2277866586676106,-0.6899024966819423,0.8729641535391778
SIDM00252,1.0637418309343618,-0.6525710568814272,2.6594678445731033,1.9838149802766951,-0.6938362972988967,-0.8590152744562688,1.410934369864227,2.741557967437231,-0.6998588407252716,0.9228475591160539,1.5212577624912416,1.8760226889498062,-0.9206957244449888,-0.49049600530754245,0.7886586101969397,0.4570126484551125
SIDM00242,0.9223998212583288,-0.6503563953304176,2.5966935577311325,2.0634739619262836,-0.7068292115243973,-0.7006035401442605,1.3819593795730463,2.7088363861874316,-0.3731898124141656,1.0143242828102577,1.411773896038888,2.068212396295682,-0.8690306379159274,0.3623963919492227,-0.5332321017713149,0.757422990088723
SIDM00438,0.6182455907272488,-0.6047455383156408,2.8986304531115934,2.384566477085961,-0.5792627879760834,-0.6778722921904441,1.896215172893188,2.9654610299695836,-0.7078290581495768,1.0961358742695146,2.055115898072481,2.1453435304002673,-0.7887467600644209,1.3380660911075504,-0.03321343453647902,0.7007512149656128
SIDM00231,0.8614397285938753,-0.5984607809688844,2.503898918573332,1.8326312121450987,-0.8285113005501895,-0.8666536049695207,1.7305972066924333,2.528279246232599,-0.5791778986024244,0.9667716400700009,1.6679155232365426,1.8096234703255623,-0.8018138833276126,-0.2364264170771,1.4329008408046557,0.6622950419855752
SIDM01011,0.6908576102299471,-0.4874302577979593,2.6150697605121556,3.0783018697467606,-0.5416517188159761,-0.758791085959077,1.5125254789596945,3.006153402074126,-0.6565794771099598,0.7909322865563135,1.411417887315114,2.196159381991766,-0.8230058087898541,0.4765547805193647,-0.10659340624382009,0.9835787708251699
SIDM00182,0.9066050868160723,-0.4448799083403706,2.7461024169878288,2.165941885600054,-0.6222349102883676,-0.7806867685526898,1.7569864676361342,2.757138229885381,-0.8171653449121083,0.8792196121299898,2.082972160361363,2.1180838029234166,-0.7924744104601958,0.07058804540844442,1.168465793384034,0.6647854855891644
SIDM00969,1.9857958873531234,-0.6291377119627682,2.1612825064735235,2.3751621773292744,-0.8439606367749721,-0.8710239864526693,1.3690993085721663,2.6373446872738344,-0.5409622824136885,0.5968454181735942,1.406119817362688,1.9398263892918728,-0.8845818345533261,0.04872629682354077,1.5970970180853714,-0.03736620007783167
SIDM01120,0.30738168823672163,-0.6733806870100686,2.653777942466686,1.564380001833458,-0.8445262347731327,-0.8243928961121374,1.8649697407302224,2.935647224082159,-0.30119221681416675,1.0273337257046524,1.0722457714366815,2.0691753674316815,-0.8793347764793937,0.05809966900503434,1.3249676662051988,0.2603957654563093
SIDM00317,1.4681375906357987,-0.640509263541258,2.058728861288665,1.726200714013821,-0.6553342774953582,-0.746701090755327,1.6255017285669555,2.6816386982799654,-0.3196541155195336,1.0606689911694427,1.862798934141492,1.8002544681862576,-0.7992503457600534,-0.22416949832492297,-0.7240713879826157,0.4400359204442677
SIDM00719,0.6685149680255998,-0.6850656054605665,2.6181058701935913,1.6042628289767196,-0.84100264326448,-0.7716464825774553,1.4544151033394426,2.9834427068625833,-0.6878029702291241,1.0070227009511192,1.222649328275418,2.0332376613963787,-0.8815924535717197,-0.29042691633613726,0.9661816691076096,0.4080528843390819
SIDM01041,0.9775776099605146,-0.547522937627171,2.7412696280392925,2.1437230977976283,-0.6607708342742494,-0.8701562733208063,1.7283365773373547,2.7508075744689457,-0.7596059178530721,0.8545460714316377,2.080308850278268,2.1196026617079022,-0.9118920285768396,-0.0016091875230970004,1.210327743036952,0.5772560358962286
SIDM00668,-0.13150106108115017,-0.5384780994577416,2.383833342691662,2.560477442338581,-0.6308672539900366,-0.9415225701140754,1.7105668571954484,2.9637201064215,-0.5810845996341955,1.0164570897932457,1.570690203125026,2.4430771840621017,-0.7682237010005303,0.2708307984892898,0.11398696010210979,1.2759768885555416
SIDM00056,2.243035572236053,-0.5577941102916986,1.9923703567361724,1.8769759591471722,-0.933870415348703,-0.7928336805099198,1.4411333336726457,2.77951219621836,-0.190371766110265,0.7564415234922243,1.6422862373992289,1.5929672891609141,-0.8060612626475074,-0.1254679467941155,0.1543114371738597,0.38544964817487676
SIDM00181,1.4712751673116264,-0.634236573028152,1.9786020941055722,2.4541925763867813,-0.693227131732922,-0.7270391666452829,1.582965369993742,2.541746742455694,-0.6238788441130054,0.6785106922941077,1.490723982040977,1.9918795581601774,-0.8671773919958072,-0.15568965172810056,1.782778707822042,0.5304810524623343
SIDM01073,-0.3717975285546502,-0.5305589556055708,2.5358629241270756,2.289325096701635,-0.7077362194870878,-0.9774587674582449,1.7144465929725636,2.8459090283304307,-0.6340766518710159,0.7833006950581228,1.6239071273681571,2.311783898048964,-0.8380395509609192,0.3264218687265694,-0.6752942830605541,0.8022548434900734
SIDM00504,0.6732305081110421,-0.6779089410634671,2.675809275844935,2.1872209246594645,-0.6614670221879857,-0.9684490991214906,1.570298240017077,2.6811913599135746,-0.513794639473049,0.5350036608153713,1.6481776276287654,1.9222558814772892,-0.8820264539712123,-0.23575966121223463,0.6528645647324224,0.5274295751900606
SIDM00472,0.8866565686872067,-0.6932540818336161,2.4722529633559427,2.2861260246198283,-0.6087086223899388,-0.8619718150375941,1.613034631315735,2.7212069882389756,-0.4027459100823255,1.213863633192058,1.5867306469181433,2.2509375561623064,-0.8431867143378453,0.21098485235308392,0.9239456022906136,0.5777941655072811
SIDM00042,0.2621311769543458,-0.6747219768066689,2.5563284466647977,2.0134695468726873,-0.9298506481444674,-1.0041954916972815,1.293723245790637,2.6191409683637406,-0.7572664611575705,0.8872501092972456,1.5734700992390096,1.8638935622558788,-0.9329159934434395,0.1878145927328017,-0.5543927987503463,0.5812189843744623
