Origin_idx,Drug name,Sanger ID,IC50
193454,Axitinib,SIDM00332,-0.005104500000000012
111880,GSK2606414,SIDM01093,3.633744
197019,P22077,SIDM00234,2.972383
202068,Afatinib,SIDM00269,1.3930733333333334
196668,P22077,SIDM00596,5.11993
202104,Afatinib,SIDM01122,1.439806
213300,ZM447439,SIDM01042,1.8791845
168006,SB505124,SIDM00216,3.0864085
73859,AZ960,SIDM00326,0.653611
74139,AZ960,SIDM00351,2.327771
112144,GSK2606414,SIDM00967,3.917071
202710,Afatinib,SIDM00261,2.078414
202817,Afatinib,SIDM00975,3.2141673333333336
111918,GSK2606414,SIDM00259,3.533958
111578,GSK2606414,SIDM00064,3.139338
202617,Afatinib,SIDM01228,-2.1754453333333337
214548,RO-3306,SIDM00332,4.699782000000001
74230,AZ960,SIDM00324,-0.257596
247231,SB505124,SIDM01233,1.6382350000000003
197307,P22077,SIDM00539,4.655571
111699,GSK2606414,SIDM00758,4.856177
218993,AZD8055,SIDM00833,2.1400395
74170,AZ960,SIDM00834,4.972692
197196,P22077,SIDM00550,4.647392
230849,PF-4708671,SIDM00971,3.9385975
74348,AZ960,SIDM00427,-0.263915
112034,GSK2606414,SIDM00859,2.50178
202300,Afatinib,SIDM00954,1.7369153333333334
111924,GSK2606414,SIDM00256,2.841195
73975,AZ960,SIDM00274,2.367271
167433,SB505124,SIDM00534,4.468161666666666
202991,Afatinib,SIDM00193,3.5815406666666667
27334,AZD6482,SIDM00332,3.0365296666666666
111881,GSK2606414,SIDM00381,3.677112
202262,Afatinib,SIDM00118,2.0868183333333334
73822,AZ960,SIDM00230,1.321395
73920,AZ960,SIDM01245,-1.445493
202893,Afatinib,SIDM00350,-2.1258513333333333
74545,AZ960,SIDM00374,1.295126
196971,P22077,SIDM00211,2.258049
196542,P22077,SIDM00789,3.73364
73810,AZ960,SIDM00951,-0.942742
230923,PF-4708671,SIDM00332,5.5158515
196526,P22077,SIDM01133,1.826458
196966,P22077,SIDM00540,5.868246
202717,Afatinib,SIDM00197,1.9067896666666666
196919,P22077,SIDM00267,5.818261
111840,GSK2606414,SIDM00540,2.626488
111923,GSK2606414,SIDM00257,3.423239
74520,AZ960,SIDM01011,1.337791
202543,Afatinib,SIDM00814,-1.1409
196890,P22077,SIDM01183,2.294417
74264,AZ960,SIDM00285,1.816038
202837,Afatinib,SIDM00099,3.2194563333333335
202490,Afatinib,SIDM00758,2.7343456666666666
74090,AZ960,SIDM00244,-0.064457
111664,GSK2606414,SIDM00561,3.382193
202332,Afatinib,SIDM00277,0.9203883333333334
111716,GSK2606414,SIDM01090,2.849564
213420,ZM447439,SIDM00562,2.1874029999999998
284229,Afatinib,SIDM00668,3.0042105
73731,AZ960,SIDM01120,1.437253
283740,Afatinib,SIDM00553,2.4325729999999997
196569,P22077,SIDM00096,2.602011
112173,GSK2606414,SIDM00216,4.146159
197193,P22077,SIDM00583,3.703421
196657,P22077,SIDM00544,4.840384
196836,P22077,SIDM00351,3.802117
196918,P22077,SIDM00343,6.022405
111913,GSK2606414,SIDM00198,4.482229
111815,GSK2606414,SIDM01228,4.549207
111847,GSK2606414,SIDM00958,0.863924
74526,AZ960,SIDM00631,2.515274
111317,GSK2606414,SIDM01120,3.938427
74576,AZ960,SIDM00530,5.505652
196463,P22077,SIDM01163,5.996046
53797,BI-2536,SIDM00971,3.78373
74339,AZ960,SIDM00195,5.644552
111602,GSK2606414,SIDM01007,2.384107
74134,AZ960,SIDM00813,0.420496
111758,GSK2606414,SIDM00833,4.783245
74567,AZ960,SIDM00472,2.833695
74193,AZ960,SIDM00411,5.290132
74048,AZ960,SIDM00346,-0.105024
202544,Afatinib,SIDM01155,2.8209936666666664
202836,Afatinib,SIDM00102,3.296236
197217,P22077,SIDM00042,1.931108
202172,Afatinib,SIDM00190,3.6037806666666667
111835,GSK2606414,SIDM00384,2.771703
197010,P22077,SIDM00218,8.222602
111616,GSK2606414,SIDM00534,3.34028
26986,AZD6482,SIDM00954,3.477527333333333
111404,GSK2606414,SIDM00632,2.485705
202793,Afatinib,SIDM01149,2.1202453333333335
197330,P22077,SIDM00498,3.563646
111348,GSK2606414,SIDM01179,5.3494
74572,AZ960,SIDM00393,2.046373
196501,P22077,SIDM00606,5.827266
202126,Afatinib,SIDM00293,1.8654693333333334
197215,P22077,SIDM00044,6.358711
202357,Afatinib,SIDM00064,2.1944576666666666
74479,AZ960,SIDM00700,5.417689
202129,Afatinib,SIDM00294,2.3004006666666665
111472,GSK2606414,SIDM00826,3.621617
111980,GSK2606414,SIDM00137,4.364016
74265,AZ960,SIDM00243,0.899643
202807,Afatinib,SIDM00394,2.5729583333333337
202688,Afatinib,SIDM00328,-0.41345533333333334
218673,AZD8055,SIDM00783,-0.30083350000000003
197020,P22077,SIDM00410,4.670721
111722,GSK2606414,SIDM00351,2.325302
202269,Afatinib,SIDM00086,2.8665629999999998
111434,GSK2606414,SIDM00367,3.555844
112124,GSK2606414,SIDM00374,4.63058
206294,NU7441,SIDM00971,4.127393
74166,AZ960,SIDM00814,1.52306
111546,GSK2606414,SIDM00793,4.311425
111443,GSK2606414,SIDM00326,3.452174
111479,GSK2606414,SIDM00091,6.684386
112133,GSK2606414,SIDM00416,3.672637
74078,AZ960,SIDM00441,-0.367227
196904,P22077,SIDM01247,4.200685
74558,AZ960,SIDM00968,3.149369
73809,AZ960,SIDM00953,1.898215
197165,P22077,SIDM00103,3.991476
111940,GSK2606414,SIDM00310,4.839592
111866,GSK2606414,SIDM00721,4.406675
196656,P22077,SIDM00227,5.561948
74569,AZ960,SIDM01041,0.529169
197061,P22077,SIDM00256,2.520751
206149,NU7441,SIDM00528,2.308158
74543,AZ960,SIDM00448,2.679338
197123,P22077,SIDM01149,1.931226
202266,Afatinib,SIDM00003,2.9417190000000004
74077,AZ960,SIDM00260,2.977902
74593,AZ960,SIDM00216,2.345387
202233,Afatinib,SIDM00136,2.7356476666666665
202798,Afatinib,SIDM00465,-3.242824666666666
73764,AZ960,SIDM00320,1.685057
15957,GSK269962A,SIDM01042,2.3832706666666668
196698,P22077,SIDM01007,3.044165
111401,GSK2606414,SIDM00188,4.086699
196640,P22077,SIDM00793,5.193799
111505,GSK2606414,SIDM00900,3.163751
73993,AZ960,SIDM00064,0.333289
202940,Afatinib,SIDM00448,2.120687
111552,GSK2606414,SIDM00277,-3.691049
111914,GSK2606414,SIDM00621,3.311123
112165,GSK2606414,SIDM00817,4.004721
202177,Afatinib,SIDM00970,-2.033753
208018,Doramapimod,SIDM00562,4.8387005
197038,P22077,SIDM00289,3.246665
196856,P22077,SIDM01097,4.981104
111728,GSK2606414,SIDM01095,3.81917
214053,RO-3306,SIDM00885,4.3589455
202443,Afatinib,SIDM00260,1.7355635
112012,GSK2606414,SIDM00929,3.449494
111587,GSK2606414,SIDM00679,3.745264
111615,GSK2606414,SIDM00541,2.487223
15380,Axitinib,SIDM01187,3.614132
197309,P22077,SIDM00530,4.966646
111572,GSK2606414,SIDM00875,2.783806
197060,P22077,SIDM00257,3.528353
112150,GSK2606414,SIDM00445,3.589966
73888,AZ960,SIDM00826,2.864578
74095,AZ960,SIDM00577,0.33395
111579,GSK2606414,SIDM00291,2.80195
111800,GSK2606414,SIDM01233,4.168855
111903,GSK2606414,SIDM00289,2.470129
202325,Afatinib,SIDM00863,2.1443489999999996
196613,P22077,SIDM00954,2.104187
111856,GSK2606414,SIDM00488,3.523559
196452,P22077,SIDM01174,6.891
74574,AZ960,SIDM00539,3.591764
73710,AZ960,SIDM00263,0.333887
74497,AZ960,SIDM00375,4.98785
202660,Afatinib,SIDM00592,-0.6329173333333333
74038,AZ960,SIDM00308,-0.134736
74319,AZ960,SIDM00542,1.866726
111855,GSK2606414,SIDM00935,1.918146
202691,Afatinib,SIDM00410,2.2371356666666666
202724,Afatinib,SIDM00258,0.7744956666666667
3748,Tozasertib,SIDM00241,-0.619793
74031,AZ960,SIDM00534,1.679516
196987,P22077,SIDM00496,3.259634
202271,Afatinib,SIDM00113,-0.6429233333333334
112075,GSK2606414,SIDM00375,4.06772
197164,P22077,SIDM00104,3.660305
74172,AZ960,SIDM00837,0.287183
111972,GSK2606414,SIDM00579,2.629408
197248,P22077,SIDM00688,1.60919
111554,GSK2606414,SIDM01042,3.095559
111447,GSK2606414,SIDM00120,4.507128
196896,P22077,SIDM00971,7.067048
111879,GSK2606414,SIDM00218,6.50584
9215,BI-2536,SIDM00954,-1.7038345
202464,Afatinib,SIDM01145,2.505050666666667
74156,AZ960,SIDM00379,1.724821
73978,AZ960,SIDM00227,3.215465
74003,AZ960,SIDM00679,3.167108
73808,AZ960,SIDM00190,5.943449
197048,P22077,SIDM00197,5.13549
196855,P22077,SIDM00379,4.065483
202174,Afatinib,SIDM00951,1.1371566666666666
202124,Afatinib,SIDM01179,2.904942333333333
213466,ZM447439,SIDM00241,1.083103
197297,P22077,SIDM00967,5.718
196479,P22077,SIDM00489,5.562694
74541,AZ960,SIDM01114,0.446916
202441,Afatinib,SIDM00388,1.8700006666666666
111674,GSK2606414,SIDM00244,3.490869
74361,AZ960,SIDM00098,1.567774
74168,AZ960,SIDM00835,4.200475
202656,Afatinib,SIDM00964,-2.0421666666666667
111808,GSK2606414,SIDM00324,3.493663
219424,AZD8055,SIDM00214,0.10207550000000004
74037,AZ960,SIDM00553,-0.703463
74269,AZ960,SIDM00332,0.86235
112122,GSK2606414,SIDM00448,3.858238
111421,GSK2606414,SIDM00181,4.422031
202895,Afatinib,SIDM00375,1.6128183333333332
167460,SB505124,SIDM00677,2.9502946666666667
197057,P22077,SIDM00156,5.822841
196430,P22077,SIDM01126,2.978457
283686,Afatinib,SIDM01251,1.8242980000000002
3659,Tozasertib,SIDM01042,2.495577
111916,GSK2606414,SIDM00195,4.765072
202849,Afatinib,SIDM00859,1.6159263333333334
111519,GSK2606414,SIDM00954,4.251322
111822,GSK2606414,SIDM01198,2.205689
74346,AZ960,SIDM00257,0.09416
202573,Afatinib,SIDM00971,-1.431826
73994,AZ960,SIDM00291,2.774569
196984,P22077,SIDM00488,5.76531
202260,Afatinib,SIDM00091,2.224670333333333
202822,Afatinib,SIDM00491,2.668115333333333
167808,SB505124,SIDM00527,3.040079
202744,Afatinib,SIDM00129,2.3773796666666667
73889,AZ960,SIDM00841,1.085827
74447,AZ960,SIDM00520,1.717318
197311,P22077,SIDM00047,5.627189
202910,Afatinib,SIDM00045,1.767844
196513,P22077,SIDM00182,4.557778
74326,AZ960,SIDM00289,-0.707146
74259,AZ960,SIDM00543,2.875015
74329,AZ960,SIDM00264,3.807295
202516,Afatinib,SIDM00351,0.07731700000000001
202623,Afatinib,SIDM01197,3.5512766666666664
111504,GSK2606414,SIDM01245,1.31444
202681,Afatinib,SIDM00218,3.507747666666667
111920,GSK2606414,SIDM00156,3.748249
112092,GSK2606414,SIDM00668,3.207462
74391,AZ960,SIDM00527,2.262525
196769,P22077,SIDM00623,5.093601
27601,AZD6482,SIDM00631,1.965858
111796,GSK2606414,SIDM00343,4.281081
73792,AZ960,SIDM00885,-0.567657
202978,Afatinib,SIDM00231,2.324676
202376,Afatinib,SIDM00224,3.1259339999999995
74362,AZ960,SIDM00309,1.640554
197040,P22077,SIDM00261,3.726985
196808,P22077,SIDM00758,4.419882
202875,Afatinib,SIDM00700,4.485492666666667
202344,Afatinib,SIDM01259,1.8536236666666668
74085,AZ960,SIDM00562,4.420438
74330,AZ960,SIDM00262,2.462565
202723,Afatinib,SIDM00259,2.400847
16048,GSK269962A,SIDM00241,1.0365766666666667
167583,SB505124,SIDM00834,5.122068333333333
196690,P22077,SIDM00225,6.186332
196883,P22077,SIDM00251,5.683281
202746,Afatinib,SIDM00100,2.8319343333333333
197276,P22077,SIDM00389,2.607338
196922,P22077,SIDM01233,3.61517
196658,P22077,SIDM01259,3.514552
112156,GSK2606414,SIDM00530,4.106758
202610,Afatinib,SIDM00324,2.4143546666666666
196574,P22077,SIDM00118,3.664369
74025,AZ960,SIDM01019,2.407666
196882,P22077,SIDM00252,6.571684
202747,Afatinib,SIDM00098,3.230064
196387,P22077,SIDM00627,5.827272
202946,Afatinib,SIDM00406,0.9306793333333333
202570,Afatinib,SIDM00412,1.672508333333333
202125,Afatinib,SIDM00320,2.703891
111593,GSK2606414,SIDM01206,3.604417
202541,Afatinib,SIDM00781,1.4592539999999998
111753,GSK2606414,SIDM00834,5.54507
202548,Afatinib,SIDM00420,2.301365333333333
111859,GSK2606414,SIDM00496,3.180163
112120,GSK2606414,SIDM01114,3.427324
111633,GSK2606414,SIDM00346,1.736986
111717,GSK2606414,SIDM00813,2.517101
111420,GSK2606414,SIDM00182,4.309425
202497,Afatinib,SIDM00364,1.8715456666666668
218869,AZD8055,SIDM00528,-0.8997594999999999
197144,P22077,SIDM00418,4.740671
74510,AZ960,SIDM00176,1.287589
196646,P22077,SIDM00277,2.759415
202508,Afatinib,SIDM01090,2.3206166666666665
202790,Afatinib,SIDM00137,2.5141356666666668
219356,AZD8055,SIDM00631,-0.437889
74444,AZ960,SIDM00102,2.836978
214399,RO-3306,SIDM00241,1.981907
73768,AZ960,SIDM00294,1.817084
196888,P22077,SIDM00424,1.64596
111526,GSK2606414,SIDM00923,2.639068
30339,JQ1,SIDM00885,1.5152523333333334
197076,P22077,SIDM00100,6.186197
121387,Ribociclib,SIDM01042,3.276111
74203,AZ960,SIDM01247,0.186913
74237,AZ960,SIDM01228,2.513423
58303,Tozasertib,SIDM00631,4.761516
196895,P22077,SIDM00316,4.94071
111563,GSK2606414,SIDM00544,4.67399
197280,P22077,SIDM00407,4.121836
111968,GSK2606414,SIDM00527,3.897181
197055,P22077,SIDM00258,3.713928
196819,P22077,SIDM01140,2.344283
112024,GSK2606414,SIDM00154,1.924353
73882,AZ960,SIDM00082,5.47252
196938,P22077,SIDM01228,2.490186
74018,AZ960,SIDM01007,0.55807
218836,AZD8055,SIDM00541,0.0712155000000001
202971,Afatinib,SIDM00483,1.3534663333333334
202454,Afatinib,SIDM00562,2.858045
111739,GSK2606414,SIDM00379,3.198266
202114,Afatinib,SIDM00699,2.893056
202253,Afatinib,SIDM00826,2.7823996666666666
202554,Afatinib,SIDM01159,2.6979930000000003
196706,P22077,SIDM01019,1.580991
111342,GSK2606414,SIDM00719,6.913124
202389,Afatinib,SIDM00612,2.9548319999999997
111821,GSK2606414,SIDM01197,5.410039
218995,AZD8055,SIDM00832,1.3148279999999999
202447,Afatinib,SIDM00532,3.0580846666666672
219063,AZD8055,SIDM01197,0.21921800000000002
196947,P22077,SIDM01187,4.427617
74125,AZ960,SIDM01140,0.104378
197318,P22077,SIDM00817,2.683648
111885,GSK2606414,SIDM00328,3.646692
111481,GSK2606414,SIDM00118,4.202877
202815,Afatinib,SIDM00418,2.743757666666667
202838,Afatinib,SIDM00154,2.084547
196820,P22077,SIDM00241,4.590069
202711,Afatinib,SIDM00264,1.2134956666666665
197049,P22077,SIDM00198,4.504633
73865,AZ960,SIDM00789,0.368547
74335,AZ960,SIDM00197,0.658484
111394,GSK2606414,SIDM00951,3.20298
74457,AZ960,SIDM00846,2.054899
197004,P22077,SIDM00299,6.847273
196586,P22077,SIDM00111,5.552349
202219,Afatinib,SIDM00417,2.4740496666666663
196582,P22077,SIDM00094,6.134368
74014,AZ960,SIDM00808,0.10292
74426,AZ960,SIDM00975,4.659919
74317,AZ960,SIDM00732,1.100462
197063,P22077,SIDM00427,2.857078
111887,GSK2606414,SIDM00234,3.568345
111755,GSK2606414,SIDM00837,5.706225
112009,GSK2606414,SIDM00077,4.186567
111610,GSK2606414,SIDM01019,4.05246
111642,GSK2606414,SIDM00677,3.552131
74354,AZ960,SIDM00487,3.391397
202730,Afatinib,SIDM00256,2.0715586666666668
202130,Afatinib,SIDM01098,2.2755793333333334
207991,Doramapimod,SIDM00528,3.9231045
202415,Afatinib,SIDM00549,2.421847666666667
202915,Afatinib,SIDM00688,2.4863726666666666
197012,P22077,SIDM00381,6.570905
230709,PF-4708671,SIDM00528,3.8492645
202445,Afatinib,SIDM00561,2.0393326666666667
74175,AZ960,SIDM00833,4.401024
111622,GSK2606414,SIDM00553,1.444255
196777,P22077,SIDM00655,3.866191
202551,Afatinib,SIDM01168,3.1013726666666668
73817,AZ960,SIDM00188,2.087864
197284,P22077,SIDM00323,3.122998
167586,SB505124,SIDM00837,4.419502333333333
74083,AZ960,SIDM00623,4.682387
74490,AZ960,SIDM00042,2.412017
196673,P22077,SIDM00291,5.244247
196633,P22077,SIDM00948,2.283163
196566,P22077,SIDM00841,5.720683
74011,AZ960,SIDM00224,0.019967
202773,Afatinib,SIDM00551,0.18446799999999997
111928,GSK2606414,SIDM00680,5.667537
73959,AZ960,SIDM00864,0.670462
112097,GSK2606414,SIDM00688,3.391869
197043,P22077,SIDM00266,2.21588
74187,AZ960,SIDM00424,-0.857642
196596,P22077,SIDM00490,5.975676
74079,AZ960,SIDM00561,1.627764
111353,GSK2606414,SIDM00294,4.780423
111811,GSK2606414,SIDM00569,4.171659
111935,GSK2606414,SIDM00129,2.427475
196713,P22077,SIDM00535,6.815623
202974,Afatinib,SIDM00530,-2.3793416666666665
196974,P22077,SIDM00958,2.143353
284263,Afatinib,SIDM00389,2.0188865000000003
202593,Afatinib,SIDM00917,2.0815716666666666
202247,Afatinib,SIDM00082,2.890810666666667
111762,GSK2606414,SIDM01161,3.315123
74347,AZ960,SIDM00256,-0.358219
196424,P22077,SIDM00699,4.65044
196988,P22077,SIDM00302,5.573661
74270,AZ960,SIDM00958,-0.064275
73763,AZ960,SIDM01179,2.005161
111986,GSK2606414,SIDM00465,5.150018
111529,GSK2606414,SIDM00930,4.497098
219172,AZD8055,SIDM00680,-0.33212949999999997
167293,SB505124,SIDM00841,4.0000089999999995
196598,P22077,SIDM00900,2.31952
196760,P22077,SIDM00260,6.272478
111894,GSK2606414,SIDM00732,4.274419
74555,AZ960,SIDM00416,0.070408
202582,Afatinib,SIDM00482,1.7693963333333331
202808,Afatinib,SIDM00377,2.127931333333333
202887,Afatinib,SIDM00043,-1.4395583333333333
74571,AZ960,SIDM00444,2.025047
202370,Afatinib,SIDM00599,1.892447
74395,AZ960,SIDM00579,0.057185
219175,AZD8055,SIDM00487,0.463126
197179,P22077,SIDM00846,4.217735
202507,Afatinib,SIDM01092,2.2781499999999997
202216,Afatinib,SIDM00367,2.3306673333333334
167622,SB505124,SIDM00842,3.5188466666666667
112050,GSK2606414,SIDM00550,4.653727
218777,AZD8055,SIDM01042,-1.346714
202231,Afatinib,SIDM00789,2.6874833333333332
73895,AZ960,SIDM00091,3.210557
111469,GSK2606414,SIDM00145,4.815123
196783,P22077,SIDM00577,4.476656
74179,AZ960,SIDM01161,0.699221
74124,AZ960,SIDM00364,0.920865
202396,Afatinib,SIDM00534,0.6227520000000001
73841,AZ960,SIDM00292,5.344215
74581,AZ960,SIDM00231,0.78426
74286,AZ960,SIDM00056,0.862592
196414,P22077,SIDM01122,5.010959
74332,AZ960,SIDM00202,1.022206
197159,P22077,SIDM00199,5.933736
202888,Afatinib,SIDM00042,2.314871333333333
202334,Afatinib,SIDM01042,2.4408606666666666
202829,Afatinib,SIDM00199,2.7839573333333334
196386,P22077,SIDM00905,4.16056
202970,Afatinib,SIDM00393,-4.125380666666667
202955,Afatinib,SIDM00968,2.2815856666666665
196397,P22077,SIDM01120,2.680484
202936,Afatinib,SIDM00362,1.4372746666666665
202076,Afatinib,SIDM00889,-0.2758523333333333
202976,Afatinib,SIDM00047,1.6099943333333335
214353,RO-3306,SIDM00562,2.2025505
202753,Afatinib,SIDM00114,1.658958666666667
112158,GSK2606414,SIDM00047,3.940549
196893,P22077,SIDM00412,2.25922
111663,GSK2606414,SIDM00441,2.52282
196718,P22077,SIDM00553,1.558856
74364,AZ960,SIDM00311,1.744031
73969,AZ960,SIDM00276,2.994999
202119,Afatinib,SIDM01126,1.0952765
196968,P22077,SIDM00285,2.239603
112025,GSK2606414,SIDM00520,4.588548
74495,AZ960,SIDM00350,3.754037
196530,P22077,SIDM00417,4.230637
74033,AZ960,SIDM00537,0.720661
74267,AZ960,SIDM00211,-0.318171
74080,AZ960,SIDM00438,2.972307
196666,P22077,SIDM00875,1.90071
111551,GSK2606414,SIDM01047,1.827754
74432,AZ960,SIDM00077,0.526398
74443,AZ960,SIDM00103,2.966834
74595,AZ960,SIDM00214,4.139443
202699,Afatinib,SIDM00542,3.1735369999999996
202648,Afatinib,SIDM00332,3.1325273333333334
202577,Afatinib,SIDM00584,3.181506
196541,P22077,SIDM00783,5.277958
196828,P22077,SIDM01090,4.534136
111790,GSK2606414,SIDM00842,3.195126
111305,GSK2606414,SIDM00889,2.798198
202782,Afatinib,SIDM00579,2.453146
74190,AZ960,SIDM00317,4.576612
73906,AZ960,SIDM00113,3.450104
196440,P22077,SIDM00294,2.921859
111775,GSK2606414,SIDM00316,3.937515
197222,P22077,SIDM00350,6.056679
30756,JQ1,SIDM00971,2.296021666666667
218674,AZD8055,SIDM00789,-0.9046525000000001
202864,Afatinib,SIDM00583,2.538299
74298,AZ960,SIDM00242,2.492293
27040,AZD6482,SIDM00875,3.3451163333333334
202972,Afatinib,SIDM00539,-0.4138496666666666
193262,Axitinib,SIDM00562,2.399571
196842,P22077,SIDM01095,3.674009
197285,P22077,SIDM00416,3.385896
73989,AZ960,SIDM00596,4.601757
73824,AZ960,SIDM00606,3.583064
202167,Afatinib,SIDM00489,-1.6928553333333332
111909,GSK2606414,SIDM00202,3.049893
197231,P22077,SIDM00976,5.353984
111905,GSK2606414,SIDM00261,2.919925
246296,GSK269962A,SIDM00971,3.244047
111783,GSK2606414,SIDM00482,2.861577
3820,Tozasertib,SIDM00332,2.7254135
213393,ZM447439,SIDM00528,2.6755195
111406,GSK2606414,SIDM00230,2.997674
202811,Afatinib,SIDM00371,2.4454499999999997
196544,P22077,SIDM00136,4.681745
218864,AZD8055,SIDM00677,0.3594465
112130,GSK2606414,SIDM00422,2.949495
196914,P22077,SIDM00917,2.966187
196743,P22077,SIDM00528,2.637179
196913,P22077,SIDM00233,2.261326
74597,AZ960,SIDM00193,3.201542
112152,GSK2606414,SIDM00393,2.592303
73961,AZ960,SIDM00863,1.210911
202220,Afatinib,SIDM01229,2.683892333333333
196776,P22077,SIDM00244,4.958139
74213,AZ960,SIDM00917,0.076278
206057,NU7441,SIDM01042,0.995044
202712,Afatinib,SIDM00262,2.5442359999999997
111941,GSK2606414,SIDM00311,4.202552
74133,AZ960,SIDM01090,1.514177
196672,P22077,SIDM00064,4.965274
202682,Afatinib,SIDM01093,3.3222966666666665
74204,AZ960,SIDM00482,-0.392242
202947,Afatinib,SIDM00407,1.230909
196992,P22077,SIDM00056,4.362946
202343,Afatinib,SIDM00544,2.81466
214472,RO-3306,SIDM00971,4.515437
112154,GSK2606414,SIDM00539,3.898234
197286,P22077,SIDM01102,4.340036
112021,GSK2606414,SIDM00103,4.518048
111915,GSK2606414,SIDM00196,3.490753
111774,GSK2606414,SIDM00411,4.533621
74341,AZ960,SIDM00259,-0.874159
202715,Afatinib,SIDM00202,1.4872983333333334
202657,Afatinib,SIDM00935,-1.2102973333333331
73955,AZ960,SIDM00948,0.986821
73987,AZ960,SIDM00875,2.248622
23287,Afatinib,SIDM00721,2.768385
202348,Afatinib,SIDM01073,1.9454083333333332
73880,AZ960,SIDM00121,-0.870595
202967,Afatinib,SIDM01041,1.7367656666666667
213615,ZM447439,SIDM00332,4.0245295
73867,AZ960,SIDM00136,2.131392
196489,P22077,SIDM00970,3.895853
74167,AZ960,SIDM01155,1.365244
111827,GSK2606414,SIDM00896,1.503716
111679,GSK2606414,SIDM00577,4.612348
196986,P22077,SIDM00592,5.223216
218839,AZD8055,SIDM00537,0.178968
73942,AZ960,SIDM00923,1.967189
202992,Afatinib,SIDM00498,2.3076369999999997
111298,GSK2606414,SIDM00203,2.462133
213266,ZM447439,SIDM00954,0.952939
73967,AZ960,SIDM01047,-0.039989
202462,Afatinib,SIDM01146,2.64621
196827,P22077,SIDM01092,5.46253
196873,P22077,SIDM01168,4.964399
73850,AZ960,SIDM00367,0.320106
202245,Afatinib,SIDM00121,1.7194019999999999
73892,AZ960,SIDM00096,-1.851307
74578,AZ960,SIDM00047,0.572964
196782,P22077,SIDM01145,4.246344
197168,P22077,SIDM00154,3.838134
230613,PF-4708671,SIDM01042,3.4856670000000003
202665,Afatinib,SIDM00056,1.8197926666666664
208136,Doramapimod,SIDM00971,5.261431999999999
111708,GSK2606414,SIDM00364,2.117914
202373,Afatinib,SIDM01206,1.6121263333333333
111559,GSK2606414,SIDM00274,5.406334
202183,Afatinib,SIDM00591,0.11869466666666667
74199,AZ960,SIDM00584,2.046236
202968,Afatinib,SIDM00445,1.0542466666666668
202444,Afatinib,SIDM00441,1.7711066666666666
73837,AZ960,SIDM00181,1.554898
9323,BI-2536,SIDM00241,-4.0850465
202726,Afatinib,SIDM00156,1.866843
197069,P22077,SIDM00487,5.21793
111854,GSK2606414,SIDM00964,2.078967
219099,AZD8055,SIDM00488,-0.05799500000000002
30685,JQ1,SIDM00241,0.8437746666666666
202839,Afatinib,SIDM00520,3.1564556666666665
73909,AZ960,SIDM00111,4.142452
112178,GSK2606414,SIDM00498,4.328979
111350,GSK2606414,SIDM00293,3.791486
202597,Afatinib,SIDM00343,3.569107666666666
111307,GSK2606414,SIDM00627,2.953178
197041,P22077,SIDM00264,3.537779
219214,AZD8055,SIDM00527,-1.0467715
73904,AZ960,SIDM00086,0.476656
197127,P22077,SIDM00466,8.700549
197017,P22077,SIDM00328,2.901451
27261,AZD6482,SIDM00971,2.1949815
74075,AZ960,SIDM00388,2.953605
196900,P22077,SIDM00584,5.558044
196817,P22077,SIDM00364,2.518082
74061,AZ960,SIDM00528,0.657398
74338,AZ960,SIDM00196,0.953399
112149,GSK2606414,SIDM01041,2.618771
74539,AZ960,SIDM00362,-0.678898
202739,Afatinib,SIDM00487,-0.51005
73788,AZ960,SIDM01163,3.190407
112147,GSK2606414,SIDM00472,5.045211
74378,AZ960,SIDM00600,1.215539
74431,AZ960,SIDM00491,2.074559
202923,Afatinib,SIDM00631,-0.6191429999999999
74235,AZ960,SIDM00810,1.024377
112081,GSK2606414,SIDM00976,4.093855
73980,AZ960,SIDM01259,2.562107
202598,Afatinib,SIDM00267,0.381583
111902,GSK2606414,SIDM00659,3.914195
202736,Afatinib,SIDM00680,1.9138633333333335
74513,AZ960,SIDM00668,2.978517
111942,GSK2606414,SIDM00519,4.719602
202615,Afatinib,SIDM00810,3.176039333333333
74194,AZ960,SIDM00316,0.470517
196467,P22077,SIDM00885,4.050165
111805,GSK2606414,SIDM00287,2.395158
74221,AZ960,SIDM01233,2.582341
196960,P22077,SIDM00384,2.121312
74409,AZ960,SIDM00465,1.685935
167589,SB505124,SIDM00833,3.2481086666666665
202950,Afatinib,SIDM00323,2.2889553333333335
202572,Afatinib,SIDM00316,2.1441269999999997
202326,Afatinib,SIDM00793,2.4223389999999996
111490,GSK2606414,SIDM00113,6.279732
197045,P22077,SIDM00202,4.264405
202714,Afatinib,SIDM00201,1.8286613333333335
202185,Afatinib,SIDM00632,1.8904123333333331
111562,GSK2606414,SIDM00227,3.298309
111422,GSK2606414,SIDM00180,2.712587
111376,GSK2606414,SIDM00885,5.3779
196894,P22077,SIDM00411,7.008563
196497,P22077,SIDM00632,2.354397
230780,PF-4708671,SIDM00241,1.282134
111617,GSK2606414,SIDM00535,3.812816
111449,GSK2606414,SIDM00789,2.136051
73717,AZ960,SIDM01160,5.20203
208063,Doramapimod,SIDM00241,3.6432415
111792,GSK2606414,SIDM00917,2.639727
167268,SB505124,SIDM00783,2.8709670000000003
202446,Afatinib,SIDM00438,2.901013333333333
112089,GSK2606414,SIDM00176,3.667598
111383,GSK2606414,SIDM00174,2.550006
197054,P22077,SIDM00259,3.559271
112153,GSK2606414,SIDM00483,6.258038
202776,Afatinib,SIDM01220,2.8396053333333335
196945,P22077,SIDM01198,4.045959
74009,AZ960,SIDM01206,-0.00208
74575,AZ960,SIDM00538,4.637155
202395,Afatinib,SIDM00541,0.5867994999999999
167766,SB505124,SIDM00680,3.362598666666667
111623,GSK2606414,SIDM00308,1.09404
112159,GSK2606414,SIDM00250,4.433006
112151,GSK2606414,SIDM00444,3.431029
196385,P22077,SIDM00889,2.996678
74126,AZ960,SIDM00241,4.535008
214199,RO-3306,SIDM00954,3.0251185
41042,AZD8055,SIDM00216,1.302736
111776,GSK2606414,SIDM00971,4.126879
111931,GSK2606414,SIDM00487,3.965399
196866,P22077,SIDM01155,6.417253
111294,GSK2606414,SIDM01132,3.957796
112067,GSK2606414,SIDM00043,2.760535
196711,P22077,SIDM00541,4.961924
111945,GSK2606414,SIDM00114,5.964766
197167,P22077,SIDM00099,6.5376
196685,P22077,SIDM00599,4.065136
74472,AZ960,SIDM00550,2.628463
111875,GSK2606414,SIDM00242,1.575477
111568,GSK2606414,SIDM01251,3.235952
197075,P22077,SIDM00101,5.341781
111393,GSK2606414,SIDM00953,3.773049
202552,Afatinib,SIDM01175,3.3956423333333334
112105,GSK2606414,SIDM00631,6.011463
196867,P22077,SIDM00835,6.575834
196875,P22077,SIDM00833,6.168627
196682,P22077,SIDM00679,4.426443
167769,SB505124,SIDM00487,4.466935333333333
74176,AZ960,SIDM01159,2.030322
111906,GSK2606414,SIDM00264,5.52399
230735,PF-4708671,SIDM00562,3.1979430000000004
230581,PF-4708671,SIDM00954,3.3993095
218896,AZD8055,SIDM00562,-2.1781924999999998
196952,P22077,SIDM00896,1.882154
111590,GSK2606414,SIDM00599,2.3129
202459,Afatinib,SIDM00244,-0.46895149999999997
73979,AZ960,SIDM00544,3.214324
111896,GSK2606414,SIDM00542,4.271054
26845,AZD6482,SIDM00885,4.174320666666667
74585,AZ960,SIDM00817,1.761237
202077,Afatinib,SIDM00905,0.2614989999999999
202116,Afatinib,SIDM00719,3.131517333333333
196663,P22077,SIDM01073,2.763075
9231,BI-2536,SIDM01042,-2.4113465
111488,GSK2606414,SIDM00086,5.274804
73803,AZ960,SIDM00489,1.939133
202078,Afatinib,SIDM00627,0.3075193333333333
205879,NU7441,SIDM00885,3.3566875
202274,Afatinib,SIDM00111,2.774727
167301,SB505124,SIDM00118,4.252528
30536,JQ1,SIDM00875,1.5075770000000002
196764,P22077,SIDM00532,5.802488
197312,P22077,SIDM00250,4.352462
73970,AZ960,SIDM01042,1.109192
23252,Afatinib,SIDM00384,1.171463
111863,GSK2606414,SIDM00056,3.61674
202748,Afatinib,SIDM00309,1.8079976666666664
197044,P22077,SIDM00201,4.78438
197304,P22077,SIDM00444,5.220893
111466,GSK2606414,SIDM00082,5.446486
74417,AZ960,SIDM00377,1.434993
193380,Axitinib,SIDM00971,4.179967
197271,P22077,SIDM01114,4.195879
30613,JQ1,SIDM00528,0.6946496666666667
202606,Afatinib,SIDM00287,1.9625286666666666
74331,AZ960,SIDM00201,2.988314
219031,AZD8055,SIDM00842,0.7768525
111451,GSK2606414,SIDM00136,4.620009
193729,Axitinib,SIDM00631,4.18812
202904,Afatinib,SIDM00973,2.0609446666666664
202969,Afatinib,SIDM00444,3.2111283333333334
196763,P22077,SIDM00438,5.43747
202781,Afatinib,SIDM00638,2.2292853333333333
207918,Doramapimod,SIDM00875,4.525199
111303,GSK2606414,SIDM01160,3.635866
202555,Afatinib,SIDM00832,3.1039813333333335
202285,Afatinib,SIDM00900,1.9737243333333332
202644,Afatinib,SIDM00243,1.231312
196645,P22077,SIDM01047,2.991521
112016,GSK2606414,SIDM00199,3.383079
246636,GSK269962A,SIDM00631,3.4386925
197306,P22077,SIDM00483,7.647462
74289,AZ960,SIDM00721,2.359227
196879,P22077,SIDM01161,4.814897
192963,Axitinib,SIDM00885,1.926529
202383,Afatinib,SIDM01007,1.587534
197042,P22077,SIDM00262,6.157186
111598,GSK2606414,SIDM00808,3.425277
111771,GSK2606414,SIDM00317,6.377013
197104,P22077,SIDM00551,5.033192
74192,AZ960,SIDM00412,0.083657
196485,P22077,SIDM00953,2.992303
197290,P22077,SIDM00968,4.93785
202675,Afatinib,SIDM00299,2.8144666666666667
74394,AZ960,SIDM00638,2.283323
74325,AZ960,SIDM00659,1.645883
111437,GSK2606414,SIDM00417,3.397583
112073,GSK2606414,SIDM00350,3.363222
74233,AZ960,SIDM00569,-0.639313
111813,GSK2606414,SIDM00810,1.84968
74550,AZ960,SIDM00407,-0.777865
196929,P22077,SIDM00962,1.852079
74573,AZ960,SIDM00483,4.505865
196969,P22077,SIDM00243,1.894276
193157,Axitinib,SIDM00875,2.913103
202141,Afatinib,SIDM01174,3.9402206666666664
74328,AZ960,SIDM00261,-0.61908
213318,ZM447439,SIDM00875,1.7975505
74157,AZ960,SIDM01097,0.045079
197051,P22077,SIDM00196,4.724028
196912,P22077,SIDM00842,2.339374
196374,P22077,SIDM01132,3.697763
74546,AZ960,SIDM00389,1.951458
202254,Afatinib,SIDM00841,2.8367453333333335
196691,P22077,SIDM00224,6.268681
196518,P22077,SIDM00292,6.102913
214251,RO-3306,SIDM00875,2.796256
196662,P22077,SIDM01251,1.971039
73754,AZ960,SIDM00699,4.17933
202989,Afatinib,SIDM00214,2.043354
202230,Afatinib,SIDM00783,1.6552546666666668
197302,P22077,SIDM01041,5.860814
196623,P22077,SIDM00930,4.442808
74030,AZ960,SIDM00541,4.393839
74302,AZ960,SIDM00218,3.493591
111574,GSK2606414,SIDM00596,4.484312
111944,GSK2606414,SIDM00517,3.693507
197289,P22077,SIDM00969,3.830035
202850,Afatinib,SIDM00846,3.2332216666666667
202713,Afatinib,SIDM00266,1.9703893333333333
202201,Afatinib,SIDM00182,3.150260333333333
202214,Afatinib,SIDM01133,2.248625666666667
3573,Tozasertib,SIDM00885,1.3152195000000002
202550,Afatinib,SIDM00837,0.27309199999999995
196765,P22077,SIDM00504,3.467079
30482,JQ1,SIDM00954,1.9073113333333334
202764,Afatinib,SIDM00600,1.9694293333333333
196648,P22077,SIDM01042,1.930989
202732,Afatinib,SIDM00427,2.043711333333333
196719,P22077,SIDM00308,5.011812
213120,ZM447439,SIDM00885,1.3492045
197308,P22077,SIDM00538,5.819902
73901,AZ960,SIDM00003,3.565579
112057,GSK2606414,SIDM00700,5.661391
111773,GSK2606414,SIDM00412,2.467893
74557,AZ960,SIDM00969,1.264193
197037,P22077,SIDM00659,5.701326
111609,GSK2606414,SIDM00612,4.119319
112022,GSK2606414,SIDM00102,4.835164
74282,AZ960,SIDM00496,1.81017
207901,Doramapimod,SIDM01042,2.0711785000000003
74359,AZ960,SIDM00101,3.064779
167652,SB505124,SIDM01197,4.081966666666666
202250,Afatinib,SIDM00145,1.8075113333333332
73921,AZ960,SIDM00900,0.213327
202452,Afatinib,SIDM00623,2.4977403333333332
73712,AZ960,SIDM00203,2.797345
111306,GSK2606414,SIDM00905,3.299329
196620,P22077,SIDM00923,5.708011
111715,GSK2606414,SIDM01092,2.286339
196732,P22077,SIDM00549,2.4216
111846,GSK2606414,SIDM00332,3.272579
74363,AZ960,SIDM00310,0.959228
202614,Afatinib,SIDM01237,3.357525666666667
202466,Afatinib,SIDM00576,1.3767803333333335
202689,Afatinib,SIDM00023,-0.09709333333333336
111912,GSK2606414,SIDM00197,3.322615
111668,GSK2606414,SIDM00623,5.395553
73799,AZ960,SIDM00174,-0.003154
214821,RO-3306,SIDM00631,3.5941789999999996
74171,AZ960,SIDM00420,1.416406
73905,AZ960,SIDM00094,4.439627
197251,P22077,SIDM01006,3.427171
74304,AZ960,SIDM00381,2.030513
74244,AZ960,SIDM01198,-0.385766
202557,Afatinib,SIDM01161,2.3990726666666666
202521,Afatinib,SIDM01095,2.162075333333333
197166,P22077,SIDM00102,6.869194
111339,GSK2606414,SIDM00699,4.338071
111955,GSK2606414,SIDM00600,4.731137
111569,GSK2606414,SIDM01073,3.001602
3643,Tozasertib,SIDM00954,2.769855
111677,GSK2606414,SIDM01146,2.980476
202319,Afatinib,SIDM00948,1.6304170000000002
111791,GSK2606414,SIDM00233,4.171183
202794,Afatinib,SIDM00565,1.7411806666666667
111397,GSK2606414,SIDM00970,2.730337
74006,AZ960,SIDM00599,1.090633
218942,AZD8055,SIDM00241,-1.526465
206222,NU7441,SIDM00241,2.275751
74310,AZ960,SIDM00234,0.369733
202353,Afatinib,SIDM00596,2.7070646666666662
74387,AZ960,SIDM00551,0.236996
196891,P22077,SIDM00317,7.908817
202339,Afatinib,SIDM00274,-0.5766235
202825,Afatinib,SIDM00929,2.6483406666666665
74189,AZ960,SIDM01183,1.936137
74174,AZ960,SIDM01175,4.960154
202590,Afatinib,SIDM01248,3.055994333333333
196762,P22077,SIDM00561,3.547565
196758,P22077,SIDM00388,2.897741
9291,BI-2536,SIDM00562,-3.4621375
112134,GSK2606414,SIDM01102,4.034615
202719,Afatinib,SIDM00621,3.1583566666666667
202690,Afatinib,SIDM00234,1.346548
202427,Afatinib,SIDM00528,0.8630813333333333
202771,Afatinib,SIDM00127,-1.5603373333333332
3716,Tozasertib,SIDM00562,1.5733514999999998
111937,GSK2606414,SIDM00100,5.125467
284076,Afatinib,SIDM00311,4.3042715000000005
202676,Afatinib,SIDM00242,1.2030475
112020,GSK2606414,SIDM00104,4.512569
202173,Afatinib,SIDM00953,1.5446366666666667
202683,Afatinib,SIDM00381,1.7871063333333332
202307,Afatinib,SIDM00923,0.9726773333333334
197068,P22077,SIDM00501,6.359029
74234,AZ960,SIDM01237,3.65038
73945,AZ960,SIDM00930,2.094987
202919,Afatinib,SIDM01006,1.9412190000000002
202270,Afatinib,SIDM00094,2.1486413333333334
202367,Afatinib,SIDM00679,1.3728280000000002
111296,GSK2606414,SIDM00263,2.928273
74598,AZ960,SIDM00498,2.18629
73863,AZ960,SIDM00120,3.590041
112128,GSK2606414,SIDM00406,3.656901
202745,Afatinib,SIDM00101,2.3685466666666666
202309,Afatinib,SIDM00930,2.519883333333333
111372,GSK2606414,SIDM01163,5.68459
202560,Afatinib,SIDM00251,2.3766190000000003
197303,P22077,SIDM00445,5.616637
202163,Afatinib,SIDM00174,2.8134716666666666
197102,P22077,SIDM00127,5.413321
111757,GSK2606414,SIDM01175,5.64047
196540,P22077,SIDM00120,6.265842
202358,Afatinib,SIDM00291,3.244849
74420,AZ960,SIDM00371,5.818114
9143,BI-2536,SIDM00885,0.15059599999999995
73719,AZ960,SIDM00889,3.014235
219427,AZD8055,SIDM00498,0.7278435
73708,AZ960,SIDM01132,1.927589
196647,P22077,SIDM00276,2.814336
197152,P22077,SIDM00077,4.76523
111983,GSK2606414,SIDM00565,4.35514
112099,GSK2606414,SIDM01011,4.5454
196377,P22077,SIDM00269,4.92423
111994,GSK2606414,SIDM00377,3.320878
219013,AZD8055,SIDM00971,1.4843389999999999
197240,P22077,SIDM00508,1.468607
202465,Afatinib,SIDM00577,1.181727
196780,P22077,SIDM01146,3.789663
111425,GSK2606414,SIDM00292,5.41136
74503,AZ960,SIDM00976,0.277398
112008,GSK2606414,SIDM00491,5.371401
202973,Afatinib,SIDM00538,3.2623056666666663
206024,NU7441,SIDM00954,3.034783
202187,Afatinib,SIDM00230,2.0680623333333332
197140,P22077,SIDM00371,5.84362
197151,P22077,SIDM00491,4.379501
74522,AZ960,SIDM01006,-0.288657
73897,AZ960,SIDM00118,2.235359
74093,AZ960,SIDM01146,5.115905
112177,GSK2606414,SIDM00193,3.7796
111564,GSK2606414,SIDM01259,2.59892
207867,Doramapimod,SIDM00954,4.3767005
167581,SB505124,SIDM00835,4.242252333333333
74217,AZ960,SIDM00343,3.560181
202750,Afatinib,SIDM00519,3.6430443333333336
74309,AZ960,SIDM00023,1.846228
197137,P22077,SIDM00377,5.974772
196559,P22077,SIDM00082,3.283931
202835,Afatinib,SIDM00103,3.3439813333333337
196565,P22077,SIDM00826,4.658934
111665,GSK2606414,SIDM00438,3.427833
73935,AZ960,SIDM00954,4.743383
111330,GSK2606414,SIDM01122,4.292918
197275,P22077,SIDM00374,5.214057
202535,Afatinib,SIDM01097,2.538488
206075,NU7441,SIDM00875,3.1624795
74442,AZ960,SIDM00104,3.069135
218795,AZD8055,SIDM00875,0.144428
74435,AZ960,SIDM00929,0.989947
196877,P22077,SIDM00832,6.404039
202982,Afatinib,SIDM00817,1.6414143333333335
206370,NU7441,SIDM00332,3.9139834999999996
202257,Afatinib,SIDM00096,1.6076846666666667
202943,Afatinib,SIDM00374,2.2241283333333333
202902,Afatinib,SIDM00976,2.469894666666667
202591,Afatinib,SIDM00842,2.507762666666667
27022,AZD6482,SIDM01042,0.7705216666666667
111545,GSK2606414,SIDM00863,2.441361
202284,Afatinib,SIDM01245,1.140959
196761,P22077,SIDM00441,3.87005
202716,Afatinib,SIDM00205,2.7261393333333337
111780,GSK2606414,SIDM00584,3.732139
30518,JQ1,SIDM01042,0.1881913333333333
202205,Afatinib,SIDM00292,3.134847
196688,P22077,SIDM01206,2.114055
196714,P22077,SIDM00537,3.447436
111997,GSK2606414,SIDM00371,3.906255
111754,GSK2606414,SIDM00420,3.930611
202951,Afatinib,SIDM00416,2.033166
202867,Afatinib,SIDM00550,1.780744
15941,GSK269962A,SIDM00954,2.7784146666666665
197282,P22077,SIDM00422,4.327924
30830,JQ1,SIDM00332,3.7372906666666665
196934,P22077,SIDM00569,5.47997
111962,GSK2606414,SIDM00127,4.021645
196583,P22077,SIDM00113,7.969652
73744,AZ960,SIDM01122,3.340345
196437,P22077,SIDM00320,3.739778
111925,GSK2606414,SIDM00427,2.834058
74365,AZ960,SIDM00519,1.401331
111297,GSK2606414,SIDM00269,2.74421
283433,Afatinib,SIDM01120,3.1189265
74549,AZ960,SIDM00406,-0.815508
73720,AZ960,SIDM00905,2.797054
111797,GSK2606414,SIDM00267,3.644823
202592,Afatinib,SIDM00233,1.9830436666666664
197325,P22077,SIDM00216,4.279839
73721,AZ960,SIDM00627,2.791604
202069,Afatinib,SIDM00203,1.8355236666666668
112155,GSK2606414,SIDM00538,4.296271
74489,AZ960,SIDM00043,1.361087
218950,AZD8055,SIDM01090,-0.44789199999999996
202547,Afatinib,SIDM00834,1.7589940000000002
202229,Afatinib,SIDM00120,0.8837033333333334
74518,AZ960,SIDM00688,0.104461
202559,Afatinib,SIDM00252,2.8176590000000004
196885,P22077,SIDM01205,2.680722
202965,Afatinib,SIDM00472,1.3248476666666666
202834,Afatinib,SIDM00104,3.286809
202948,Afatinib,SIDM00422,2.262165
111939,GSK2606414,SIDM00309,3.769658
197108,P22077,SIDM00527,2.827954
112068,GSK2606414,SIDM00042,4.226871
202545,Afatinib,SIDM00835,0.8943410000000002
74132,AZ960,SIDM01092,0.507731
121712,Ribociclib,SIDM00332,3.521047
197269,P22077,SIDM00362,1.655986
202658,Afatinib,SIDM00488,0.70524
16016,GSK269962A,SIDM00562,-0.2017076666666667
202375,Afatinib,SIDM00225,2.8427919999999998
111841,GSK2606414,SIDM00285,3.129301
74368,AZ960,SIDM00114,6.127574
197327,P22077,SIDM00214,4.689196
53652,BI-2536,SIDM00528,1.240399
196730,P22077,SIDM00346,4.532062
111837,GSK2606414,SIDM00543,4.090925
111387,GSK2606414,SIDM00489,3.4003
196935,P22077,SIDM01237,4.122141
197027,P22077,SIDM00732,5.94147
196876,P22077,SIDM01159,6.124193
197279,P22077,SIDM00406,1.126092
197249,P22077,SIDM01011,3.42585
202565,Afatinib,SIDM00424,2.113003
202697,Afatinib,SIDM00732,3.0184619999999995
196536,P22077,SIDM00326,5.353232
74050,AZ960,SIDM00549,1.627786
202553,Afatinib,SIDM00833,2.1079003333333333
196771,P22077,SIDM00562,3.579492
23239,Afatinib,SIDM01187,1.022277
74579,AZ960,SIDM00250,1.953012
73962,AZ960,SIDM00793,3.980346
111936,GSK2606414,SIDM00101,4.496431
121481,Ribociclib,SIDM00528,3.956477
111938,GSK2606414,SIDM00098,3.920094
196514,P22077,SIDM00181,5.733977
202323,Afatinib,SIDM00864,0.2802283333333333
202342,Afatinib,SIDM00227,2.655813
112023,GSK2606414,SIDM00099,5.857106
112001,GSK2606414,SIDM00418,4.753408
73968,AZ960,SIDM00277,-0.812024
214233,RO-3306,SIDM01042,1.4647000000000001
202962,Afatinib,SIDM00967,-2.4507383333333332
196562,P22077,SIDM00145,4.573488
111503,GSK2606414,SIDM00490,4.36117
167292,SB505124,SIDM00826,2.4044696666666665
27189,AZD6482,SIDM00241,-0.11342566666666666
111362,GSK2606414,SIDM01174,5.195368
111766,GSK2606414,SIDM01205,2.879715
74351,AZ960,SIDM00680,3.027271
74469,AZ960,SIDM00583,3.056868
112083,GSK2606414,SIDM00973,3.964002
193105,Axitinib,SIDM00954,2.720701
202067,Afatinib,SIDM00263,1.992229
202707,Afatinib,SIDM00659,2.8348696666666666
74504,AZ960,SIDM00973,2.265693
196383,P22077,SIDM01160,4.91084
202351,Afatinib,SIDM00875,1.2577023333333333
167435,SB505124,SIDM00537,4.239175
197047,P22077,SIDM00205,2.89118
196862,P22077,SIDM00781,6.928123
23068,Afatinib,SIDM00655,1.682211
74243,AZ960,SIDM01197,6.00665
74353,AZ960,SIDM00501,4.881625
196911,P22077,SIDM01248,5.399699
111408,GSK2606414,SIDM00606,4.047187
167432,SB505124,SIDM00541,2.9407523333333336
74337,AZ960,SIDM00621,3.817558
218598,AZD8055,SIDM00885,1.9375035
202662,Afatinib,SIDM00302,2.5230183333333334
111842,GSK2606414,SIDM00243,2.304592
74277,AZ960,SIDM00964,0.668412
74343,AZ960,SIDM00156,1.832296
111907,GSK2606414,SIDM00262,4.339978
202752,Afatinib,SIDM00517,-2.4464846666666666
202721,Afatinib,SIDM00195,2.686905
196441,P22077,SIDM01098,3.367658
74552,AZ960,SIDM00422,-0.219873
168007,SB505124,SIDM00214,2.8316339999999998
167543,SB505124,SIDM01090,2.7639936666666665
74445,AZ960,SIDM00099,2.469136
74263,AZ960,SIDM00540,0.474538
197201,P22077,SIDM00792,3.180114
111349,GSK2606414,SIDM00320,5.154406
74385,AZ960,SIDM00127,2.549198
197095,P22077,SIDM00600,5.322864
202908,Afatinib,SIDM00176,2.373975
246152,GSK269962A,SIDM00528,2.941526
167269,SB505124,SIDM00789,4.790588333333333
74057,AZ960,SIDM00677,2.629074
112003,GSK2606414,SIDM00975,5.302773
202646,Afatinib,SIDM00211,1.8288630000000001
111746,GSK2606414,SIDM00781,5.162652
246075,GSK269962A,SIDM00875,3.06403
202659,Afatinib,SIDM01064,2.3434909999999998
112161,GSK2606414,SIDM00231,3.817436
196874,P22077,SIDM01175,6.990525
202708,Afatinib,SIDM00289,1.7911963333333334
74570,AZ960,SIDM00445,2.460955
73838,AZ960,SIDM00180,0.608721
218676,AZD8055,SIDM00136,0.6001915
197084,P22077,SIDM00114,3.520511
202422,Afatinib,SIDM00677,1.4035803333333332
74278,AZ960,SIDM00935,-0.056163
167576,SB505124,SIDM00781,3.5672726666666663
202601,Afatinib,SIDM01233,2.232569333333333
73813,AZ960,SIDM00970,3.748145
112132,GSK2606414,SIDM00323,2.473701
23622,Afatinib,SIDM00216,0.177181
73711,AZ960,SIDM00269,0.911984
284227,Afatinib,SIDM00508,2.7660165
111489,GSK2606414,SIDM00094,3.916512
202571,Afatinib,SIDM00411,1.801141
218981,AZD8055,SIDM00781,1.3538535
112047,GSK2606414,SIDM00583,4.691187
196495,P22077,SIDM00591,1.867904
197273,P22077,SIDM00448,3.613845
111971,GSK2606414,SIDM00638,3.907913
111662,GSK2606414,SIDM00260,4.048703
197239,P22077,SIDM00176,4.205036
111886,GSK2606414,SIDM00023,4.157498
202390,Afatinib,SIDM01019,1.9638756666666666
196572,P22077,SIDM00091,6.308221
197111,P22077,SIDM00638,4.017644
111670,GSK2606414,SIDM00562,3.186961
202823,Afatinib,SIDM00077,2.749827
202333,Afatinib,SIDM00276,0.658404
196872,P22077,SIDM00837,3.665383
73854,AZ960,SIDM01229,3.690804
111618,GSK2606414,SIDM00537,3.701862
202954,Afatinib,SIDM00969,0.542702
74177,AZ960,SIDM00832,4.521433
73820,AZ960,SIDM00632,-1.349823
73778,AZ960,SIDM01174,5.790213
73757,AZ960,SIDM00719,5.304368
202283,Afatinib,SIDM00490,2.667277666666667
54140,BI-2536,SIDM00631,1.337033
111539,GSK2606414,SIDM00948,3.717952
112082,GSK2606414,SIDM00974,3.80978
218696,AZD8055,SIDM00826,-1.051434
111646,GSK2606414,SIDM00528,4.120633
202720,Afatinib,SIDM00196,1.8464270000000003
207722,Doramapimod,SIDM00885,4.2103225
74226,AZ960,SIDM00287,-0.444428
202917,Afatinib,SIDM01011,2.106185
196869,P22077,SIDM00834,3.337088
202886,Afatinib,SIDM00044,2.638999666666667
196528,P22077,SIDM00367,3.205787
74554,AZ960,SIDM00323,0.889043
111473,GSK2606414,SIDM00841,4.121502
197029,P22077,SIDM00542,6.288673
121509,Ribociclib,SIDM00562,3.178132
111858,GSK2606414,SIDM00592,2.490291
213539,ZM447439,SIDM00971,4.7831995
167689,SB505124,SIDM00488,4.631790333333334
196486,P22077,SIDM00951,3.126975
121634,Ribociclib,SIDM00971,4.654895
202718,Afatinib,SIDM00198,1.484557
202629,Afatinib,SIDM00896,1.2600936666666667
202562,Afatinib,SIDM01205,2.0786703333333336
196639,P22077,SIDM00863,4.896396
74032,AZ960,SIDM00535,1.969182
202510,Afatinib,SIDM00813,2.343469333333333
197224,P22077,SIDM00375,4.88571
111964,GSK2606414,SIDM00551,4.546407
202613,Afatinib,SIDM00569,1.9411776666666665
202729,Afatinib,SIDM00257,2.4256313333333335
196515,P22077,SIDM00180,4.011651
197169,P22077,SIDM00520,6.13655
202379,Afatinib,SIDM00808,1.8368853333333333
202649,Afatinib,SIDM00958,1.8218180000000002
111749,GSK2606414,SIDM00814,2.876305
202938,Afatinib,SIDM01114,2.6538403333333336
196557,P22077,SIDM00121,3.258219
202872,Afatinib,SIDM00792,2.842717
111756,GSK2606414,SIDM01168,3.947575
202448,Afatinib,SIDM00504,1.9864430000000002
111660,GSK2606414,SIDM00388,3.266979
196653,P22077,SIDM00274,4.157796
197233,P22077,SIDM00973,3.602918
197120,P22077,SIDM00137,6.104442
196531,P22077,SIDM01229,2.834349
74403,AZ960,SIDM00137,-0.384013
74228,AZ960,SIDM00962,-0.989035
111464,GSK2606414,SIDM00121,2.587282
74360,AZ960,SIDM00100,3.676335
74446,AZ960,SIDM00154,0.671344
112035,GSK2606414,SIDM00846,3.076002
30638,JQ1,SIDM00562,2.053346
111751,GSK2606414,SIDM00835,4.988554
73765,AZ960,SIDM00293,2.733343
196637,P22077,SIDM00864,5.651968
74280,AZ960,SIDM01064,0.479338
121558,Ribociclib,SIDM00241,3.617627
74173,AZ960,SIDM01168,2.462427
15867,GSK269962A,SIDM00885,2.960499
74115,AZ960,SIDM00758,3.787166
196784,P22077,SIDM00576,5.11244
196973,P22077,SIDM00332,7.16891
111476,GSK2606414,SIDM00096,1.130553
202738,Afatinib,SIDM00501,-0.19535400000000003
196705,P22077,SIDM00612,7.076169
283543,Afatinib,SIDM00180,0.7968235
168010,SB505124,SIDM00498,4.820213
196962,P22077,SIDM00543,5.17446
230631,PF-4708671,SIDM00875,4.5567645
202331,Afatinib,SIDM01047,2.404359
197243,P22077,SIDM00045,1.091332
111844,GSK2606414,SIDM00211,1.099546
121352,Ribociclib,SIDM00954,4.214242
197066,P22077,SIDM00680,6.105712
202065,Afatinib,SIDM01132,2.3044189999999998
74257,AZ960,SIDM00384,-0.270954
219041,AZD8055,SIDM01233,0.164789
111750,GSK2606414,SIDM01155,5.971947
196865,P22077,SIDM00814,4.12983
167271,SB505124,SIDM00136,3.430766
111760,GSK2606414,SIDM00832,4.483776
218985,AZD8055,SIDM00835,2.9260475
208210,Doramapimod,SIDM00332,3.270955
112118,GSK2606414,SIDM00362,2.390327
202608,Afatinib,SIDM00962,1.61104
73919,AZ960,SIDM00490,1.602719
214326,RO-3306,SIDM00528,3.74032
58152,Tozasertib,SIDM00875,3.60901
197242,P22077,SIDM00668,4.719079
197128,P22077,SIDM00465,6.814378
193308,Axitinib,SIDM00241,2.105181
202225,Afatinib,SIDM00326,1.8071563333333334
74212,AZ960,SIDM00233,-1.140623
73836,AZ960,SIDM00182,5.340672
23260,Afatinib,SIDM00285,1.712925
196475,P22077,SIDM00174,5.480765
202413,Afatinib,SIDM00346,1.7861336666666665
202952,Afatinib,SIDM01102,1.5393379999999999
218837,AZD8055,SIDM00534,-0.34209100000000003
202624,Afatinib,SIDM01198,2.128969
58201,Tozasertib,SIDM00971,6.834338
196870,P22077,SIDM00420,5.859183
111635,GSK2606414,SIDM00549,3.359843
196927,P22077,SIDM00287,2.321271
230438,PF-4708671,SIDM00885,3.875483
167591,SB505124,SIDM00832,4.884255333333333
196378,P22077,SIDM00203,4.46601
58571,PF-4708671,SIDM00631,4.624778
74367,AZ960,SIDM00517,3.423706
197136,P22077,SIDM00394,4.423753
202152,Afatinib,SIDM01163,3.295183
58169,Tozasertib,SIDM00528,3.832862
218743,AZD8055,SIDM00954,1.097702
74416,AZ960,SIDM00394,4.78615
74182,AZ960,SIDM00251,1.676233
196981,P22077,SIDM00964,4.82691
111770,GSK2606414,SIDM01183,2.915656
202181,Afatinib,SIDM00188,2.2684236666666666
197146,P22077,SIDM00975,6.244622
74218,AZ960,SIDM00267,4.979356
197052,P22077,SIDM00195,5.736787
196694,P22077,SIDM00808,2.854321
74281,AZ960,SIDM00592,0.279353
111930,GSK2606414,SIDM00501,5.511576
202778,Afatinib,SIDM00527,1.8681816666666666
112136,GSK2606414,SIDM00969,3.353822
196578,P22077,SIDM00003,4.086807
202567,Afatinib,SIDM01183,3.0825139999999998
197300,P22077,SIDM00472,6.670591
202402,Afatinib,SIDM00308,1.3551503333333332
73853,AZ960,SIDM00417,0.854269
112125,GSK2606414,SIDM00389,3.097963
202581,Afatinib,SIDM01247,1.75761
202398,Afatinib,SIDM00537,1.6043423333333333
73864,AZ960,SIDM00783,0.273473
219089,AZD8055,SIDM00332,-0.685108
206176,NU7441,SIDM00562,2.3264205000000002
112175,GSK2606414,SIDM00214,4.196162
121405,Ribociclib,SIDM00875,3.922469
202156,Afatinib,SIDM00885,2.3297326666666667
168009,SB505124,SIDM00193,3.220117
74211,AZ960,SIDM00842,2.788211
202797,Afatinib,SIDM00466,3.925546333333333
111543,GSK2606414,SIDM00864,3.60453
74308,AZ960,SIDM00328,2.925883
202397,Afatinib,SIDM00535,3.5108919999999997
111709,GSK2606414,SIDM00241,2.590943
74303,AZ960,SIDM01093,3.429409
197124,P22077,SIDM00565,5.8502
27117,AZD6482,SIDM00528,1.706811
196436,P22077,SIDM01179,6.109572
74456,AZ960,SIDM00859,-0.303537
111812,GSK2606414,SIDM01237,5.058523
197005,P22077,SIDM00242,3.783681
197050,P22077,SIDM00621,5.533489
197083,P22077,SIDM00517,5.534308
16115,GSK269962A,SIDM00332,3.240161333333333
111595,GSK2606414,SIDM00224,3.498737
219426,AZD8055,SIDM00193,0.07932499999999998
196830,P22077,SIDM00813,3.435672
202568,Afatinib,SIDM00317,3.0265560000000007
197077,P22077,SIDM00098,6.267381
74406,AZ960,SIDM00565,2.796953
74279,AZ960,SIDM00488,1.967567
197232,P22077,SIDM00974,5.434833
202642,Afatinib,SIDM00540,-2.07664
74249,AZ960,SIDM00896,-0.975477
74145,AZ960,SIDM01095,2.573721
74336,AZ960,SIDM00198,1.422168
218990,AZD8055,SIDM00837,-0.6855985
27142,AZD6482,SIDM00562,3.6951669999999996
111759,GSK2606414,SIDM01159,4.273438
111438,GSK2606414,SIDM01229,3.837786
202202,Afatinib,SIDM00181,2.7507253333333335
111993,GSK2606414,SIDM00394,4.001123
202749,Afatinib,SIDM00310,3.126113333333334
202638,Afatinib,SIDM00543,2.480536666666667
197155,P22077,SIDM00929,5.497389
111485,GSK2606414,SIDM00003,3.32064
202500,Afatinib,SIDM00241,-0.336371
202074,Afatinib,SIDM01160,2.4705573333333333
196931,P22077,SIDM00324,4.434708
196985,P22077,SIDM01064,5.388057
74024,AZ960,SIDM00612,2.056503
73885,AZ960,SIDM00145,4.241745
218987,AZD8055,SIDM00834,1.9518625
202977,Afatinib,SIDM00250,-4.111123666666667
74334,AZ960,SIDM00205,1.745558
111911,GSK2606414,SIDM00205,3.492202
202661,Afatinib,SIDM00496,2.825711666666667
111908,GSK2606414,SIDM00201,3.839721
202534,Afatinib,SIDM00379,2.4131406666666666
197305,P22077,SIDM00393,3.026475
193235,Axitinib,SIDM00528,3.4586895
74358,AZ960,SIDM00129,2.195696
218705,AZD8055,SIDM00118,0.014062999999999992
218697,AZD8055,SIDM00841,1.283356
197112,P22077,SIDM00579,2.368127
111553,GSK2606414,SIDM00276,3.814932
193139,Axitinib,SIDM01042,1.6100465
111493,GSK2606414,SIDM00111,4.340199
197011,P22077,SIDM01093,4.001485
121207,Ribociclib,SIDM00885,4.114708
74184,AZ960,SIDM01205,-0.190049
112101,GSK2606414,SIDM01006,3.687244
196597,P22077,SIDM01245,2.386123
111392,GSK2606414,SIDM00190,6.796554
196499,P22077,SIDM00230,5.647758
74195,AZ960,SIDM00971,6.01238
196944,P22077,SIDM01197,5.838486
111740,GSK2606414,SIDM01097,2.961974
112137,GSK2606414,SIDM00968,5.915545
202499,Afatinib,SIDM01140,1.2370199999999998
74163,AZ960,SIDM00781,2.388053
196983,P22077,SIDM00935,4.48734
202189,Afatinib,SIDM00606,1.9800513333333332
74424,AZ960,SIDM00418,5.189018
111448,GSK2606414,SIDM00783,3.71318
111857,GSK2606414,SIDM01064,2.722199
