,Origin_idx,Drug name,Sanger ID,result
0,193454,Axitinib,SIDM00332,3.9022748
1,111880,GSK2606414,SIDM01093,2.788218
2,197019,P22077,SIDM00234,1.7358959
3,202068,Afatinib,SIDM00269,1.8950006
4,196668,P22077,SIDM00596,3.2271538
5,202104,Afatinib,SIDM01122,2.671868
6,213300,ZM447439,SIDM01042,2.0866282
7,168006,SB505124,SIDM00216,2.1572812
8,73859,AZ960,SIDM00326,2.653118
9,74139,AZ960,SIDM00351,1.3328319
10,112144,GSK2606414,SIDM00967,3.6323876
11,202710,Afatinib,SIDM00261,1.6930988
12,202817,Afatinib,SIDM00975,3.2134593
13,111918,GSK2606414,SIDM00259,1.7246466
14,111578,GSK2606414,SIDM00064,2.0946171
15,202617,Afatinib,SIDM01228,1.3450682
16,214548,RO-3306,SIDM00332,3.759276
17,74230,AZ960,SIDM00324,1.8012824
18,247231,SB505124,SIDM01233,3.3106303
19,197307,P22077,SIDM00539,3.2326477
20,111699,GSK2606414,SIDM00758,2.9820857
21,218993,AZD8055,SIDM00833,2.703015
22,74170,AZ960,SIDM00834,3.3237946
23,197196,P22077,SIDM00550,2.33482
24,230849,PF-4708671,SIDM00971,3.8629558
25,74348,AZ960,SIDM00427,0.7801008
26,112034,GSK2606414,SIDM00859,1.3067074
27,202300,Afatinib,SIDM00954,2.1244836
28,111924,GSK2606414,SIDM00256,1.3929021
29,73975,AZ960,SIDM00274,3.8992171
30,167433,SB505124,SIDM00534,2.2833502
31,202991,Afatinib,SIDM00193,3.08206
32,27334,AZD6482,SIDM00332,2.6946309
33,111881,GSK2606414,SIDM00381,2.5163176
34,202262,Afatinib,SIDM00118,2.703934
35,73822,AZ960,SIDM00230,2.6408093
36,73920,AZ960,SIDM01245,0.3455294
37,202893,Afatinib,SIDM00350,0.6861435
38,74545,AZ960,SIDM00374,1.6498475
39,196971,P22077,SIDM00211,1.1115031
40,196542,P22077,SIDM00789,2.6508791
41,73810,AZ960,SIDM00951,-0.054685548
42,230923,PF-4708671,SIDM00332,3.6296184
43,196526,P22077,SIDM01133,2.8023407
44,196966,P22077,SIDM00540,3.5139153
45,202717,Afatinib,SIDM00197,2.1757114
46,196919,P22077,SIDM00267,4.2147217
47,111840,GSK2606414,SIDM00540,2.1254969
48,111923,GSK2606414,SIDM00257,1.4760708
49,74520,AZ960,SIDM01011,1.3691776
50,202543,Afatinib,SIDM00814,0.9626556
51,196890,P22077,SIDM01183,3.3731022
52,74264,AZ960,SIDM00285,1.4350449
53,202837,Afatinib,SIDM00099,5.030267
54,202490,Afatinib,SIDM00758,2.8492408
55,74090,AZ960,SIDM00244,1.3495996
56,111664,GSK2606414,SIDM00561,0.6254557
57,202332,Afatinib,SIDM00277,1.8898768
58,111716,GSK2606414,SIDM01090,2.147727
59,213420,ZM447439,SIDM00562,3.2166338
60,284229,Afatinib,SIDM00668,2.48375
61,73731,AZ960,SIDM01120,3.1698291
62,283740,Afatinib,SIDM00553,1.8203987
63,196569,P22077,SIDM00096,0.5266347
64,112173,GSK2606414,SIDM00216,2.4037802
65,197193,P22077,SIDM00583,3.4275382
66,196657,P22077,SIDM00544,1.7862563
67,196836,P22077,SIDM00351,1.7702849
68,196918,P22077,SIDM00343,4.274268
69,111913,GSK2606414,SIDM00198,2.0635889
70,111815,GSK2606414,SIDM01228,2.9801428
71,111847,GSK2606414,SIDM00958,1.0602552
72,74526,AZ960,SIDM00631,4.446068
73,111317,GSK2606414,SIDM01120,2.6525679
74,74576,AZ960,SIDM00530,2.173934
75,196463,P22077,SIDM01163,4.380104
76,53797,BI-2536,SIDM00971,5.086396
77,74339,AZ960,SIDM00195,2.0771291
78,111602,GSK2606414,SIDM01007,0.8797061
79,74134,AZ960,SIDM00813,1.3092017
80,111758,GSK2606414,SIDM00833,3.2462783
81,74567,AZ960,SIDM00472,3.0061505
82,74193,AZ960,SIDM00411,3.8529966
83,74048,AZ960,SIDM00346,0.7728902
84,202544,Afatinib,SIDM01155,2.8150592
85,202836,Afatinib,SIDM00102,4.362759
86,197217,P22077,SIDM00042,2.8677914
87,202172,Afatinib,SIDM00190,3.4003053
88,111835,GSK2606414,SIDM00384,1.0305748
89,197010,P22077,SIDM00218,4.2427387
90,111616,GSK2606414,SIDM00534,2.611381
91,26986,AZD6482,SIDM00954,2.3823252
92,111404,GSK2606414,SIDM00632,1.4640856
93,202793,Afatinib,SIDM01149,2.2800992
94,197330,P22077,SIDM00498,2.6612031
95,111348,GSK2606414,SIDM01179,3.0403297
96,74572,AZ960,SIDM00393,2.5432398
97,196501,P22077,SIDM00606,2.9742944
98,202126,Afatinib,SIDM00293,3.3232439
99,197215,P22077,SIDM00044,2.3770423
100,202357,Afatinib,SIDM00064,2.3125846
101,74479,AZ960,SIDM00700,4.5609646
102,202129,Afatinib,SIDM00294,2.8582277
103,111472,GSK2606414,SIDM00826,2.6820514
104,111980,GSK2606414,SIDM00137,2.9999683
105,74265,AZ960,SIDM00243,-0.13367258
106,202807,Afatinib,SIDM00394,2.8053796
107,202688,Afatinib,SIDM00328,0.5051804
108,218673,AZD8055,SIDM00783,0.7198306
109,197020,P22077,SIDM00410,1.4929314
110,111722,GSK2606414,SIDM00351,1.0791223
111,202269,Afatinib,SIDM00086,2.8482401
112,111434,GSK2606414,SIDM00367,2.5400708
113,112124,GSK2606414,SIDM00374,1.8232229
114,206294,NU7441,SIDM00971,4.57469
115,74166,AZ960,SIDM00814,1.5424167
116,111546,GSK2606414,SIDM00793,1.6830227
117,111443,GSK2606414,SIDM00326,3.1930974
118,111479,GSK2606414,SIDM00091,4.1575737
119,112133,GSK2606414,SIDM00416,1.4366786
120,74078,AZ960,SIDM00441,0.67624605
121,196904,P22077,SIDM01247,1.6928345
122,74558,AZ960,SIDM00968,1.7006235
123,73809,AZ960,SIDM00953,1.2985721
124,197165,P22077,SIDM00103,3.4249978
125,111940,GSK2606414,SIDM00310,3.0394173
126,111866,GSK2606414,SIDM00721,3.0082684
127,196656,P22077,SIDM00227,3.0346067
128,74569,AZ960,SIDM01041,2.0157185
129,197061,P22077,SIDM00256,1.6454343
130,206149,NU7441,SIDM00528,1.8872215
131,74543,AZ960,SIDM00448,2.2123187
132,197123,P22077,SIDM01149,1.776911
133,202266,Afatinib,SIDM00003,2.847596
134,74077,AZ960,SIDM00260,2.65895
135,74593,AZ960,SIDM00216,1.9549503
136,202233,Afatinib,SIDM00136,2.596081
137,202798,Afatinib,SIDM00465,0.28241935
138,73764,AZ960,SIDM00320,3.192272
139,15957,GSK269962A,SIDM01042,1.5762211
140,196698,P22077,SIDM01007,1.4547075
141,111401,GSK2606414,SIDM00188,3.1297317
142,196640,P22077,SIDM00793,2.2674477
143,111505,GSK2606414,SIDM00900,1.6069146
144,73993,AZ960,SIDM00064,2.2784007
145,202940,Afatinib,SIDM00448,2.7562296
146,111552,GSK2606414,SIDM00277,0.9946334
147,111914,GSK2606414,SIDM00621,2.2273352
148,112165,GSK2606414,SIDM00817,2.7625868
149,202177,Afatinib,SIDM00970,0.68486947
150,208018,Doramapimod,SIDM00562,3.3889115
151,197038,P22077,SIDM00289,0.9928234
152,196856,P22077,SIDM01097,1.8089875
153,111728,GSK2606414,SIDM01095,1.8337369
154,214053,RO-3306,SIDM00885,2.2904487
155,202443,Afatinib,SIDM00260,2.790085
156,112012,GSK2606414,SIDM00929,2.7109697
157,111587,GSK2606414,SIDM00679,2.307739
158,111615,GSK2606414,SIDM00541,2.882407
159,15380,Axitinib,SIDM01187,3.8869877
160,197309,P22077,SIDM00530,2.7748272
161,111572,GSK2606414,SIDM00875,1.8110259
162,197060,P22077,SIDM00257,1.676587
163,112150,GSK2606414,SIDM00445,3.1560798
164,73888,AZ960,SIDM00826,1.9943917
165,74095,AZ960,SIDM00577,2.0507271
166,111579,GSK2606414,SIDM00291,1.8574784
167,111800,GSK2606414,SIDM01233,4.075672
168,111903,GSK2606414,SIDM00289,1.2887428
169,202325,Afatinib,SIDM00863,1.7731712
170,196613,P22077,SIDM00954,2.6798832
171,111856,GSK2606414,SIDM00488,2.6713626
172,196452,P22077,SIDM01174,4.272234
173,74574,AZ960,SIDM00539,2.4960485
174,73710,AZ960,SIDM00263,1.4258693
175,74497,AZ960,SIDM00375,2.2763288
176,202660,Afatinib,SIDM00592,1.4229983
177,74038,AZ960,SIDM00308,1.3225105
178,74319,AZ960,SIDM00542,2.9972088
179,111855,GSK2606414,SIDM00935,1.7771227
180,202691,Afatinib,SIDM00410,2.0593805
181,202724,Afatinib,SIDM00258,2.0607429
182,3748,Tozasertib,SIDM00241,3.4266927
183,74031,AZ960,SIDM00534,1.7162297
184,196987,P22077,SIDM00496,2.364211
185,202271,Afatinib,SIDM00113,2.8088617
186,112075,GSK2606414,SIDM00375,2.5943782
187,197164,P22077,SIDM00104,2.6557264
188,74172,AZ960,SIDM00837,2.4073787
189,111972,GSK2606414,SIDM00579,1.7050767
190,197248,P22077,SIDM00688,1.5596948
191,111554,GSK2606414,SIDM01042,1.5177743
192,111447,GSK2606414,SIDM00120,3.8529472
193,196896,P22077,SIDM00971,5.2963
194,111879,GSK2606414,SIDM00218,5.410449
195,9215,BI-2536,SIDM00954,3.3492274
196,202464,Afatinib,SIDM01145,1.7099665
197,74156,AZ960,SIDM00379,2.4166777
198,73978,AZ960,SIDM00227,2.163191
199,74003,AZ960,SIDM00679,1.8709157
200,73808,AZ960,SIDM00190,3.2994754
201,197048,P22077,SIDM00197,2.910174
202,196855,P22077,SIDM00379,3.0421348
203,202174,Afatinib,SIDM00951,1.4702783
204,202124,Afatinib,SIDM01179,3.178128
205,213466,ZM447439,SIDM00241,2.029068
206,197297,P22077,SIDM00967,4.281995
207,196479,P22077,SIDM00489,3.0037408
208,74541,AZ960,SIDM01114,1.7464485
209,202441,Afatinib,SIDM00388,1.7054609
210,111674,GSK2606414,SIDM00244,0.9251912
211,74361,AZ960,SIDM00098,2.4048584
212,74168,AZ960,SIDM00835,4.432289
213,202656,Afatinib,SIDM00964,-0.5380787
214,111808,GSK2606414,SIDM00324,1.6754596
215,219424,AZD8055,SIDM00214,1.6021137
216,74037,AZ960,SIDM00553,0.74204427
217,74269,AZ960,SIDM00332,3.348125
218,112122,GSK2606414,SIDM00448,2.439615
219,111421,GSK2606414,SIDM00181,2.3776937
220,202895,Afatinib,SIDM00375,2.7485688
221,167460,SB505124,SIDM00677,1.7586669
222,197057,P22077,SIDM00156,2.8279886
223,196430,P22077,SIDM01126,2.9823391
224,283686,Afatinib,SIDM01251,1.7312458
225,3659,Tozasertib,SIDM01042,2.1604486
226,111916,GSK2606414,SIDM00195,2.3461258
227,202849,Afatinib,SIDM00859,1.146954
228,111519,GSK2606414,SIDM00954,2.1760364
229,111822,GSK2606414,SIDM01198,1.0565436
230,74346,AZ960,SIDM00257,1.3379843
231,202573,Afatinib,SIDM00971,3.501887
232,73994,AZ960,SIDM00291,1.9727521
233,196984,P22077,SIDM00488,3.0675154
234,202260,Afatinib,SIDM00091,3.7165678
235,202822,Afatinib,SIDM00491,2.9496536
236,167808,SB505124,SIDM00527,1.8967763
237,202744,Afatinib,SIDM00129,1.7070143
238,73889,AZ960,SIDM00841,3.3269155
239,74447,AZ960,SIDM00520,2.2828748
240,197311,P22077,SIDM00047,2.1859722
241,202910,Afatinib,SIDM00045,1.4251611
242,196513,P22077,SIDM00182,3.3820298
243,74326,AZ960,SIDM00289,0.77500135
244,74259,AZ960,SIDM00543,1.9538124
245,74329,AZ960,SIDM00264,1.8286202
246,202516,Afatinib,SIDM00351,0.6425678
247,202623,Afatinib,SIDM01197,3.2214715
248,111504,GSK2606414,SIDM01245,0.8871972
249,202681,Afatinib,SIDM00218,6.4346323
250,111920,GSK2606414,SIDM00156,2.6156723
251,112092,GSK2606414,SIDM00668,2.0082712
252,74391,AZ960,SIDM00527,1.5961764
253,196769,P22077,SIDM00623,3.536183
254,27601,AZD6482,SIDM00631,3.6778448
255,111796,GSK2606414,SIDM00343,3.7717443
256,73792,AZ960,SIDM00885,2.035671
257,202978,Afatinib,SIDM00231,2.1415875
258,202376,Afatinib,SIDM00224,2.6892636
259,74362,AZ960,SIDM00309,2.4734058
260,197040,P22077,SIDM00261,1.4474852
261,196808,P22077,SIDM00758,3.1615055
262,202875,Afatinib,SIDM00700,5.0922885
263,202344,Afatinib,SIDM01259,1.5818868
264,74085,AZ960,SIDM00562,2.4156492
265,74330,AZ960,SIDM00262,2.1229982
266,202723,Afatinib,SIDM00259,2.0787523
267,16048,GSK269962A,SIDM00241,2.6246305
268,167583,SB505124,SIDM00834,3.6977048
269,196690,P22077,SIDM00225,2.9467978
270,196883,P22077,SIDM00251,3.0325668
271,202746,Afatinib,SIDM00100,4.5584145
272,197276,P22077,SIDM00389,1.2948183
273,196922,P22077,SIDM01233,4.7098026
274,196658,P22077,SIDM01259,1.7351774
275,112156,GSK2606414,SIDM00530,2.1448464
276,202610,Afatinib,SIDM00324,2.475155
277,196574,P22077,SIDM00118,2.8761346
278,74025,AZ960,SIDM01019,1.4769034
279,196882,P22077,SIDM00252,3.980403
280,202747,Afatinib,SIDM00098,2.8938267
281,196387,P22077,SIDM00627,3.648898
282,202946,Afatinib,SIDM00406,0.44117102
283,202570,Afatinib,SIDM00412,0.96159697
284,202125,Afatinib,SIDM00320,3.3018687
285,111593,GSK2606414,SIDM01206,2.141599
286,202541,Afatinib,SIDM00781,3.6127365
287,111753,GSK2606414,SIDM00834,3.7671192
288,202548,Afatinib,SIDM00420,3.0148318
289,111859,GSK2606414,SIDM00496,2.302923
290,112120,GSK2606414,SIDM01114,2.3069146
291,111633,GSK2606414,SIDM00346,0.8438755
292,111717,GSK2606414,SIDM00813,1.6303537
293,111420,GSK2606414,SIDM00182,2.8379653
294,202497,Afatinib,SIDM00364,1.5787164
295,218869,AZD8055,SIDM00528,1.4473078
296,197144,P22077,SIDM00418,4.7905984
297,74510,AZ960,SIDM00176,2.9747345
298,196646,P22077,SIDM00277,0.5391173
299,202508,Afatinib,SIDM01090,2.7676296
300,202790,Afatinib,SIDM00137,3.5734594
301,219356,AZD8055,SIDM00631,3.6368048
302,74444,AZ960,SIDM00102,2.7938948
303,214399,RO-3306,SIDM00241,2.6355393
304,73768,AZ960,SIDM00294,2.422605
305,196888,P22077,SIDM00424,1.4751031
306,111526,GSK2606414,SIDM00923,2.2539017
307,30339,JQ1,SIDM00885,2.8536673
308,197076,P22077,SIDM00100,3.2430885
309,121387,Ribociclib,SIDM01042,2.307276
310,74203,AZ960,SIDM01247,1.0070436
311,74237,AZ960,SIDM01228,2.3724399
312,58303,Tozasertib,SIDM00631,3.9052608
313,196895,P22077,SIDM00316,2.7733376
314,111563,GSK2606414,SIDM00544,2.1139169
315,197280,P22077,SIDM00407,1.1128284
316,111968,GSK2606414,SIDM00527,2.291247
317,197055,P22077,SIDM00258,1.1250069
318,196819,P22077,SIDM01140,1.9822491
319,112024,GSK2606414,SIDM00154,1.3544921
320,73882,AZ960,SIDM00082,2.4274237
321,196938,P22077,SIDM01228,2.917271
322,74018,AZ960,SIDM01007,0.49659708
323,218836,AZD8055,SIDM00541,2.6249602
324,202971,Afatinib,SIDM00483,1.815079
325,202454,Afatinib,SIDM00562,3.032671
326,111739,GSK2606414,SIDM00379,2.3484766
327,202114,Afatinib,SIDM00699,3.1999297
328,202253,Afatinib,SIDM00826,2.8338814
329,202554,Afatinib,SIDM01159,2.7121968
330,196706,P22077,SIDM01019,2.4279747
331,111342,GSK2606414,SIDM00719,3.8534405
332,202389,Afatinib,SIDM00612,5.096966
333,111821,GSK2606414,SIDM01197,3.7254272
334,218995,AZD8055,SIDM00832,2.858412
335,202447,Afatinib,SIDM00532,3.6212785
336,219063,AZD8055,SIDM01197,3.4227738
337,196947,P22077,SIDM01187,4.012861
338,74125,AZ960,SIDM01140,1.3081028
339,197318,P22077,SIDM00817,3.3439097
340,111885,GSK2606414,SIDM00328,2.9928768
341,111481,GSK2606414,SIDM00118,2.4850192
342,202815,Afatinib,SIDM00418,4.878566
343,202838,Afatinib,SIDM00154,1.9202585
344,196820,P22077,SIDM00241,2.4546413
345,202711,Afatinib,SIDM00264,2.531884
346,197049,P22077,SIDM00198,2.3627853
347,73865,AZ960,SIDM00789,2.0038843
348,74335,AZ960,SIDM00197,1.6244929
349,111394,GSK2606414,SIDM00951,0.7516783
350,74457,AZ960,SIDM00846,2.2001207
351,197004,P22077,SIDM00299,3.2876606
352,196586,P22077,SIDM00111,3.5164871
353,202219,Afatinib,SIDM00417,3.187264
354,196582,P22077,SIDM00094,3.5117743
355,74014,AZ960,SIDM00808,0.72137994
356,74426,AZ960,SIDM00975,4.0946927
357,74317,AZ960,SIDM00732,2.1654887
358,197063,P22077,SIDM00427,1.5364444
359,111887,GSK2606414,SIDM00234,1.4379895
360,111755,GSK2606414,SIDM00837,2.4556015
361,112009,GSK2606414,SIDM00077,2.4625309
362,111610,GSK2606414,SIDM01019,1.8656998
363,111642,GSK2606414,SIDM00677,1.9684672
364,74354,AZ960,SIDM00487,1.7137396
365,202730,Afatinib,SIDM00256,2.1395514
366,202130,Afatinib,SIDM01098,2.4020665
367,207991,Doramapimod,SIDM00528,2.4109657
368,202415,Afatinib,SIDM00549,1.95609
369,202915,Afatinib,SIDM00688,2.1036673
370,197012,P22077,SIDM00381,3.6788611
371,230709,PF-4708671,SIDM00528,2.0589626
372,202445,Afatinib,SIDM00561,1.4885151
373,74175,AZ960,SIDM00833,3.1888454
374,111622,GSK2606414,SIDM00553,0.4354443
375,196777,P22077,SIDM00655,1.5635993
376,202551,Afatinib,SIDM01168,4.3815513
377,73817,AZ960,SIDM00188,2.7346032
378,197284,P22077,SIDM00323,2.0770152
379,167586,SB505124,SIDM00837,2.871317
380,74083,AZ960,SIDM00623,2.64472
381,74490,AZ960,SIDM00042,2.700588
382,196673,P22077,SIDM00291,2.6440654
383,196633,P22077,SIDM00948,2.0895913
384,196566,P22077,SIDM00841,4.0197077
385,74011,AZ960,SIDM00224,2.7096748
386,202773,Afatinib,SIDM00551,1.485468
387,111928,GSK2606414,SIDM00680,3.1050346
388,73959,AZ960,SIDM00864,2.468338
389,112097,GSK2606414,SIDM00688,1.3508852
390,197043,P22077,SIDM00266,1.1859311
391,74187,AZ960,SIDM00424,0.68716496
392,196596,P22077,SIDM00490,2.7767968
393,74079,AZ960,SIDM00561,0.22152881
394,111353,GSK2606414,SIDM00294,2.1158156
395,111811,GSK2606414,SIDM00569,2.315544
396,111935,GSK2606414,SIDM00129,1.4069864
397,196713,P22077,SIDM00535,3.8268094
398,202974,Afatinib,SIDM00530,-0.08751643
399,196974,P22077,SIDM00958,1.5575334
400,284263,Afatinib,SIDM00389,1.1584501
401,202593,Afatinib,SIDM00917,1.4212557
402,202247,Afatinib,SIDM00082,3.4988058
403,111762,GSK2606414,SIDM01161,2.4693236
404,74347,AZ960,SIDM00256,1.4021311
405,196424,P22077,SIDM00699,3.312606
406,196988,P22077,SIDM00302,2.7456622
407,74270,AZ960,SIDM00958,0.82890046
408,73763,AZ960,SIDM01179,2.4143174
409,111986,GSK2606414,SIDM00465,3.6653595
410,111529,GSK2606414,SIDM00930,2.489762
411,219172,AZD8055,SIDM00680,1.9119421
412,167293,SB505124,SIDM00841,3.9046977
413,196598,P22077,SIDM00900,1.8439941
414,196760,P22077,SIDM00260,3.3824573
415,111894,GSK2606414,SIDM00732,3.14863
416,74555,AZ960,SIDM00416,1.1335976
417,202582,Afatinib,SIDM00482,1.7003584
418,202808,Afatinib,SIDM00377,4.1675406
419,202887,Afatinib,SIDM00043,0.47553766
420,74571,AZ960,SIDM00444,2.8576505
421,202370,Afatinib,SIDM00599,2.473225
422,74395,AZ960,SIDM00579,1.6180632
423,219175,AZD8055,SIDM00487,1.2805532
424,197179,P22077,SIDM00846,2.414365
425,202507,Afatinib,SIDM01092,2.7130382
426,202216,Afatinib,SIDM00367,2.965537
427,167622,SB505124,SIDM00842,1.4550183
428,112050,GSK2606414,SIDM00550,1.6682332
429,218777,AZD8055,SIDM01042,1.2042732
430,202231,Afatinib,SIDM00789,2.1875715
431,73895,AZ960,SIDM00091,3.5453107
432,111469,GSK2606414,SIDM00145,1.553413
433,196783,P22077,SIDM00577,2.1677575
434,74179,AZ960,SIDM01161,2.124121
435,74124,AZ960,SIDM00364,0.49701115
436,202396,Afatinib,SIDM00534,2.2803757
437,73841,AZ960,SIDM00292,4.2130775
438,74581,AZ960,SIDM00231,2.2524424
439,74286,AZ960,SIDM00056,2.1146274
440,196414,P22077,SIDM01122,2.9625876
441,74332,AZ960,SIDM00202,1.896347
442,197159,P22077,SIDM00199,2.3925905
443,202888,Afatinib,SIDM00042,2.8310585
444,202334,Afatinib,SIDM01042,1.4347858
445,202829,Afatinib,SIDM00199,3.3430102
446,196386,P22077,SIDM00905,2.2608373
447,202970,Afatinib,SIDM00393,0.20103265
448,202955,Afatinib,SIDM00968,3.3510573
449,196397,P22077,SIDM01120,3.3813958
450,202936,Afatinib,SIDM00362,0.61823994
451,202076,Afatinib,SIDM00889,1.4237735
452,202976,Afatinib,SIDM00047,1.622119
453,214353,RO-3306,SIDM00562,2.8142405
454,202753,Afatinib,SIDM00114,2.759847
455,112158,GSK2606414,SIDM00047,2.2878454
456,196893,P22077,SIDM00412,0.6389746
457,111663,GSK2606414,SIDM00441,0.8353049
458,196718,P22077,SIDM00553,1.5424058
459,74364,AZ960,SIDM00311,1.8257682
460,73969,AZ960,SIDM00276,2.137863
461,202119,Afatinib,SIDM01126,2.4679265
462,196968,P22077,SIDM00285,2.1624653
463,112025,GSK2606414,SIDM00520,2.9308317
464,74495,AZ960,SIDM00350,3.474192
465,196530,P22077,SIDM00417,3.523782
466,74033,AZ960,SIDM00537,1.8441252
467,74267,AZ960,SIDM00211,0.770122
468,74080,AZ960,SIDM00438,1.720727
469,196666,P22077,SIDM00875,2.3734262
470,111551,GSK2606414,SIDM01047,1.0921928
471,74432,AZ960,SIDM00077,2.0430455
472,74443,AZ960,SIDM00103,2.0995128
473,74595,AZ960,SIDM00214,2.3110883
474,202699,Afatinib,SIDM00542,3.340996
475,202648,Afatinib,SIDM00332,3.6082432
476,202577,Afatinib,SIDM00584,3.306155
477,196541,P22077,SIDM00783,2.1556678
478,196828,P22077,SIDM01090,2.7766483
479,111790,GSK2606414,SIDM00842,1.6880269
480,111305,GSK2606414,SIDM00889,2.098983
481,202782,Afatinib,SIDM00579,1.4271932
482,74190,AZ960,SIDM00317,4.62201
483,73906,AZ960,SIDM00113,5.362281
484,196440,P22077,SIDM00294,3.297654
485,111775,GSK2606414,SIDM00316,2.803064
486,197222,P22077,SIDM00350,3.6773708
487,30756,JQ1,SIDM00971,5.692445
488,218674,AZD8055,SIDM00789,1.1662917
489,202864,Afatinib,SIDM00583,2.8840373
490,74298,AZ960,SIDM00242,1.9592284
491,27040,AZD6482,SIDM00875,1.8463535
492,202972,Afatinib,SIDM00539,1.8165362
493,193262,Axitinib,SIDM00562,2.835478
494,196842,P22077,SIDM01095,1.9785417
495,197285,P22077,SIDM00416,1.8258541
496,73989,AZ960,SIDM00596,3.5397508
497,73824,AZ960,SIDM00606,2.6143086
498,202167,Afatinib,SIDM00489,0.5726159
499,111909,GSK2606414,SIDM00202,2.1298592
500,197231,P22077,SIDM00976,2.7447917
501,111905,GSK2606414,SIDM00261,0.8964989
502,246296,GSK269962A,SIDM00971,4.608019
503,111783,GSK2606414,SIDM00482,1.4400146
504,3820,Tozasertib,SIDM00332,3.414933
505,213393,ZM447439,SIDM00528,1.6874225
506,111406,GSK2606414,SIDM00230,2.0250363
507,202811,Afatinib,SIDM00371,4.2077765
508,196544,P22077,SIDM00136,3.468161
509,218864,AZD8055,SIDM00677,0.91977143
510,112130,GSK2606414,SIDM00422,2.0795767
511,196914,P22077,SIDM00917,1.795227
512,196743,P22077,SIDM00528,2.389366
513,196913,P22077,SIDM00233,1.2716756
514,74597,AZ960,SIDM00193,2.1318593
515,112152,GSK2606414,SIDM00393,2.866924
516,73961,AZ960,SIDM00863,0.85839456
517,202220,Afatinib,SIDM01229,2.2900412
518,196776,P22077,SIDM00244,1.3538172
519,74213,AZ960,SIDM00917,1.0447778
520,206057,NU7441,SIDM01042,0.1515783
521,202712,Afatinib,SIDM00262,2.5891616
522,111941,GSK2606414,SIDM00311,2.4889417
523,74133,AZ960,SIDM01090,1.3318644
524,196672,P22077,SIDM00064,2.481386
525,202682,Afatinib,SIDM01093,2.8023162
526,74204,AZ960,SIDM00482,0.968976
527,202947,Afatinib,SIDM00407,0.8536363
528,196992,P22077,SIDM00056,2.9519935
529,202343,Afatinib,SIDM00544,2.5714462
530,214472,RO-3306,SIDM00971,4.552079
531,112154,GSK2606414,SIDM00539,3.2290068
532,197286,P22077,SIDM01102,1.6970973
533,112021,GSK2606414,SIDM00103,3.098333
534,111915,GSK2606414,SIDM00196,1.6472216
535,111774,GSK2606414,SIDM00411,3.3713124
536,74341,AZ960,SIDM00259,1.574209
537,202715,Afatinib,SIDM00202,2.904402
538,202657,Afatinib,SIDM00935,-0.008843435
539,73955,AZ960,SIDM00948,1.1168237
540,73987,AZ960,SIDM00875,0.9108607
541,23287,Afatinib,SIDM00721,2.5951436
542,202348,Afatinib,SIDM01073,2.1154296
543,73880,AZ960,SIDM00121,0.5208087
544,202967,Afatinib,SIDM01041,2.4080303
545,213615,ZM447439,SIDM00332,2.524093
546,73867,AZ960,SIDM00136,2.093113
547,196489,P22077,SIDM00970,2.729729
548,74167,AZ960,SIDM01155,3.0216534
549,111827,GSK2606414,SIDM00896,0.51124924
550,111679,GSK2606414,SIDM00577,2.4256577
551,196986,P22077,SIDM00592,2.737636
552,218839,AZD8055,SIDM00537,1.0903075
553,73942,AZ960,SIDM00923,2.6277192
554,202992,Afatinib,SIDM00498,2.8544507
555,111298,GSK2606414,SIDM00203,1.928235
556,213266,ZM447439,SIDM00954,1.7972755
557,73967,AZ960,SIDM01047,0.9009847
558,202462,Afatinib,SIDM01146,2.354801
559,196827,P22077,SIDM01092,2.6625726
560,196873,P22077,SIDM01168,4.115057
561,73850,AZ960,SIDM00367,1.6839794
562,202245,Afatinib,SIDM00121,1.5583535
563,73892,AZ960,SIDM00096,0.32954857
564,74578,AZ960,SIDM00047,2.25254
565,196782,P22077,SIDM01145,1.1031368
566,197168,P22077,SIDM00154,1.4190689
567,230613,PF-4708671,SIDM01042,1.858408
568,202665,Afatinib,SIDM00056,2.473719
569,208136,Doramapimod,SIDM00971,4.7811384
570,111708,GSK2606414,SIDM00364,0.7544074
571,202373,Afatinib,SIDM01206,2.4553976
572,111559,GSK2606414,SIDM00274,3.3165545
573,202183,Afatinib,SIDM00591,-0.071459115
574,74199,AZ960,SIDM00584,3.4678733
575,202968,Afatinib,SIDM00445,1.4890425
576,202444,Afatinib,SIDM00441,1.9155974
577,73837,AZ960,SIDM00181,2.4986527
578,9323,BI-2536,SIDM00241,3.7764676
579,202726,Afatinib,SIDM00156,2.7881296
580,197069,P22077,SIDM00487,2.1096547
581,111854,GSK2606414,SIDM00964,1.54123
582,219099,AZD8055,SIDM00488,2.024752
583,30685,JQ1,SIDM00241,1.5963762
584,202839,Afatinib,SIDM00520,3.2557707
585,73909,AZ960,SIDM00111,2.368686
586,112178,GSK2606414,SIDM00498,2.7302663
587,111350,GSK2606414,SIDM00293,2.2172928
588,202597,Afatinib,SIDM00343,3.785305
589,111307,GSK2606414,SIDM00627,2.0171943
590,197041,P22077,SIDM00264,2.1581392
591,219214,AZD8055,SIDM00527,1.4411035
592,73904,AZ960,SIDM00086,2.543936
593,197127,P22077,SIDM00466,5.649476
594,197017,P22077,SIDM00328,3.5385525
595,27261,AZD6482,SIDM00971,4.4352307
596,74075,AZ960,SIDM00388,0.6487121
597,196900,P22077,SIDM00584,3.5545566
598,196817,P22077,SIDM00364,0.9540173
599,74061,AZ960,SIDM00528,1.9141738
600,74338,AZ960,SIDM00196,1.4098628
601,112149,GSK2606414,SIDM01041,2.2152696
602,74539,AZ960,SIDM00362,0.21337934
603,202739,Afatinib,SIDM00487,0.08727001
604,73788,AZ960,SIDM01163,4.0091443
605,112147,GSK2606414,SIDM00472,3.2123265
606,74378,AZ960,SIDM00600,1.1868
607,74431,AZ960,SIDM00491,2.5166774
608,202923,Afatinib,SIDM00631,1.5001642
609,74235,AZ960,SIDM00810,0.60461897
610,112081,GSK2606414,SIDM00976,2.762695
611,73980,AZ960,SIDM01259,0.98969835
612,202598,Afatinib,SIDM00267,0.68765956
613,111902,GSK2606414,SIDM00659,3.0925825
614,202736,Afatinib,SIDM00680,2.550946
615,74513,AZ960,SIDM00668,1.5708005
616,111942,GSK2606414,SIDM00519,3.11824
617,202615,Afatinib,SIDM00810,1.8228111
618,74194,AZ960,SIDM00316,2.1943927
619,196467,P22077,SIDM00885,3.3174527
620,111805,GSK2606414,SIDM00287,0.56671983
621,74221,AZ960,SIDM01233,4.242406
622,196960,P22077,SIDM00384,0.987449
623,74409,AZ960,SIDM00465,3.7387316
624,167589,SB505124,SIDM00833,3.2853596
625,202950,Afatinib,SIDM00323,2.3815134
626,202572,Afatinib,SIDM00316,3.0306995
627,202326,Afatinib,SIDM00793,2.161293
628,111490,GSK2606414,SIDM00113,5.191226
629,197045,P22077,SIDM00202,1.9884927
630,202714,Afatinib,SIDM00201,1.4061694
631,202185,Afatinib,SIDM00632,2.043697
632,111562,GSK2606414,SIDM00227,3.3131986
633,111422,GSK2606414,SIDM00180,2.8047621
634,111376,GSK2606414,SIDM00885,2.4460633
635,196894,P22077,SIDM00411,4.0859737
636,196497,P22077,SIDM00632,1.9384212
637,230780,PF-4708671,SIDM00241,2.2168138
638,111617,GSK2606414,SIDM00535,3.4843185
639,111449,GSK2606414,SIDM00789,1.9977297
640,73717,AZ960,SIDM01160,2.4091408
641,208063,Doramapimod,SIDM00241,2.7510812
642,111792,GSK2606414,SIDM00917,1.301403
643,167268,SB505124,SIDM00783,1.6248493
644,202446,Afatinib,SIDM00438,2.559491
645,112089,GSK2606414,SIDM00176,2.7078993
646,111383,GSK2606414,SIDM00174,1.9428805
647,197054,P22077,SIDM00259,1.9142185
648,112153,GSK2606414,SIDM00483,3.7362864
649,202776,Afatinib,SIDM01220,2.8577106
650,196945,P22077,SIDM01198,1.6717666
651,74009,AZ960,SIDM01206,1.133555
652,74575,AZ960,SIDM00538,1.229833
653,202395,Afatinib,SIDM00541,1.706526
654,167766,SB505124,SIDM00680,2.7824256
655,111623,GSK2606414,SIDM00308,1.2384744
656,112159,GSK2606414,SIDM00250,2.8460824
657,112151,GSK2606414,SIDM00444,2.6573298
658,196385,P22077,SIDM00889,2.1133387
659,74126,AZ960,SIDM00241,2.5914986
660,214199,RO-3306,SIDM00954,2.2456174
661,41042,AZD8055,SIDM00216,1.48092
662,111776,GSK2606414,SIDM00971,4.2147245
663,111931,GSK2606414,SIDM00487,1.8564754
664,196866,P22077,SIDM01155,3.1978793
665,111294,GSK2606414,SIDM01132,1.8873715
666,112067,GSK2606414,SIDM00043,2.0482843
667,196711,P22077,SIDM00541,3.62659
668,111945,GSK2606414,SIDM00114,3.9020908
669,197167,P22077,SIDM00099,4.6163945
670,196685,P22077,SIDM00599,1.9234936
671,74472,AZ960,SIDM00550,1.7719971
672,111875,GSK2606414,SIDM00242,1.8571788
673,111568,GSK2606414,SIDM01251,1.1010903
674,197075,P22077,SIDM00101,3.2857807
675,111393,GSK2606414,SIDM00953,1.5810444
676,202552,Afatinib,SIDM01175,4.709695
677,112105,GSK2606414,SIDM00631,3.3122766
678,196867,P22077,SIDM00835,4.339051
679,196875,P22077,SIDM00833,3.5540063
680,196682,P22077,SIDM00679,3.0770094
681,167769,SB505124,SIDM00487,2.2728767
682,74176,AZ960,SIDM01159,2.9927933
683,111906,GSK2606414,SIDM00264,2.5528295
684,230735,PF-4708671,SIDM00562,2.6647756
685,230581,PF-4708671,SIDM00954,2.1979105
686,218896,AZD8055,SIDM00562,2.0160117
687,196952,P22077,SIDM00896,1.4587593
688,111590,GSK2606414,SIDM00599,1.5519087
689,202459,Afatinib,SIDM00244,0.6303489
690,73979,AZ960,SIDM00544,0.9037497
691,111896,GSK2606414,SIDM00542,2.6421535
692,26845,AZD6482,SIDM00885,2.350663
693,74585,AZ960,SIDM00817,2.7630105
694,202077,Afatinib,SIDM00905,1.9778926
695,202116,Afatinib,SIDM00719,4.0131016
696,196663,P22077,SIDM01073,2.0194738
697,9231,BI-2536,SIDM01042,2.2792218
698,111488,GSK2606414,SIDM00086,2.931029
699,73803,AZ960,SIDM00489,2.3647554
700,202078,Afatinib,SIDM00627,0.7440966
701,205879,NU7441,SIDM00885,1.3990428
702,202274,Afatinib,SIDM00111,3.6944048
703,167301,SB505124,SIDM00118,1.8234429
704,30536,JQ1,SIDM00875,1.9105587
705,196764,P22077,SIDM00532,3.2626085
706,197312,P22077,SIDM00250,3.2771482
707,73970,AZ960,SIDM01042,2.0508149
708,23252,Afatinib,SIDM00384,2.5626128
709,111863,GSK2606414,SIDM00056,2.787923
710,202748,Afatinib,SIDM00309,3.441098
711,197044,P22077,SIDM00201,1.734324
712,197304,P22077,SIDM00444,3.3719232
713,111466,GSK2606414,SIDM00082,2.8771217
714,74417,AZ960,SIDM00377,2.9330165
715,193380,Axitinib,SIDM00971,4.78216
716,197271,P22077,SIDM01114,2.3699105
717,30613,JQ1,SIDM00528,1.6326821
718,202606,Afatinib,SIDM00287,1.2546558
719,74331,AZ960,SIDM00201,1.0835962
720,219031,AZD8055,SIDM00842,0.3697296
721,111451,GSK2606414,SIDM00136,3.0934727
722,193729,Axitinib,SIDM00631,4.103886
723,202904,Afatinib,SIDM00973,2.2713728
724,202969,Afatinib,SIDM00444,2.1457179
725,196763,P22077,SIDM00438,2.6846225
726,202781,Afatinib,SIDM00638,2.1194565
727,207918,Doramapimod,SIDM00875,2.2582846
728,111303,GSK2606414,SIDM01160,3.015354
729,202555,Afatinib,SIDM00832,3.376051
730,202285,Afatinib,SIDM00900,1.5941164
731,202644,Afatinib,SIDM00243,2.4614742
732,196645,P22077,SIDM01047,2.056181
733,112016,GSK2606414,SIDM00199,2.6207345
734,246636,GSK269962A,SIDM00631,3.8538902
735,197306,P22077,SIDM00483,3.91697
736,74289,AZ960,SIDM00721,2.9707482
737,196879,P22077,SIDM01161,2.3620324
738,192963,Axitinib,SIDM00885,2.4274113
739,202383,Afatinib,SIDM01007,1.2316453
740,197042,P22077,SIDM00262,3.0788245
741,111598,GSK2606414,SIDM00808,1.048672
742,111771,GSK2606414,SIDM00317,5.30149
743,197104,P22077,SIDM00551,2.6594825
744,74192,AZ960,SIDM00412,0.56643075
745,196485,P22077,SIDM00953,2.4267216
746,197290,P22077,SIDM00968,3.0911827
747,202675,Afatinib,SIDM00299,3.6677296
748,74394,AZ960,SIDM00638,2.534964
749,74325,AZ960,SIDM00659,2.8305397
750,111437,GSK2606414,SIDM00417,2.4545436
751,112073,GSK2606414,SIDM00350,2.870093
752,74233,AZ960,SIDM00569,2.4151468
753,111813,GSK2606414,SIDM00810,1.412235
754,74550,AZ960,SIDM00407,0.6062953
755,196929,P22077,SIDM00962,1.1705645
756,74573,AZ960,SIDM00483,3.9777737
757,196969,P22077,SIDM00243,1.2723842
758,193157,Axitinib,SIDM00875,2.156796
759,202141,Afatinib,SIDM01174,4.0203443
760,74328,AZ960,SIDM00261,0.7300042
761,213318,ZM447439,SIDM00875,0.7563295
762,74157,AZ960,SIDM01097,1.484043
763,197051,P22077,SIDM00196,1.4019253
764,196912,P22077,SIDM00842,1.628722
765,196374,P22077,SIDM01132,2.2626066
766,74546,AZ960,SIDM00389,0.25315922
767,202254,Afatinib,SIDM00841,4.33422
768,196691,P22077,SIDM00224,2.640343
769,196518,P22077,SIDM00292,4.9219847
770,214251,RO-3306,SIDM00875,1.6799026
771,196662,P22077,SIDM01251,1.2709539
772,73754,AZ960,SIDM00699,2.8143125
773,202989,Afatinib,SIDM00214,2.0066538
774,202230,Afatinib,SIDM00783,2.265065
775,197302,P22077,SIDM01041,2.748769
776,196623,P22077,SIDM00930,2.1715724
777,74030,AZ960,SIDM00541,2.8151166
778,74302,AZ960,SIDM00218,4.5536375
779,111574,GSK2606414,SIDM00596,3.3712144
780,111944,GSK2606414,SIDM00517,3.0553634
781,197289,P22077,SIDM00969,2.138889
782,202850,Afatinib,SIDM00846,2.5667698
783,202713,Afatinib,SIDM00266,1.9669783
784,202201,Afatinib,SIDM00182,2.8422313
785,202214,Afatinib,SIDM01133,2.3027248
786,3573,Tozasertib,SIDM00885,3.218722
787,202550,Afatinib,SIDM00837,0.7877878
788,196765,P22077,SIDM00504,2.5568867
789,30482,JQ1,SIDM00954,2.907281
790,202764,Afatinib,SIDM00600,2.2162845
791,196648,P22077,SIDM01042,2.2105143
792,202732,Afatinib,SIDM00427,1.931288
793,196719,P22077,SIDM00308,2.1805704
794,213120,ZM447439,SIDM00885,2.0609016
795,197308,P22077,SIDM00538,2.696415
796,73901,AZ960,SIDM00003,1.6730912
797,112057,GSK2606414,SIDM00700,4.7753534
798,111773,GSK2606414,SIDM00412,0.87979525
799,74557,AZ960,SIDM00969,1.9476943
800,197037,P22077,SIDM00659,3.0920033
801,111609,GSK2606414,SIDM00612,4.229804
802,112022,GSK2606414,SIDM00102,4.001475
803,74282,AZ960,SIDM00496,1.667582
804,207901,Doramapimod,SIDM01042,1.9937239
805,74359,AZ960,SIDM00101,2.640434
806,167652,SB505124,SIDM01197,3.6320899
807,202250,Afatinib,SIDM00145,1.7726966
808,73921,AZ960,SIDM00900,1.3245213
809,202452,Afatinib,SIDM00623,2.997249
810,73712,AZ960,SIDM00203,1.6726806
811,111306,GSK2606414,SIDM00905,1.917186
812,196620,P22077,SIDM00923,2.776977
813,111715,GSK2606414,SIDM01092,2.3524554
814,196732,P22077,SIDM00549,1.3750502
815,111846,GSK2606414,SIDM00332,3.851465
816,74363,AZ960,SIDM00310,3.054915
817,202614,Afatinib,SIDM01237,4.1980968
818,202466,Afatinib,SIDM00576,2.813982
819,202689,Afatinib,SIDM00023,1.3029628
820,111912,GSK2606414,SIDM00197,1.7745762
821,111668,GSK2606414,SIDM00623,2.7219841
822,73799,AZ960,SIDM00174,2.402321
823,214821,RO-3306,SIDM00631,3.9699802
824,74171,AZ960,SIDM00420,2.2208033
825,73905,AZ960,SIDM00094,3.3657434
826,197251,P22077,SIDM01006,2.305778
827,74304,AZ960,SIDM00381,2.8142684
828,74244,AZ960,SIDM01198,0.8741524
829,202557,Afatinib,SIDM01161,3.1721082
830,202521,Afatinib,SIDM01095,1.6929779
831,197166,P22077,SIDM00102,3.8327487
832,111339,GSK2606414,SIDM00699,2.8180568
833,111955,GSK2606414,SIDM00600,1.7632848
834,111569,GSK2606414,SIDM01073,2.074907
835,3643,Tozasertib,SIDM00954,2.9352837
836,111677,GSK2606414,SIDM01146,2.0437937
837,202319,Afatinib,SIDM00948,1.8029524
838,111791,GSK2606414,SIDM00233,0.802996
839,202794,Afatinib,SIDM00565,2.0147412
840,111397,GSK2606414,SIDM00970,2.2614298
841,74006,AZ960,SIDM00599,1.4243112
842,218942,AZD8055,SIDM00241,2.1772673
843,206222,NU7441,SIDM00241,2.2725437
844,74310,AZ960,SIDM00234,1.5038612
845,202353,Afatinib,SIDM00596,3.6160727
846,74387,AZ960,SIDM00551,2.2723382
847,196891,P22077,SIDM00317,4.718501
848,202339,Afatinib,SIDM00274,1.4300268
849,202825,Afatinib,SIDM00929,4.6796103
850,74189,AZ960,SIDM01183,2.5310798
851,74174,AZ960,SIDM01175,4.959874
852,202590,Afatinib,SIDM01248,3.6133115
853,196762,P22077,SIDM00561,0.75317717
854,196758,P22077,SIDM00388,1.5490522
855,9291,BI-2536,SIDM00562,3.7049844
856,112134,GSK2606414,SIDM01102,1.5925367
857,202719,Afatinib,SIDM00621,3.2072225
858,202690,Afatinib,SIDM00234,2.167733
859,202427,Afatinib,SIDM00528,1.194597
860,202771,Afatinib,SIDM00127,0.22848636
861,3716,Tozasertib,SIDM00562,3.374906
862,111937,GSK2606414,SIDM00100,3.7859223
863,284076,Afatinib,SIDM00311,2.5700133
864,202676,Afatinib,SIDM00242,1.9320965
865,112020,GSK2606414,SIDM00104,2.8528867
866,202173,Afatinib,SIDM00953,1.9870405
867,202683,Afatinib,SIDM00381,2.0122502
868,202307,Afatinib,SIDM00923,1.4880077
869,197068,P22077,SIDM00501,3.3026693
870,74234,AZ960,SIDM01237,4.6400456
871,73945,AZ960,SIDM00930,2.1661482
872,202919,Afatinib,SIDM01006,2.3181155
873,202270,Afatinib,SIDM00094,2.912373
874,202367,Afatinib,SIDM00679,2.1688883
875,111296,GSK2606414,SIDM00263,1.7202108
876,74598,AZ960,SIDM00498,2.3381345
877,73863,AZ960,SIDM00120,3.9049628
878,112128,GSK2606414,SIDM00406,0.48142657
879,202745,Afatinib,SIDM00101,3.8284461
880,202309,Afatinib,SIDM00930,2.91855
881,111372,GSK2606414,SIDM01163,3.9250317
882,202560,Afatinib,SIDM00251,2.4491913
883,197303,P22077,SIDM00445,4.1337757
884,202163,Afatinib,SIDM00174,1.3369117
885,197102,P22077,SIDM00127,3.4864495
886,111757,GSK2606414,SIDM01175,4.28335
887,196540,P22077,SIDM00120,4.0597363
888,202358,Afatinib,SIDM00291,2.97197
889,74420,AZ960,SIDM00371,3.5996706
890,9143,BI-2536,SIDM00885,3.6492946
891,73719,AZ960,SIDM00889,1.922765
892,219427,AZD8055,SIDM00498,1.8502749
893,73708,AZ960,SIDM01132,1.5454674
894,196647,P22077,SIDM00276,2.6302314
895,197152,P22077,SIDM00077,2.7717168
896,111983,GSK2606414,SIDM00565,2.937312
897,112099,GSK2606414,SIDM01011,1.1415099
898,196377,P22077,SIDM00269,1.3509326
899,111994,GSK2606414,SIDM00377,3.148576
900,219013,AZD8055,SIDM00971,4.07288
901,197240,P22077,SIDM00508,2.7708337
902,202465,Afatinib,SIDM00577,2.9248765
903,196780,P22077,SIDM01146,2.4790823
904,111425,GSK2606414,SIDM00292,4.076267
905,74503,AZ960,SIDM00976,1.7450564
906,112008,GSK2606414,SIDM00491,2.689471
907,202973,Afatinib,SIDM00538,3.4785476
908,206024,NU7441,SIDM00954,2.0275364
909,202187,Afatinib,SIDM00230,2.547485
910,197140,P22077,SIDM00371,3.3888576
911,197151,P22077,SIDM00491,3.1264398
912,74522,AZ960,SIDM01006,1.3345246
913,73897,AZ960,SIDM00118,1.5589819
914,74093,AZ960,SIDM01146,1.1938206
915,112177,GSK2606414,SIDM00193,2.9501078
916,111564,GSK2606414,SIDM01259,1.4613699
917,207867,Doramapimod,SIDM00954,2.1009715
918,167581,SB505124,SIDM00835,4.02628
919,74217,AZ960,SIDM00343,4.0954084
920,202750,Afatinib,SIDM00519,2.9774387
921,74309,AZ960,SIDM00023,3.568738
922,197137,P22077,SIDM00377,2.930562
923,196559,P22077,SIDM00082,3.446213
924,202835,Afatinib,SIDM00103,3.2412517
925,196565,P22077,SIDM00826,3.7146304
926,111665,GSK2606414,SIDM00438,2.2368982
927,73935,AZ960,SIDM00954,2.221132
928,111330,GSK2606414,SIDM01122,2.4340634
929,197275,P22077,SIDM00374,2.3474407
930,202535,Afatinib,SIDM01097,1.8319362
931,206075,NU7441,SIDM00875,2.1719835
932,74442,AZ960,SIDM00104,2.3800075
933,218795,AZD8055,SIDM00875,0.8358583
934,74435,AZ960,SIDM00929,2.4146237
935,196877,P22077,SIDM00832,4.167304
936,202982,Afatinib,SIDM00817,2.6219566
937,206370,NU7441,SIDM00332,3.0527117
938,202257,Afatinib,SIDM00096,1.6980748
939,202943,Afatinib,SIDM00374,2.504599
940,202902,Afatinib,SIDM00976,3.0789979
941,202591,Afatinib,SIDM00842,1.929507
942,27022,AZD6482,SIDM01042,1.3311135
943,111545,GSK2606414,SIDM00863,1.6726186
944,202284,Afatinib,SIDM01245,1.6335144
945,196761,P22077,SIDM00441,1.0569711
946,202716,Afatinib,SIDM00205,1.6430153
947,111780,GSK2606414,SIDM00584,3.133166
948,30518,JQ1,SIDM01042,-0.44168538
949,202205,Afatinib,SIDM00292,4.2834616
950,196688,P22077,SIDM01206,1.6451156
951,196714,P22077,SIDM00537,2.8219085
952,111997,GSK2606414,SIDM00371,3.4908774
953,111754,GSK2606414,SIDM00420,2.6747394
954,202951,Afatinib,SIDM00416,2.200932
955,202867,Afatinib,SIDM00550,1.7541726
956,15941,GSK269962A,SIDM00954,2.3373296
957,197282,P22077,SIDM00422,2.8485992
958,30830,JQ1,SIDM00332,3.7850077
959,196934,P22077,SIDM00569,2.4373183
960,111962,GSK2606414,SIDM00127,2.6456268
961,196583,P22077,SIDM00113,5.0901375
962,73744,AZ960,SIDM01122,2.5780213
963,196437,P22077,SIDM00320,3.9814243
964,111925,GSK2606414,SIDM00427,1.4411175
965,74365,AZ960,SIDM00519,2.9927218
966,111297,GSK2606414,SIDM00269,1.0284032
967,283433,Afatinib,SIDM01120,3.117039
968,74549,AZ960,SIDM00406,-0.20883134
969,73720,AZ960,SIDM00905,1.6416982
970,111797,GSK2606414,SIDM00267,2.868733
971,202592,Afatinib,SIDM00233,1.3740869
972,197325,P22077,SIDM00216,3.0902355
973,73721,AZ960,SIDM00627,2.6031668
974,202069,Afatinib,SIDM00203,2.241526
975,112155,GSK2606414,SIDM00538,2.8464808
976,74489,AZ960,SIDM00043,1.5029099
977,218950,AZD8055,SIDM01090,1.1122025
978,202547,Afatinib,SIDM00834,2.3161638
979,202229,Afatinib,SIDM00120,3.764788
980,74518,AZ960,SIDM00688,0.46745768
981,202559,Afatinib,SIDM00252,2.5820196
982,196885,P22077,SIDM01205,1.3532035
983,202965,Afatinib,SIDM00472,2.688246
984,202834,Afatinib,SIDM00104,3.0515845
985,202948,Afatinib,SIDM00422,2.4275348
986,111939,GSK2606414,SIDM00309,2.731025
987,197108,P22077,SIDM00527,2.2493155
988,112068,GSK2606414,SIDM00042,2.5464725
989,202545,Afatinib,SIDM00835,3.2579153
990,74132,AZ960,SIDM01092,2.0955966
991,121712,Ribociclib,SIDM00332,2.8583944
992,197269,P22077,SIDM00362,0.8228375
993,202658,Afatinib,SIDM00488,2.0237243
994,16016,GSK269962A,SIDM00562,3.4346523
995,202375,Afatinib,SIDM00225,3.122617
996,111841,GSK2606414,SIDM00285,1.9263082
997,74368,AZ960,SIDM00114,3.662528
998,197327,P22077,SIDM00214,3.1186945
999,53652,BI-2536,SIDM00528,2.8614516
1000,196730,P22077,SIDM00346,1.523243
1001,111837,GSK2606414,SIDM00543,2.0275226
1002,111387,GSK2606414,SIDM00489,2.6242423
1003,196935,P22077,SIDM01237,4.2403975
1004,197027,P22077,SIDM00732,2.8886023
1005,196876,P22077,SIDM01159,3.0850697
1006,197279,P22077,SIDM00406,0.1958418
1007,197249,P22077,SIDM01011,1.6149731
1008,202565,Afatinib,SIDM00424,1.2652946
1009,202697,Afatinib,SIDM00732,3.8621852
1010,196536,P22077,SIDM00326,3.1215882
1011,74050,AZ960,SIDM00549,0.9397726
1012,202553,Afatinib,SIDM00833,3.2629302
1013,196771,P22077,SIDM00562,3.0137486
1014,23239,Afatinib,SIDM01187,3.0280812
1015,74579,AZ960,SIDM00250,2.7024877
1016,73962,AZ960,SIDM00793,1.427362
1017,111936,GSK2606414,SIDM00101,3.6415493
1018,121481,Ribociclib,SIDM00528,2.6437647
1019,111938,GSK2606414,SIDM00098,2.5735874
1020,196514,P22077,SIDM00181,2.838637
1021,202323,Afatinib,SIDM00864,1.9107261
1022,202342,Afatinib,SIDM00227,3.6739013
1023,112023,GSK2606414,SIDM00099,5.089266
1024,112001,GSK2606414,SIDM00418,4.816247
1025,73968,AZ960,SIDM00277,0.6059579
1026,214233,RO-3306,SIDM01042,2.1724813
1027,202962,Afatinib,SIDM00967,-0.36713615
1028,196562,P22077,SIDM00145,2.2453253
1029,111503,GSK2606414,SIDM00490,2.9933188
1030,167292,SB505124,SIDM00826,2.6410487
1031,27189,AZD6482,SIDM00241,2.9623752
1032,111362,GSK2606414,SIDM01174,3.7524614
1033,111766,GSK2606414,SIDM01205,1.3612607
1034,74351,AZ960,SIDM00680,2.416584
1035,74469,AZ960,SIDM00583,2.9218168
1036,112083,GSK2606414,SIDM00973,2.4566462
1037,193105,Axitinib,SIDM00954,2.6693323
1038,202067,Afatinib,SIDM00263,2.086457
1039,202707,Afatinib,SIDM00659,3.7854824
1040,74504,AZ960,SIDM00973,1.4526286
1041,196383,P22077,SIDM01160,3.3434477
1042,202351,Afatinib,SIDM00875,1.3355567
1043,167435,SB505124,SIDM00537,2.1558323
1044,197047,P22077,SIDM00205,1.0795513
1045,196862,P22077,SIDM00781,4.1719327
1046,23068,Afatinib,SIDM00655,2.2622066
1047,74243,AZ960,SIDM01197,2.9199274
1048,74353,AZ960,SIDM00501,2.5091918
1049,196911,P22077,SIDM01248,2.9101615
1050,111408,GSK2606414,SIDM00606,2.570427
1051,167432,SB505124,SIDM00541,2.8022187
1052,74337,AZ960,SIDM00621,2.1783226
1053,218598,AZD8055,SIDM00885,2.1064389
1054,202662,Afatinib,SIDM00302,3.0103967
1055,111842,GSK2606414,SIDM00243,1.1933128
1056,74277,AZ960,SIDM00964,1.8082788
1057,74343,AZ960,SIDM00156,2.6842992
1058,111907,GSK2606414,SIDM00262,2.2109916
1059,202752,Afatinib,SIDM00517,0.08089517
1060,202721,Afatinib,SIDM00195,2.1790082
1061,196441,P22077,SIDM01098,2.0833435
1062,74552,AZ960,SIDM00422,1.9819924
1063,168007,SB505124,SIDM00214,2.4001617
1064,167543,SB505124,SIDM01090,2.0893652
1065,74445,AZ960,SIDM00099,4.6084313
1066,74263,AZ960,SIDM00540,3.0717356
1067,197201,P22077,SIDM00792,3.6731565
1068,111349,GSK2606414,SIDM00320,3.34367
1069,74385,AZ960,SIDM00127,3.1406178
1070,197095,P22077,SIDM00600,2.2463713
1071,202908,Afatinib,SIDM00176,3.3967037
1072,246152,GSK269962A,SIDM00528,2.1141653
1073,167269,SB505124,SIDM00789,1.5726923
1074,74057,AZ960,SIDM00677,1.2635664
1075,112003,GSK2606414,SIDM00975,3.2365735
1076,202646,Afatinib,SIDM00211,1.171037
1077,111746,GSK2606414,SIDM00781,3.9328654
1078,246075,GSK269962A,SIDM00875,2.1488826
1079,202659,Afatinib,SIDM01064,2.9634013
1080,112161,GSK2606414,SIDM00231,2.478175
1081,196874,P22077,SIDM01175,4.7230463
1082,202708,Afatinib,SIDM00289,1.1918643
1083,74570,AZ960,SIDM00445,2.94485
1084,73838,AZ960,SIDM00180,3.1483061
1085,218676,AZD8055,SIDM00136,2.2265503
1086,197084,P22077,SIDM00114,3.7739909
1087,202422,Afatinib,SIDM00677,1.0156385
1088,74278,AZ960,SIDM00935,1.9784236
1089,167576,SB505124,SIDM00781,3.7809865
1090,202601,Afatinib,SIDM01233,2.8478358
1091,73813,AZ960,SIDM00970,2.1719193
1092,112132,GSK2606414,SIDM00323,2.0976737
1093,23622,Afatinib,SIDM00216,1.3535455
1094,73711,AZ960,SIDM00269,0.9027819
1095,284227,Afatinib,SIDM00508,2.9525797
1096,111489,GSK2606414,SIDM00094,3.4393294
1097,202571,Afatinib,SIDM00411,3.463897
1098,218981,AZD8055,SIDM00781,3.3492935
1099,112047,GSK2606414,SIDM00583,2.8661323
1100,196495,P22077,SIDM00591,2.3359964
1101,197273,P22077,SIDM00448,2.8499253
1102,111971,GSK2606414,SIDM00638,1.7554132
1103,111662,GSK2606414,SIDM00260,2.4458745
1104,197239,P22077,SIDM00176,2.577397
1105,111886,GSK2606414,SIDM00023,3.3129609
1106,202390,Afatinib,SIDM01019,2.3276765
1107,196572,P22077,SIDM00091,3.7160604
1108,197111,P22077,SIDM00638,2.5829628
1109,111670,GSK2606414,SIDM00562,2.8642216
1110,202823,Afatinib,SIDM00077,2.4509273
1111,202333,Afatinib,SIDM00276,1.961164
1112,196872,P22077,SIDM00837,3.194832
1113,73854,AZ960,SIDM01229,1.8950003
1114,111618,GSK2606414,SIDM00537,2.2121336
1115,202954,Afatinib,SIDM00969,2.4136157
1116,74177,AZ960,SIDM00832,2.947322
1117,73820,AZ960,SIDM00632,1.2488577
1118,73778,AZ960,SIDM01174,3.5880027
1119,73757,AZ960,SIDM00719,3.9569654
1120,202283,Afatinib,SIDM00490,3.1945212
1121,54140,BI-2536,SIDM00631,4.1655855
1122,111539,GSK2606414,SIDM00948,1.8743614
1123,112082,GSK2606414,SIDM00974,2.6686063
1124,218696,AZD8055,SIDM00826,2.1106522
1125,111646,GSK2606414,SIDM00528,2.093489
1126,202720,Afatinib,SIDM00196,2.5441158
1127,207722,Doramapimod,SIDM00885,2.3196156
1128,74226,AZ960,SIDM00287,0.15163608
1129,202917,Afatinib,SIDM01011,2.1307304
1130,196869,P22077,SIDM00834,4.612305
1131,202886,Afatinib,SIDM00044,3.0705771
1132,196528,P22077,SIDM00367,2.5488706
1133,74554,AZ960,SIDM00323,1.4599144
1134,111473,GSK2606414,SIDM00841,3.8743799
1135,197029,P22077,SIDM00542,2.9894145
1136,121509,Ribociclib,SIDM00562,2.9130595
1137,111858,GSK2606414,SIDM00592,2.198017
1138,213539,ZM447439,SIDM00971,4.215434
1139,167689,SB505124,SIDM00488,2.6941655
1140,196486,P22077,SIDM00951,0.4691405
1141,121634,Ribociclib,SIDM00971,5.258031
1142,202718,Afatinib,SIDM00198,2.5675657
1143,202629,Afatinib,SIDM00896,1.1510587
1144,202562,Afatinib,SIDM01205,1.617636
1145,196639,P22077,SIDM00863,1.7256417
1146,74032,AZ960,SIDM00535,3.5941827
1147,202510,Afatinib,SIDM00813,1.4136443
1148,197224,P22077,SIDM00375,3.2735713
1149,111964,GSK2606414,SIDM00551,2.2139733
1150,202613,Afatinib,SIDM00569,3.037954
1151,202729,Afatinib,SIDM00257,1.8800782
1152,196515,P22077,SIDM00180,3.343951
1153,197169,P22077,SIDM00520,2.8212147
1154,202379,Afatinib,SIDM00808,1.188614
1155,202649,Afatinib,SIDM00958,1.9467927
1156,111749,GSK2606414,SIDM00814,1.4688348
1157,202938,Afatinib,SIDM01114,3.3318174
1158,196557,P22077,SIDM00121,0.97356105
1159,202872,Afatinib,SIDM00792,2.575742
1160,111756,GSK2606414,SIDM01168,3.5648263
1161,202448,Afatinib,SIDM00504,3.6784394
1162,111660,GSK2606414,SIDM00388,1.6106749
1163,196653,P22077,SIDM00274,4.211326
1164,197233,P22077,SIDM00973,2.4895797
1165,197120,P22077,SIDM00137,3.5816295
1166,196531,P22077,SIDM01229,2.9633343
1167,74403,AZ960,SIDM00137,2.6451519
1168,74228,AZ960,SIDM00962,0.61557335
1169,111464,GSK2606414,SIDM00121,0.7842846
1170,74360,AZ960,SIDM00100,3.4181721
1171,74446,AZ960,SIDM00154,1.3630248
1172,112035,GSK2606414,SIDM00846,2.2767973
1173,30638,JQ1,SIDM00562,3.6356246
1174,111751,GSK2606414,SIDM00835,4.2376795
1175,73765,AZ960,SIDM00293,2.157479
1176,196637,P22077,SIDM00864,3.1530795
1177,74280,AZ960,SIDM01064,2.488504
1178,121558,Ribociclib,SIDM00241,3.5845613
1179,74173,AZ960,SIDM01168,3.8967338
1180,15867,GSK269962A,SIDM00885,2.4472678
1181,74115,AZ960,SIDM00758,2.472881
1182,196784,P22077,SIDM00576,1.301187
1183,196973,P22077,SIDM00332,4.379512
1184,111476,GSK2606414,SIDM00096,0.46193728
1185,202738,Afatinib,SIDM00501,1.703871
1186,196705,P22077,SIDM00612,4.1752486
1187,283543,Afatinib,SIDM00180,1.2938495
1188,168010,SB505124,SIDM00498,2.0543349
1189,196962,P22077,SIDM00543,2.6410625
1190,230631,PF-4708671,SIDM00875,2.0377991
1191,202331,Afatinib,SIDM01047,2.6475046
1192,197243,P22077,SIDM00045,0.12474866
1193,111844,GSK2606414,SIDM00211,0.46718454
1194,121352,Ribociclib,SIDM00954,3.5515509
1195,197066,P22077,SIDM00680,3.5896232
1196,202065,Afatinib,SIDM01132,1.9858279
1197,74257,AZ960,SIDM00384,-0.16554813
1198,219041,AZD8055,SIDM01233,3.2177956
1199,111750,GSK2606414,SIDM01155,3.387054
1200,196865,P22077,SIDM00814,2.1107469
1201,167271,SB505124,SIDM00136,2.131715
1202,111760,GSK2606414,SIDM00832,3.5850995
1203,218985,AZD8055,SIDM00835,3.4940407
1204,208210,Doramapimod,SIDM00332,3.4887245
1205,112118,GSK2606414,SIDM00362,0.67832357
1206,202608,Afatinib,SIDM00962,1.453767
1207,73919,AZ960,SIDM00490,2.8044474
1208,214326,RO-3306,SIDM00528,2.0375605
1209,58152,Tozasertib,SIDM00875,1.808414
1210,197242,P22077,SIDM00668,2.083548
1211,197128,P22077,SIDM00465,4.726061
1212,193308,Axitinib,SIDM00241,3.0533311
1213,202225,Afatinib,SIDM00326,2.245618
1214,74212,AZ960,SIDM00233,0.44008967
1215,73836,AZ960,SIDM00182,2.782683
1216,23260,Afatinib,SIDM00285,2.718005
1217,196475,P22077,SIDM00174,2.255856
1218,202413,Afatinib,SIDM00346,2.139316
1219,202952,Afatinib,SIDM01102,2.019763
1220,218837,AZD8055,SIDM00534,1.9706151
1221,202624,Afatinib,SIDM01198,1.9533014
1222,58201,Tozasertib,SIDM00971,4.966095
1223,196870,P22077,SIDM00420,2.728536
1224,111635,GSK2606414,SIDM00549,1.1481928
1225,196927,P22077,SIDM00287,0.7175034
1226,230438,PF-4708671,SIDM00885,2.2783084
1227,167591,SB505124,SIDM00832,3.2307584
1228,196378,P22077,SIDM00203,2.2915618
1229,58571,PF-4708671,SIDM00631,3.011641
1230,74367,AZ960,SIDM00517,2.7401006
1231,197136,P22077,SIDM00394,3.205614
1232,202152,Afatinib,SIDM01163,4.508019
1233,58169,Tozasertib,SIDM00528,2.2299976
1234,218743,AZD8055,SIDM00954,1.5237637
1235,74416,AZ960,SIDM00394,2.6391523
1236,74182,AZ960,SIDM00251,2.2540238
1237,196981,P22077,SIDM00964,2.413191
1238,111770,GSK2606414,SIDM01183,3.1023467
1239,202181,Afatinib,SIDM00188,3.0541778
1240,197146,P22077,SIDM00975,3.6868532
1241,74218,AZ960,SIDM00267,3.1873734
1242,197052,P22077,SIDM00195,3.0116725
1243,196694,P22077,SIDM00808,1.2371303
1244,74281,AZ960,SIDM00592,1.8362424
1245,111930,GSK2606414,SIDM00501,2.9295478
1246,202778,Afatinib,SIDM00527,2.352752
1247,112136,GSK2606414,SIDM00969,1.9447305
1248,196578,P22077,SIDM00003,2.5041583
1249,202567,Afatinib,SIDM01183,2.8344502
1250,197300,P22077,SIDM00472,3.1749284
1251,202402,Afatinib,SIDM00308,2.1261766
1252,73853,AZ960,SIDM00417,2.529439
1253,112125,GSK2606414,SIDM00389,0.85128075
1254,202581,Afatinib,SIDM01247,1.9962717
1255,202398,Afatinib,SIDM00537,1.4954973
1256,73864,AZ960,SIDM00783,1.3909943
1257,219089,AZD8055,SIDM00332,2.5139568
1258,206176,NU7441,SIDM00562,3.33362
1259,112175,GSK2606414,SIDM00214,2.8015532
1260,121405,Ribociclib,SIDM00875,2.1454391
1261,202156,Afatinib,SIDM00885,2.8438456
1262,168009,SB505124,SIDM00193,2.5942857
1263,74211,AZ960,SIDM00842,1.2415615
1264,202797,Afatinib,SIDM00466,4.667513
1265,111543,GSK2606414,SIDM00864,2.6792538
1266,74308,AZ960,SIDM00328,2.666905
1267,202397,Afatinib,SIDM00535,4.142949
1268,111709,GSK2606414,SIDM00241,2.3482602
1269,74303,AZ960,SIDM01093,2.980138
1270,197124,P22077,SIDM00565,3.112901
1271,27117,AZD6482,SIDM00528,1.7004611
1272,196436,P22077,SIDM01179,3.1145892
1273,74456,AZ960,SIDM00859,0.7788145
1274,111812,GSK2606414,SIDM01237,4.2343445
1275,197005,P22077,SIDM00242,2.2902033
1276,197050,P22077,SIDM00621,3.2688217
1277,197083,P22077,SIDM00517,3.9932249
1278,16115,GSK269962A,SIDM00332,3.5534537
1279,111595,GSK2606414,SIDM00224,2.49261
1280,219426,AZD8055,SIDM00193,1.8341217
1281,196830,P22077,SIDM00813,2.1188996
1282,202568,Afatinib,SIDM00317,5.198284
1283,197077,P22077,SIDM00098,2.800284
1284,74406,AZ960,SIDM00565,2.7995257
1285,74279,AZ960,SIDM00488,3.2309034
1286,197232,P22077,SIDM00974,3.0686605
1287,202642,Afatinib,SIDM00540,-1.1406202
1288,74249,AZ960,SIDM00896,0.76090044
1289,74145,AZ960,SIDM01095,1.876976
1290,74336,AZ960,SIDM00198,2.1254303
1291,218990,AZD8055,SIDM00837,1.784025
1292,27142,AZD6482,SIDM00562,3.1102371
1293,111759,GSK2606414,SIDM01159,2.6441982
1294,111438,GSK2606414,SIDM01229,2.3807662
1295,202202,Afatinib,SIDM00181,3.233205
1296,111993,GSK2606414,SIDM00394,2.5929892
1297,202749,Afatinib,SIDM00310,3.3253782
1298,202638,Afatinib,SIDM00543,2.605706
1299,197155,P22077,SIDM00929,3.0163097
1300,111485,GSK2606414,SIDM00003,2.5857894
1301,202500,Afatinib,SIDM00241,1.3540559
1302,202074,Afatinib,SIDM01160,3.4138722
1303,196931,P22077,SIDM00324,1.6052291
1304,196985,P22077,SIDM01064,2.8795261
1305,74024,AZ960,SIDM00612,2.8251312
1306,73885,AZ960,SIDM00145,1.0331858
1307,218987,AZD8055,SIDM00834,2.7154686
1308,202977,Afatinib,SIDM00250,1.1990972
1309,74334,AZ960,SIDM00205,0.92730135
1310,111911,GSK2606414,SIDM00205,1.3445411
1311,202661,Afatinib,SIDM00496,2.6651218
1312,111908,GSK2606414,SIDM00201,1.13042
1313,202534,Afatinib,SIDM00379,2.7811477
1314,197305,P22077,SIDM00393,3.2161257
1315,193235,Axitinib,SIDM00528,2.3992636
1316,74358,AZ960,SIDM00129,1.2824903
1317,218705,AZD8055,SIDM00118,1.3809562
1318,218697,AZD8055,SIDM00841,3.0108068
1319,197112,P22077,SIDM00579,2.2196562
1320,111553,GSK2606414,SIDM00276,2.5955894
1321,193139,Axitinib,SIDM01042,2.1699994
1322,111493,GSK2606414,SIDM00111,3.2087736
1323,197011,P22077,SIDM01093,3.290728
1324,121207,Ribociclib,SIDM00885,3.6948388
1325,74184,AZ960,SIDM01205,0.53749543
1326,112101,GSK2606414,SIDM01006,1.7033656
1327,196597,P22077,SIDM01245,1.2322164
1328,111392,GSK2606414,SIDM00190,3.1036286
1329,196499,P22077,SIDM00230,3.0586505
1330,74195,AZ960,SIDM00971,4.888249
1331,196944,P22077,SIDM01197,4.6940126
1332,111740,GSK2606414,SIDM01097,1.8720806
1333,112137,GSK2606414,SIDM00968,3.1228936
1334,202499,Afatinib,SIDM01140,2.2625258
1335,74163,AZ960,SIDM00781,3.414377
1336,196983,P22077,SIDM00935,2.5441782
1337,202189,Afatinib,SIDM00606,2.3469355
1338,74424,AZ960,SIDM00418,4.033137
1339,111448,GSK2606414,SIDM00783,1.7910634
1340,111857,GSK2606414,SIDM01064,2.5363314
