,drug,cell_line,IC50,prediction
0,Axitinib,SIDM00332,-0.0051045,4.188147
1,GSK2606414,SIDM01093,3.633744,4.630056
2,P22077,SIDM00234,2.972383,2.765354
3,Afatinib,SIDM00269,1.3930733333333334,2.629584
4,P22077,SIDM00596,5.11993,4.658311
5,Afatinib,SIDM01122,1.439806,4.2229795
6,ZM447439,SIDM01042,1.8791845,3.0821574
7,SB505124,SIDM00216,3.0864085,1.3689655
8,AZ960,SIDM00326,0.653611,3.0487344
9,AZ960,SIDM00351,2.327771,2.067119
10,GSK2606414,SIDM00967,3.917071,4.9554706
11,Afatinib,SIDM00261,2.078414,1.9878199
12,Afatinib,SIDM00975,3.2141673333333336,3.5582132
13,GSK2606414,SIDM00259,3.533958,4.084208
14,GSK2606414,SIDM00064,3.139338,4.5970473
15,Afatinib,SIDM01228,-2.1754453333333337,3.2949026
16,RO-3306,SIDM00332,4.699782000000001,3.3316684
17,AZ960,SIDM00324,-0.257596,2.0801847
18,SB505124,SIDM01233,1.6382350000000003,2.46678
19,P22077,SIDM00539,4.655571,3.7530563
20,GSK2606414,SIDM00758,4.856177,4.6936765
21,AZD8055,SIDM00833,2.1400395,5.1637783
22,AZ960,SIDM00834,4.972692,3.575017
23,P22077,SIDM00550,4.647392,3.7087972
24,PF-4708671,SIDM00971,3.9385975,5.141453
25,AZ960,SIDM00427,-0.263915,1.8345912
26,GSK2606414,SIDM00859,2.50178,2.9191854
27,Afatinib,SIDM00954,1.7369153333333334,2.752763
28,GSK2606414,SIDM00256,2.841195,3.523351
29,AZ960,SIDM00274,2.367271,3.546982
30,SB505124,SIDM00534,4.468161666666666,2.1196568
31,Afatinib,SIDM00193,3.5815406666666667,3.5517845
32,AZD6482,SIDM00332,3.0365296666666666,3.185441
33,GSK2606414,SIDM00381,3.677112,4.697085
34,Afatinib,SIDM00118,2.086818333333333,2.432876
35,AZ960,SIDM00230,1.321395,2.4018342
36,AZ960,SIDM01245,-1.445493,1.3131592
37,Afatinib,SIDM00350,-2.1258513333333333,3.1608646
38,AZ960,SIDM00374,1.295126,1.8077086
39,P22077,SIDM00211,2.258049,1.6437849
40,P22077,SIDM00789,3.73364,3.3042881
41,AZ960,SIDM00951,-0.942742,1.0116215
42,PF-4708671,SIDM00332,5.5158515,4.606909
43,P22077,SIDM01133,1.826458,3.4828305
44,P22077,SIDM00540,5.868246,2.2133806
45,Afatinib,SIDM00197,1.9067896666666664,3.252552
46,P22077,SIDM00267,5.818261,3.8801973
47,GSK2606414,SIDM00540,2.626488,3.494871
48,GSK2606414,SIDM00257,3.423239,3.4737313
49,AZ960,SIDM01011,1.337791,1.6242908
50,Afatinib,SIDM00814,-1.1409,2.8694336
51,P22077,SIDM01183,2.294417,4.0050235
52,AZ960,SIDM00285,1.816038,2.3653927
53,Afatinib,SIDM00099,3.219456333333333,4.853022
54,Afatinib,SIDM00758,2.7343456666666666,3.2046463
55,AZ960,SIDM00244,-0.064457,1.8085524
56,GSK2606414,SIDM00561,3.382193,3.0430577
57,Afatinib,SIDM00277,0.9203883333333334,0.71881044
58,GSK2606414,SIDM01090,2.849564,4.170669
59,ZM447439,SIDM00562,2.187403,3.531081
60,Afatinib,SIDM00668,3.0042105,2.0907092
61,AZ960,SIDM01120,1.437253,3.0992901
62,Afatinib,SIDM00553,2.432573,1.7778003
63,P22077,SIDM00096,2.602011,1.662323
64,GSK2606414,SIDM00216,4.146159,4.3270473
65,P22077,SIDM00583,3.703421,4.3202624
66,P22077,SIDM00544,4.840384,3.3634114
67,P22077,SIDM00351,3.802117,2.5546882
68,P22077,SIDM00343,6.022405,4.412267
69,GSK2606414,SIDM00198,4.482229,4.155733
70,GSK2606414,SIDM01228,4.549207,4.2816095
71,GSK2606414,SIDM00958,0.863924,2.7952335
72,AZ960,SIDM00631,2.515274,3.5293024
73,GSK2606414,SIDM01120,3.938427,4.312515
74,AZ960,SIDM00530,5.505652,3.2536397
75,P22077,SIDM01163,5.996046,5.6986732
76,BI-2536,SIDM00971,3.78373,3.6906636
77,AZ960,SIDM00195,5.644552,3.2857337
78,GSK2606414,SIDM01007,2.384107,3.0207865
79,AZ960,SIDM00813,0.420496,1.5082011
80,GSK2606414,SIDM00833,4.783245,5.3567157
81,AZ960,SIDM00472,2.833695,3.9655993
82,AZ960,SIDM00411,5.290132,4.5759325
83,AZ960,SIDM00346,-0.105024,1.3743283
84,Afatinib,SIDM01155,2.8209936666666664,3.6354215
85,Afatinib,SIDM00102,3.296236,4.3963633
86,P22077,SIDM00042,1.931108,3.9048886
87,Afatinib,SIDM00190,3.6037806666666654,3.9262855
88,GSK2606414,SIDM00384,2.771703,3.1262763
89,P22077,SIDM00218,8.222602,6.3687453
90,GSK2606414,SIDM00534,3.34028,4.871532
91,AZD6482,SIDM00954,3.477527333333333,1.8899704
92,GSK2606414,SIDM00632,2.485705,3.1593053
93,Afatinib,SIDM01149,2.120245333333333,2.568179
94,P22077,SIDM00498,3.563646,3.1938493
95,GSK2606414,SIDM01179,5.3494,4.8657546
96,AZ960,SIDM00393,2.046373,2.7820027
97,P22077,SIDM00606,5.827266,3.4708831
98,Afatinib,SIDM00293,1.8654693333333328,3.7379134
99,P22077,SIDM00044,6.358711,4.2035446
100,Afatinib,SIDM00064,2.194457666666666,3.617502
101,AZ960,SIDM00700,5.417689,5.0186543
102,Afatinib,SIDM00294,2.3004006666666665,3.5089762
103,GSK2606414,SIDM00826,3.621617,4.5614686
104,GSK2606414,SIDM00137,4.364016,5.189483
105,AZ960,SIDM00243,0.899643,1.9747788
106,Afatinib,SIDM00394,2.5729583333333337,3.352925
107,Afatinib,SIDM00328,-0.4134553333333333,3.1516993
108,AZD8055,SIDM00783,-0.3008335,4.277347
109,P22077,SIDM00410,4.670721,2.8203773
110,GSK2606414,SIDM00351,2.325302,3.806616
111,Afatinib,SIDM00086,2.866563,3.3355231
112,GSK2606414,SIDM00367,3.555844,4.0179563
113,GSK2606414,SIDM00374,4.63058,3.4459813
114,NU7441,SIDM00971,4.127393,3.8281937
115,AZ960,SIDM00814,1.52306,2.4261565
116,GSK2606414,SIDM00793,4.311425,3.865411
117,GSK2606414,SIDM00326,3.452174,4.4717894
118,GSK2606414,SIDM00091,6.684386,5.2631683
119,GSK2606414,SIDM00416,3.672637,3.2871969
120,AZ960,SIDM00441,-0.367227,0.8191597
121,P22077,SIDM01247,4.200685,2.356201
122,AZ960,SIDM00968,3.149369,3.0558562
123,AZ960,SIDM00953,1.898215,2.2235305
124,P22077,SIDM00103,3.991476,4.1384807
125,GSK2606414,SIDM00310,4.839592,4.975811
126,GSK2606414,SIDM00721,4.406675,5.147426
127,P22077,SIDM00227,5.561948,4.3217425
128,AZ960,SIDM01041,0.529169,3.0343754
129,P22077,SIDM00256,2.520751,2.7801907
130,NU7441,SIDM00528,2.308158,2.537741
131,AZ960,SIDM00448,2.679338,2.4744923
132,P22077,SIDM01149,1.931226,2.6363091
133,Afatinib,SIDM00003,2.9417190000000004,2.6902313
134,AZ960,SIDM00260,2.977902,3.2006757
135,AZ960,SIDM00216,2.345387,2.467539
136,Afatinib,SIDM00136,2.7356476666666665,2.88746
137,Afatinib,SIDM00465,-3.242824666666666,3.4676147
138,AZ960,SIDM00320,1.685057,4.0606046
139,GSK269962A,SIDM01042,2.3832706666666668,-1.1996099
140,P22077,SIDM01007,3.044165,2.3454342
141,GSK2606414,SIDM00188,4.086699,4.9701996
142,P22077,SIDM00793,5.193799,3.16264
143,GSK2606414,SIDM00900,3.163751,3.2982485
144,AZ960,SIDM00064,0.333289,3.2378886
145,Afatinib,SIDM00448,2.120687,2.9031749
146,GSK2606414,SIDM00277,-3.691049,2.3639612
147,GSK2606414,SIDM00621,3.311123,4.2616353
148,GSK2606414,SIDM00817,4.004721,4.490362
149,Afatinib,SIDM00970,-2.033753,1.9254903
150,Doramapimod,SIDM00562,4.8387005,0.48705992
151,P22077,SIDM00289,3.246665,1.9308249
152,P22077,SIDM01097,4.981104,3.1138918
153,GSK2606414,SIDM01095,3.81917,3.452791
154,RO-3306,SIDM00885,4.3589455,2.9815562
155,Afatinib,SIDM00260,1.7355635,3.1570919
156,GSK2606414,SIDM00929,3.449494,4.2367463
157,GSK2606414,SIDM00679,3.745264,4.159636
158,GSK2606414,SIDM00541,2.487223,4.728369
159,Axitinib,SIDM01187,3.614132,4.4379697
160,P22077,SIDM00530,4.966646,3.8968291
161,GSK2606414,SIDM00875,2.783806,3.8973005
162,P22077,SIDM00257,3.528353,2.770356
163,GSK2606414,SIDM00445,3.589966,3.8122282
164,AZ960,SIDM00826,2.864578,2.6477997
165,AZ960,SIDM00577,0.33395,3.0100296
166,GSK2606414,SIDM00291,2.80195,4.0973153
167,GSK2606414,SIDM01233,4.168855,5.1167665
168,GSK2606414,SIDM00289,2.470129,2.815767
169,Afatinib,SIDM00863,2.144349,2.2573614
170,P22077,SIDM00954,2.104187,2.9491456
171,GSK2606414,SIDM00488,3.523559,4.457725
172,P22077,SIDM01174,6.891,4.721448
173,AZ960,SIDM00539,3.591764,3.1098654
174,AZ960,SIDM00263,0.333887,2.449906
175,AZ960,SIDM00375,4.98785,2.986382
176,Afatinib,SIDM00592,-0.6329173333333333,1.9197389
177,AZ960,SIDM00308,-0.134736,1.2831776
178,AZ960,SIDM00542,1.866726,3.599264
179,GSK2606414,SIDM00935,1.918146,2.97699
180,Afatinib,SIDM00410,2.237135666666666,2.3944204
181,Afatinib,SIDM00258,0.7744956666666667,3.2092726
182,Tozasertib,SIDM00241,-0.619793,1.9972193
183,AZ960,SIDM00534,1.679516,3.1559913
184,P22077,SIDM00496,3.259634,3.846443
185,Afatinib,SIDM00113,-0.6429233333333334,4.6793923
186,GSK2606414,SIDM00375,4.06772,4.3902855
187,P22077,SIDM00104,3.660305,4.3039255
188,AZ960,SIDM00837,0.287183,2.4609752
189,GSK2606414,SIDM00579,2.629408,3.294911
190,P22077,SIDM00688,1.60919,2.0035586
191,GSK2606414,SIDM01042,3.095559,3.7334545
192,GSK2606414,SIDM00120,4.507128,5.1714616
193,P22077,SIDM00971,7.067048,5.286199
194,GSK2606414,SIDM00218,6.50584,6.8000107
195,BI-2536,SIDM00954,-1.7038345,2.0324104
196,Afatinib,SIDM01145,2.505050666666667,2.4820116
197,AZ960,SIDM00379,1.724821,3.3088458
198,AZ960,SIDM00227,3.215465,3.8853128
199,AZ960,SIDM00679,3.167108,2.947255
200,AZ960,SIDM00190,5.943449,3.505986
201,P22077,SIDM00197,5.13549,3.271108
202,P22077,SIDM00379,4.065483,3.7680137
203,Afatinib,SIDM00951,1.1371566666666666,1.6473362
204,Afatinib,SIDM01179,2.904942333333333,3.8804002
205,ZM447439,SIDM00241,1.083103,2.9944587
206,P22077,SIDM00967,5.718,3.9508324
207,P22077,SIDM00489,5.562694,2.9654434
208,AZ960,SIDM01114,0.446916,2.9475248
209,Afatinib,SIDM00388,1.8700006666666664,2.4796665
210,GSK2606414,SIDM00244,3.490869,3.529959
211,AZ960,SIDM00098,1.567774,3.7327664
212,AZ960,SIDM00835,4.200475,4.4225664
213,Afatinib,SIDM00964,-2.0421666666666667,1.5640521
214,GSK2606414,SIDM00324,3.493663,3.5837831
215,AZD8055,SIDM00214,0.1020755,4.6950445
216,AZ960,SIDM00553,-0.703463,1.2633092
217,AZ960,SIDM00332,0.86235,3.945984
218,GSK2606414,SIDM00448,3.858238,4.075344
219,GSK2606414,SIDM00181,4.422031,4.563123
220,Afatinib,SIDM00375,1.6128183333333332,2.9737828
221,SB505124,SIDM00677,2.9502946666666667,1.5216525
222,P22077,SIDM00156,5.822841,4.3080273
223,P22077,SIDM01126,2.978457,3.6243691
224,Afatinib,SIDM01251,1.824298,1.6207298
225,Tozasertib,SIDM01042,2.495577,2.0099216
226,GSK2606414,SIDM00195,4.765072,4.644658
227,Afatinib,SIDM00859,1.6159263333333334,1.6345769
228,GSK2606414,SIDM00954,4.251322,3.598121
229,GSK2606414,SIDM01198,2.205689,3.113739
230,AZ960,SIDM00257,0.09416,1.9829644
231,Afatinib,SIDM00971,-1.431826,4.831376
232,AZ960,SIDM00291,2.774569,2.8288918
233,P22077,SIDM00488,5.76531,3.5112858
234,Afatinib,SIDM00091,2.224670333333333,3.8705673
235,Afatinib,SIDM00491,2.668115333333333,3.4186828
236,SB505124,SIDM00527,3.040079,1.7282032
237,Afatinib,SIDM00129,2.3773796666666667,1.9992949
238,AZ960,SIDM00841,1.085827,3.7655485
239,AZ960,SIDM00520,1.717318,3.9193118
240,P22077,SIDM00047,5.627189,2.8636396
241,Afatinib,SIDM00045,1.767844,1.3553991
242,P22077,SIDM00182,4.557778,3.832495
243,AZ960,SIDM00289,-0.707146,1.2093633
244,AZ960,SIDM00543,2.875015,2.752033
245,AZ960,SIDM00264,3.807295,3.105121
246,Afatinib,SIDM00351,0.077317,1.9616743
247,Afatinib,SIDM01197,3.5512766666666664,3.9839666
248,GSK2606414,SIDM01245,1.31444,3.0152023
249,Afatinib,SIDM00218,3.507747666666667,5.938874
250,GSK2606414,SIDM00156,3.748249,4.749809
251,GSK2606414,SIDM00668,3.207462,3.6947463
252,AZ960,SIDM00527,2.262525,3.0823183
253,P22077,SIDM00623,5.093601,3.581013
254,AZD6482,SIDM00631,1.965858,2.5381405
255,GSK2606414,SIDM00343,4.281081,5.003913
256,AZ960,SIDM00885,-0.567657,3.0767817
257,Afatinib,SIDM00231,2.324676,3.4001267
258,Afatinib,SIDM00224,3.1259339999999995,3.975269
259,AZ960,SIDM00309,1.640554,3.7160857
260,P22077,SIDM00261,3.726985,2.1540377
261,P22077,SIDM00758,4.419882,3.4294431
262,Afatinib,SIDM00700,4.485492666666667,5.402892
263,Afatinib,SIDM01259,1.8536236666666668,2.0540035
264,AZ960,SIDM00562,4.420438,2.7520509
265,AZ960,SIDM00262,2.462565,3.2571833
266,Afatinib,SIDM00259,2.400847,3.2106278
267,GSK269962A,SIDM00241,1.0365766666666667,-1.4705845
268,SB505124,SIDM00834,5.122068333333333,2.6443465
269,P22077,SIDM00225,6.186332,3.261029
270,P22077,SIDM00251,5.683281,3.508024
271,Afatinib,SIDM00100,2.8319343333333333,4.5011625
272,P22077,SIDM00389,2.607338,1.4724803
273,P22077,SIDM01233,3.61517,4.1241107
274,P22077,SIDM01259,3.514552,2.3810477
275,GSK2606414,SIDM00530,4.106758,4.7769647
276,Afatinib,SIDM00324,2.414354666666666,2.851929
277,P22077,SIDM00118,3.664369,2.6726325
278,AZ960,SIDM01019,2.407666,1.7836657
279,P22077,SIDM00252,6.571684,4.1071715
280,Afatinib,SIDM00098,3.230064,3.9133646
281,P22077,SIDM00627,5.827272,2.7572603
282,Afatinib,SIDM00406,0.9306793333333332,0.98878056
283,Afatinib,SIDM00412,1.672508333333333,1.1847965
284,Afatinib,SIDM00320,2.703891,4.7845984
285,GSK2606414,SIDM01206,3.604417,3.6523361
286,Afatinib,SIDM00781,1.4592539999999998,4.3448043
287,GSK2606414,SIDM00834,5.54507,5.2377143
288,Afatinib,SIDM00420,2.301365333333333,3.3049161
289,GSK2606414,SIDM00496,3.180163,4.634599
290,GSK2606414,SIDM01114,3.427324,4.293166
291,GSK2606414,SIDM00346,1.736986,3.103727
292,GSK2606414,SIDM00813,2.517101,3.2364028
293,GSK2606414,SIDM00182,4.309425,4.507217
294,Afatinib,SIDM00364,1.8715456666666668,1.8308212
295,AZD8055,SIDM00528,-0.8997594999999999,4.6511073
296,P22077,SIDM00418,4.740671,5.052108
297,AZ960,SIDM00176,1.287589,2.9633167
298,P22077,SIDM00277,2.759415,1.1440293
299,Afatinib,SIDM01090,2.3206166666666665,2.4098382
300,Afatinib,SIDM00137,2.5141356666666668,3.6454089
301,AZD8055,SIDM00631,-0.437889,4.9543047
302,AZ960,SIDM00102,2.836978,4.235271
303,RO-3306,SIDM00241,1.981907,2.7830086
304,AZ960,SIDM00294,1.817084,2.7133882
305,P22077,SIDM00424,1.64596,2.4006057
306,GSK2606414,SIDM00923,2.639068,3.9448457
307,JQ1,SIDM00885,1.5152523333333334,3.8254154
308,P22077,SIDM00100,6.186197,4.766166
309,Ribociclib,SIDM01042,3.276111,-0.14357522
310,AZ960,SIDM01247,0.186913,1.7252699
311,AZ960,SIDM01228,2.513423,2.992984
312,Tozasertib,SIDM00631,4.761516,2.555433
313,P22077,SIDM00316,4.94071,3.5164719
314,GSK2606414,SIDM00544,4.67399,4.007915
315,P22077,SIDM00407,4.121836,1.5186355
316,GSK2606414,SIDM00527,3.897181,4.4749966
317,P22077,SIDM00258,3.713928,3.3169453
318,P22077,SIDM01140,2.344283,2.4666903
319,GSK2606414,SIDM00154,1.924353,3.560245
320,AZ960,SIDM00082,5.47252,3.623806
321,P22077,SIDM01228,2.490186,3.5944846
322,AZ960,SIDM01007,0.55807,1.5531586
323,AZD8055,SIDM00541,0.0712155000000001,4.821016
324,Afatinib,SIDM00483,1.3534663333333334,3.9927542
325,Afatinib,SIDM00562,2.858045,3.0616424
326,GSK2606414,SIDM00379,3.198266,4.461141
327,Afatinib,SIDM00699,2.893056,4.466244
328,Afatinib,SIDM00826,2.7823996666666666,2.8027647
329,Afatinib,SIDM01159,2.6979930000000003,3.5594356
330,P22077,SIDM01019,1.580991,2.5456376
331,GSK2606414,SIDM00719,6.913124,5.3445797
332,Afatinib,SIDM00612,2.954832,4.327193
333,GSK2606414,SIDM01197,5.410039,5.2918572
334,AZD8055,SIDM00832,1.314828,5.113816
335,Afatinib,SIDM00532,3.0580846666666672,3.378637
336,AZD8055,SIDM01197,0.219218,5.373154
337,P22077,SIDM01187,4.427617,4.4471145
338,AZ960,SIDM01140,0.104378,1.8792702
339,P22077,SIDM00817,2.683648,3.6518595
340,GSK2606414,SIDM00328,3.646692,4.3528
341,GSK2606414,SIDM00118,4.202877,4.0996995
342,Afatinib,SIDM00418,2.743757666666667,4.76555
343,Afatinib,SIDM00154,2.084547,2.1847072
344,P22077,SIDM00241,4.590069,2.4903195
345,Afatinib,SIDM00264,1.2134956666666663,3.5166934
346,P22077,SIDM00198,4.504633,3.4406502
347,AZ960,SIDM00789,0.368547,2.7220874
348,AZ960,SIDM00197,0.658484,2.4378576
349,GSK2606414,SIDM00951,3.20298,2.7638242
350,AZ960,SIDM00846,2.054899,3.0539107
351,P22077,SIDM00299,6.847273,4.2509336
352,P22077,SIDM00111,5.552349,4.0831294
353,Afatinib,SIDM00417,2.4740496666666663,3.537361
354,P22077,SIDM00094,6.134368,4.752012
355,AZ960,SIDM00808,0.10292,1.7424077
356,AZ960,SIDM00975,4.659919,3.23224
357,AZ960,SIDM00732,1.100462,3.4504411
358,P22077,SIDM00427,2.857078,2.448847
359,GSK2606414,SIDM00234,3.568345,3.7270763
360,GSK2606414,SIDM00837,5.706225,4.4462786
361,GSK2606414,SIDM00077,4.186567,4.349075
362,GSK2606414,SIDM01019,4.05246,3.4569638
363,GSK2606414,SIDM00677,3.552131,4.446674
364,AZ960,SIDM00487,3.391397,2.6485205
365,Afatinib,SIDM00256,2.0715586666666668,2.7113483
366,Afatinib,SIDM01098,2.2755793333333334,3.412081
367,Doramapimod,SIDM00528,3.9231045,0.8857837
368,Afatinib,SIDM00549,2.421847666666667,2.0584471
369,Afatinib,SIDM00688,2.4863726666666666,1.5718867
370,P22077,SIDM00381,6.570905,4.082231
371,PF-4708671,SIDM00528,3.8492645,3.9960594
372,Afatinib,SIDM00561,2.0393326666666667,1.7609891
373,AZ960,SIDM00833,4.401024,3.9136746
374,GSK2606414,SIDM00553,1.444255,3.035588
375,P22077,SIDM00655,3.866191,3.5402725
376,Afatinib,SIDM01168,3.1013726666666668,4.1116633
377,AZ960,SIDM00188,2.087864,3.7265208
378,P22077,SIDM00323,3.122998,2.8738701
379,SB505124,SIDM00837,4.419502333333333,1.350998
380,AZ960,SIDM00623,4.682387,2.8249204
381,AZ960,SIDM00042,2.412017,3.3314297
382,P22077,SIDM00291,5.244247,3.1644433
383,P22077,SIDM00948,2.283163,2.6192815
384,P22077,SIDM00841,5.720683,4.610104
385,AZ960,SIDM00224,0.019967,3.721134
386,Afatinib,SIDM00551,0.1844679999999999,2.4469936
387,GSK2606414,SIDM00680,5.667537,5.168029
388,AZ960,SIDM00864,0.670462,2.5422077
389,GSK2606414,SIDM00688,3.391869,3.158603
390,P22077,SIDM00266,2.21588,2.484628
391,AZ960,SIDM00424,-0.857642,1.6968166
392,P22077,SIDM00490,5.975676,4.1603394
393,AZ960,SIDM00561,1.627764,1.4925002
394,GSK2606414,SIDM00294,4.780423,4.0838904
395,GSK2606414,SIDM00569,4.171659,4.3065014
396,GSK2606414,SIDM00129,2.427475,3.292421
397,P22077,SIDM00535,6.815623,5.1443524
398,Afatinib,SIDM00530,-2.3793416666666665,3.5224736
399,P22077,SIDM00958,2.143353,1.82731
400,Afatinib,SIDM00389,2.0188865000000003,1.1876384
401,Afatinib,SIDM00917,2.0815716666666666,1.2083606
402,Afatinib,SIDM00082,2.890810666666667,3.964088
403,GSK2606414,SIDM01161,3.315123,3.9632502
404,AZ960,SIDM00256,-0.358219,1.9606597
405,P22077,SIDM00699,4.65044,4.5649457
406,P22077,SIDM00302,5.573661,3.251034
407,AZ960,SIDM00958,-0.064275,0.92161113
408,AZ960,SIDM01179,2.005161,3.4588163
409,GSK2606414,SIDM00465,5.150018,4.905681
410,GSK2606414,SIDM00930,4.497098,4.224432
411,AZD8055,SIDM00680,-0.3321294999999999,4.905654
412,SB505124,SIDM00841,4.000009,2.4282439
413,P22077,SIDM00900,2.31952,2.162639
414,P22077,SIDM00260,6.272478,3.6427102
415,GSK2606414,SIDM00732,4.274419,4.605142
416,AZ960,SIDM00416,0.070408,1.6851472
417,Afatinib,SIDM00482,1.7693963333333331,1.6695073
418,Afatinib,SIDM00377,2.127931333333333,3.4941876
419,Afatinib,SIDM00043,-1.4395583333333333,2.030277
420,AZ960,SIDM00444,2.025047,2.978279
421,Afatinib,SIDM00599,1.892447,2.568804
422,AZ960,SIDM00579,0.057185,1.9176241
423,AZD8055,SIDM00487,0.463126,4.217299
424,P22077,SIDM00846,4.217735,3.529638
425,Afatinib,SIDM01092,2.27815,2.7218206
426,Afatinib,SIDM00367,2.330667333333333,2.7898948
427,SB505124,SIDM00842,3.5188466666666667,1.2757956
428,GSK2606414,SIDM00550,4.653727,4.429458
429,AZD8055,SIDM01042,-1.346714,4.254731
430,Afatinib,SIDM00789,2.687483333333333,2.9256923
431,AZ960,SIDM00091,3.210557,3.7218697
432,GSK2606414,SIDM00145,4.815123,3.0009358
433,P22077,SIDM00577,4.476656,3.8001218
434,AZ960,SIDM01161,0.699221,2.6523535
435,AZ960,SIDM00364,0.920865,1.332013
436,Afatinib,SIDM00534,0.6227520000000001,3.4248421
437,AZ960,SIDM00292,5.344215,4.399347
438,AZ960,SIDM00231,0.78426,3.1899164
439,AZ960,SIDM00056,0.862592,2.39366
440,P22077,SIDM01122,5.010959,4.349507
441,AZ960,SIDM00202,1.022206,2.383721
442,P22077,SIDM00199,5.933736,3.4351223
443,Afatinib,SIDM00042,2.314871333333333,3.4400089
444,Afatinib,SIDM01042,2.4408606666666666,2.4397333
445,Afatinib,SIDM00199,2.7839573333333334,3.160581
446,P22077,SIDM00905,4.16056,2.782849
447,Afatinib,SIDM00393,-4.125380666666667,2.837997
448,Afatinib,SIDM00968,2.2815856666666665,3.1870148
449,P22077,SIDM01120,2.680484,3.793009
450,Afatinib,SIDM00362,1.4372746666666665,1.6390662
451,Afatinib,SIDM00889,-0.2758523333333333,2.5337503
452,Afatinib,SIDM00047,1.6099943333333335,2.7092838
453,RO-3306,SIDM00562,2.2025505,2.8751404
454,Afatinib,SIDM00114,1.658958666666667,4.469502
455,GSK2606414,SIDM00047,3.940549,4.2187095
456,P22077,SIDM00412,2.25922,1.4371393
457,GSK2606414,SIDM00441,2.52282,2.6750033
458,P22077,SIDM00553,1.558856,2.0165102
459,AZ960,SIDM00311,1.744031,3.4209878
460,AZ960,SIDM00276,2.994999,3.004954
461,Afatinib,SIDM01126,1.0952765,3.6000469
462,P22077,SIDM00285,2.239603,3.2123132
463,GSK2606414,SIDM00520,4.588548,4.790358
464,AZ960,SIDM00350,3.754037,3.0910423
465,P22077,SIDM00417,4.230637,3.86003
466,AZ960,SIDM00537,0.720661,2.6270525
467,AZ960,SIDM00211,-0.318171,0.853399
468,AZ960,SIDM00438,2.972307,2.5004609
469,P22077,SIDM00875,1.90071,2.9295442
470,GSK2606414,SIDM01047,1.827754,3.2491572
471,AZ960,SIDM00077,0.526398,3.1505177
472,AZ960,SIDM00103,2.966834,3.7818942
473,AZ960,SIDM00214,4.139443,2.9861104
474,Afatinib,SIDM00542,3.173537,3.7057974
475,Afatinib,SIDM00332,3.132527333333333,4.116176
476,Afatinib,SIDM00584,3.181506,3.5234344
477,P22077,SIDM00783,5.277958,3.0333128
478,P22077,SIDM01090,4.534136,2.7891128
479,GSK2606414,SIDM00842,3.195126,3.8895876
480,GSK2606414,SIDM00889,2.798198,3.6332517
481,Afatinib,SIDM00579,2.453146,2.399877
482,AZ960,SIDM00317,4.576612,4.872896
483,AZ960,SIDM00113,3.450104,4.346894
484,P22077,SIDM00294,2.921859,3.490544
485,GSK2606414,SIDM00316,3.937515,4.356812
486,P22077,SIDM00350,6.056679,3.5692852
487,JQ1,SIDM00971,2.296021666666667,4.7082877
488,AZD8055,SIDM00789,-0.9046525,4.474537
489,Afatinib,SIDM00583,2.538299,3.9905114
490,AZ960,SIDM00242,2.492293,2.050406
491,AZD6482,SIDM00875,3.3451163333333334,1.5260998
492,Afatinib,SIDM00539,-0.4138496666666666,3.1976874
493,Axitinib,SIDM00562,2.399571,3.485446
494,P22077,SIDM01095,3.674009,2.8938754
495,P22077,SIDM00416,3.385896,2.4174442
496,AZ960,SIDM00596,4.601757,4.0708475
497,AZ960,SIDM00606,3.583064,3.1264315
498,Afatinib,SIDM00489,-1.6928553333333332,2.5427852
499,GSK2606414,SIDM00202,3.049893,3.9996498
500,P22077,SIDM00976,5.353984,3.6582625
501,GSK2606414,SIDM00261,2.919925,3.2023494
502,GSK269962A,SIDM00971,3.244047,1.8486507
503,GSK2606414,SIDM00482,2.861577,3.225353
504,Tozasertib,SIDM00332,2.7254135,2.5656931
505,ZM447439,SIDM00528,2.6755195,3.7685544
506,GSK2606414,SIDM00230,2.997674,3.702535
507,Afatinib,SIDM00371,2.44545,4.456591
508,P22077,SIDM00136,4.681745,3.2664964
509,AZD8055,SIDM00677,0.3594465,4.5236692
510,GSK2606414,SIDM00422,2.949495,3.793631
511,P22077,SIDM00917,2.966187,1.7349094
512,P22077,SIDM00528,2.637179,3.4693367
513,P22077,SIDM00233,2.261326,2.3057568
514,AZ960,SIDM00193,3.201542,3.2253854
515,GSK2606414,SIDM00393,2.592303,4.335551
516,AZ960,SIDM00863,1.210911,2.0564134
517,Afatinib,SIDM01229,2.683892333333333,4.161321
518,P22077,SIDM00244,4.958139,2.6026256
519,AZ960,SIDM00917,0.076278,1.2439587
520,NU7441,SIDM01042,0.995044,1.9850489
521,Afatinib,SIDM00262,2.544236,3.9038613
522,GSK2606414,SIDM00311,4.202552,4.4992595
523,AZ960,SIDM01090,1.514177,2.3495748
524,P22077,SIDM00064,4.965274,3.9783075
525,Afatinib,SIDM01093,3.3222966666666665,3.7580488
526,AZ960,SIDM00482,-0.392242,1.4618113
527,Afatinib,SIDM00407,1.230909,1.2956579
528,P22077,SIDM00056,4.362946,2.566725
529,Afatinib,SIDM00544,2.81466,3.2564816
530,RO-3306,SIDM00971,4.515437,4.2183566
531,GSK2606414,SIDM00539,3.898234,4.7055507
532,P22077,SIDM01102,4.340036,1.940003
533,GSK2606414,SIDM00103,4.518048,4.8543124
534,GSK2606414,SIDM00196,3.490753,3.5265605
535,GSK2606414,SIDM00411,4.533621,5.827126
536,AZ960,SIDM00259,-0.874159,2.6730845
537,Afatinib,SIDM00202,1.4872983333333334,3.1333358
538,Afatinib,SIDM00935,-1.2102973333333331,1.2118086
539,AZ960,SIDM00948,0.986821,1.9278789
540,AZ960,SIDM00875,2.248622,2.6154687
541,Afatinib,SIDM00721,2.768385,4.6878476
542,Afatinib,SIDM01073,1.9454083333333327,2.061351
543,AZ960,SIDM00121,-0.870595,1.0680063
544,Afatinib,SIDM01041,1.7367656666666669,3.3124297
545,ZM447439,SIDM00332,4.0245295,4.6280026
546,AZ960,SIDM00136,2.131392,2.652759
547,P22077,SIDM00970,3.895853,2.1811013
548,AZ960,SIDM01155,1.365244,3.5576622
549,GSK2606414,SIDM00896,1.503716,2.8036306
550,GSK2606414,SIDM00577,4.612348,4.2975063
551,P22077,SIDM00592,5.223216,2.4121726
552,AZD8055,SIDM00537,0.178968,4.4411798
553,AZ960,SIDM00923,1.967189,2.6984692
554,Afatinib,SIDM00498,2.307637,2.837723
555,GSK2606414,SIDM00203,2.462133,3.849085
556,ZM447439,SIDM00954,0.952939,2.9719026
557,AZ960,SIDM01047,-0.039989,1.5305359
558,Afatinib,SIDM01146,2.64621,3.361975
559,P22077,SIDM01092,5.46253,3.094217
560,P22077,SIDM01168,4.964399,4.508229
561,AZ960,SIDM00367,0.320106,2.4162955
562,Afatinib,SIDM00121,1.719402,1.8233414
563,AZ960,SIDM00096,-1.851307,0.9704978
564,AZ960,SIDM00047,0.572964,2.5041072
565,P22077,SIDM01145,4.246344,2.8470967
566,P22077,SIDM00154,3.838134,2.50509
567,PF-4708671,SIDM01042,3.4856670000000003,3.408074
568,Afatinib,SIDM00056,1.8197926666666664,2.343552
569,Doramapimod,SIDM00971,5.261431999999999,3.1986098
570,GSK2606414,SIDM00364,2.117914,3.147772
571,Afatinib,SIDM01206,1.612126333333333,2.9267695
572,GSK2606414,SIDM00274,5.406334,4.946448
573,Afatinib,SIDM00591,0.1186946666666666,2.2108803
574,AZ960,SIDM00584,2.046236,3.417384
575,Afatinib,SIDM00445,1.0542466666666668,2.209968
576,Afatinib,SIDM00441,1.7711066666666666,1.1831267
577,AZ960,SIDM00181,1.554898,3.4202075
578,BI-2536,SIDM00241,-4.0850465,2.0563033
579,Afatinib,SIDM00156,1.866843,4.1010995
580,P22077,SIDM00487,5.21793,3.2774854
581,GSK2606414,SIDM00964,2.078967,3.2360353
582,AZD8055,SIDM00488,-0.057995,5.008109
583,JQ1,SIDM00241,0.8437746666666666,3.3549166
584,Afatinib,SIDM00520,3.1564556666666665,3.8414361
585,AZ960,SIDM00111,4.142452,3.4685938
586,GSK2606414,SIDM00498,4.328979,4.6695385
587,GSK2606414,SIDM00293,3.791486,4.3008847
588,Afatinib,SIDM00343,3.569107666666666,4.2324724
589,GSK2606414,SIDM00627,2.953178,3.9398742
590,P22077,SIDM00264,3.537779,3.6447985
591,AZD8055,SIDM00527,-1.0467715,4.7381406
592,AZ960,SIDM00086,0.476656,3.2565892
593,P22077,SIDM00466,8.700549,6.142988
594,P22077,SIDM00328,2.901451,3.5997038
595,AZD6482,SIDM00971,2.1949815,4.2909484
596,AZ960,SIDM00388,2.953605,1.9582342
597,P22077,SIDM00584,5.558044,3.6923087
598,P22077,SIDM00364,2.518082,2.1342833
599,AZ960,SIDM00528,0.657398,3.0524027
600,AZ960,SIDM00196,0.953399,1.9400861
601,GSK2606414,SIDM01041,2.618771,4.3254814
602,AZ960,SIDM00362,-0.678898,1.2574869
603,Afatinib,SIDM00487,-0.51005,2.9093952
604,AZ960,SIDM01163,3.190407,5.001312
605,GSK2606414,SIDM00472,5.045211,5.2076945
606,AZ960,SIDM00600,1.215539,2.3554738
607,AZ960,SIDM00491,2.074559,3.2811267
608,Afatinib,SIDM00631,-0.6191429999999999,3.5114675
609,AZ960,SIDM00810,1.024377,2.8162746
610,GSK2606414,SIDM00976,4.093855,4.391247
611,AZ960,SIDM01259,2.562107,1.6707186
612,Afatinib,SIDM00267,0.381583,3.6733272
613,GSK2606414,SIDM00659,3.914195,4.5934834
614,Afatinib,SIDM00680,1.9138633333333328,3.5614805
615,AZ960,SIDM00668,2.978517,1.8668447
616,GSK2606414,SIDM00519,4.719602,4.575426
617,Afatinib,SIDM00810,3.176039333333333,3.1788733
618,AZ960,SIDM00316,0.470517,3.1305294
619,P22077,SIDM00885,4.050165,3.8033342
620,GSK2606414,SIDM00287,2.395158,2.9047635
621,AZ960,SIDM01233,2.582341,3.5765305
622,P22077,SIDM00384,2.121312,2.157175
623,AZ960,SIDM00465,1.685935,3.2236068
624,SB505124,SIDM00833,3.2481086666666665,2.8265765
625,Afatinib,SIDM00323,2.288955333333333,2.6405385
626,Afatinib,SIDM00316,2.144127,3.1595407
627,Afatinib,SIDM00793,2.422339,2.9106438
628,GSK2606414,SIDM00113,6.279732,5.46088
629,P22077,SIDM00202,4.264405,3.2601
630,Afatinib,SIDM00201,1.8286613333333328,2.1169322
631,Afatinib,SIDM00632,1.8904123333333327,1.5027473
632,GSK2606414,SIDM00227,3.298309,5.008535
633,GSK2606414,SIDM00180,2.712587,3.996518
634,GSK2606414,SIDM00885,5.3779,4.263977
635,P22077,SIDM00411,7.008563,5.0805693
636,P22077,SIDM00632,2.354397,2.0199928
637,PF-4708671,SIDM00241,1.282134,3.35479
638,GSK2606414,SIDM00535,3.812816,5.2968774
639,GSK2606414,SIDM00789,2.136051,4.4241548
640,AZ960,SIDM01160,5.20203,3.3280017
641,Doramapimod,SIDM00241,3.6432415,0.016705595
642,GSK2606414,SIDM00917,2.639727,2.9995673
643,SB505124,SIDM00783,2.8709670000000003,1.2955581
644,Afatinib,SIDM00438,2.901013333333333,3.0499268
645,GSK2606414,SIDM00176,3.667598,4.0520334
646,GSK2606414,SIDM00174,2.550006,4.2784886
647,P22077,SIDM00259,3.559271,3.4240787
648,GSK2606414,SIDM00483,6.258038,5.2182198
649,Afatinib,SIDM01220,2.839605333333333,3.2556412
650,P22077,SIDM01198,4.045959,2.150927
651,AZ960,SIDM01206,-0.00208,2.0807452
652,AZ960,SIDM00538,4.637155,2.896974
653,Afatinib,SIDM00541,0.5867994999999999,3.2596505
654,SB505124,SIDM00680,3.362598666666667,2.13333
655,GSK2606414,SIDM00308,1.09404,2.9531662
656,GSK2606414,SIDM00250,4.433006,4.204166
657,GSK2606414,SIDM00444,3.431029,4.2532744
658,P22077,SIDM00889,2.996678,2.5476189
659,AZ960,SIDM00241,4.535008,2.3638532
660,RO-3306,SIDM00954,3.0251185,2.5233366
661,AZD8055,SIDM00216,1.302736,4.266619
662,GSK2606414,SIDM00971,4.126879,5.642895
663,GSK2606414,SIDM00487,3.965399,4.1765666
664,P22077,SIDM01155,6.417253,3.8511412
665,GSK2606414,SIDM01132,3.957796,4.0592237
666,GSK2606414,SIDM00043,2.760535,3.6070783
667,P22077,SIDM00541,4.961924,3.6889498
668,GSK2606414,SIDM00114,5.964766,5.547726
669,P22077,SIDM00099,6.5376,5.2137322
670,P22077,SIDM00599,4.065136,2.7335887
671,AZ960,SIDM00550,2.628463,3.157602
672,GSK2606414,SIDM00242,1.575477,3.2563765
673,GSK2606414,SIDM01251,3.235952,3.024146
674,P22077,SIDM00101,5.341781,5.146779
675,GSK2606414,SIDM00953,3.773049,3.5680692
676,Afatinib,SIDM01175,3.395642333333333,4.8605237
677,GSK2606414,SIDM00631,6.011463,4.6443896
678,P22077,SIDM00835,6.575834,4.999635
679,P22077,SIDM00833,6.168627,4.491202
680,P22077,SIDM00679,4.426443,3.2080984
681,SB505124,SIDM00487,4.466935333333333,1.7575132
682,AZ960,SIDM01159,2.030322,3.1509087
683,GSK2606414,SIDM00264,5.52399,4.437381
684,PF-4708671,SIDM00562,3.1979430000000004,3.6684768
685,PF-4708671,SIDM00954,3.3993095,3.2660878
686,AZD8055,SIDM00562,-2.1781925,4.3999267
687,P22077,SIDM00896,1.882154,1.7098179
688,GSK2606414,SIDM00599,2.3129,3.5775273
689,Afatinib,SIDM00244,-0.4689514999999999,2.2198372
690,AZ960,SIDM00544,3.214324,2.5955546
691,GSK2606414,SIDM00542,4.271054,4.6478972
692,AZD6482,SIDM00885,4.174320666666667,2.3864188
693,AZ960,SIDM00817,1.761237,3.108256
694,Afatinib,SIDM00905,0.2614989999999999,2.401809
695,Afatinib,SIDM00719,3.131517333333333,5.1574965
696,P22077,SIDM01073,2.763075,2.4813428
697,BI-2536,SIDM01042,-2.4113465,2.0339932
698,GSK2606414,SIDM00086,5.274804,4.475291
699,AZ960,SIDM00489,1.939133,2.63295
700,Afatinib,SIDM00627,0.3075193333333333,2.45664
701,NU7441,SIDM00885,3.3566875,2.3359263
702,Afatinib,SIDM00111,2.774727,3.7857926
703,SB505124,SIDM00118,4.252528,1.2733208
704,JQ1,SIDM00875,1.5075770000000002,3.418289
705,P22077,SIDM00532,5.802488,3.7272701
706,P22077,SIDM00250,4.352462,3.0544336
707,AZ960,SIDM01042,1.109192,2.317077
708,Afatinib,SIDM00384,1.171463,1.4465612
709,GSK2606414,SIDM00056,3.61674,3.930571
710,Afatinib,SIDM00309,1.8079976666666664,3.80373
711,P22077,SIDM00201,4.78438,2.1338584
712,P22077,SIDM00444,5.220893,3.6485546
713,GSK2606414,SIDM00082,5.446486,4.8313904
714,AZ960,SIDM00377,1.434993,3.3258002
715,Axitinib,SIDM00971,4.179967,4.7378125
716,P22077,SIDM01114,4.195879,3.474939
717,JQ1,SIDM00528,0.6946496666666667,3.727803
718,Afatinib,SIDM00287,1.9625286666666664,1.3192867
719,AZ960,SIDM00201,2.988314,1.5325742
720,AZD8055,SIDM00842,0.7768525,4.5243545
721,GSK2606414,SIDM00136,4.620009,4.7148347
722,Axitinib,SIDM00631,4.18812,3.901014
723,Afatinib,SIDM00973,2.0609446666666664,2.5076854
724,Afatinib,SIDM00444,3.2111283333333334,3.3028445
725,P22077,SIDM00438,5.43747,3.349858
726,Afatinib,SIDM00638,2.2292853333333333,2.7418153
727,Doramapimod,SIDM00875,4.525199,-0.12765813
728,GSK2606414,SIDM01160,3.635866,4.7377257
729,Afatinib,SIDM00832,3.103981333333333,3.8376606
730,Afatinib,SIDM00900,1.9737243333333327,1.7276579
731,Afatinib,SIDM00243,1.231312,2.2009761
732,P22077,SIDM01047,2.991521,2.2942743
733,GSK2606414,SIDM00199,3.383079,4.5139384
734,GSK269962A,SIDM00631,3.4386925,0.043295898
735,P22077,SIDM00483,7.647462,4.308279
736,AZ960,SIDM00721,2.359227,4.0279775
737,P22077,SIDM01161,4.814897,3.0537474
738,Axitinib,SIDM00885,1.926529,3.7173998
739,Afatinib,SIDM01007,1.587534,2.2391295
740,P22077,SIDM00262,6.157186,4.028565
741,GSK2606414,SIDM00808,3.425277,3.304293
742,GSK2606414,SIDM00317,6.377013,5.789156
743,P22077,SIDM00551,5.033192,2.7754343
744,AZ960,SIDM00412,0.083657,0.7704332
745,P22077,SIDM00953,2.992303,2.920934
746,P22077,SIDM00968,4.93785,3.465399
747,Afatinib,SIDM00299,2.8144666666666667,3.829641
748,AZ960,SIDM00638,2.283323,2.7002406
749,AZ960,SIDM00659,1.645883,3.4116943
750,GSK2606414,SIDM00417,3.397583,4.3559566
751,GSK2606414,SIDM00350,3.363222,4.347333
752,AZ960,SIDM00569,-0.639313,3.0410976
753,GSK2606414,SIDM00810,1.84968,4.310199
754,AZ960,SIDM00407,-0.777865,0.837408
755,P22077,SIDM00962,1.852079,1.2028852
756,AZ960,SIDM00483,4.505865,4.0608735
757,P22077,SIDM00243,1.894276,2.7716806
758,Axitinib,SIDM00875,2.913103,3.6985285
759,Afatinib,SIDM01174,3.9402206666666655,4.5288353
760,AZ960,SIDM00261,-0.61908,1.4603888
761,ZM447439,SIDM00875,1.7975505,3.5742552
762,AZ960,SIDM01097,0.045079,2.2980433
763,P22077,SIDM00196,4.724028,2.6921904
764,P22077,SIDM00842,2.339374,3.195412
765,P22077,SIDM01132,3.697763,3.454943
766,AZ960,SIDM00389,1.951458,0.8388626
767,Afatinib,SIDM00841,2.836745333333333,4.21987
768,P22077,SIDM00224,6.268681,4.2941995
769,P22077,SIDM00292,6.102913,5.1831784
770,RO-3306,SIDM00875,2.796256,2.9280026
771,P22077,SIDM01251,1.971039,1.9892427
772,AZ960,SIDM00699,4.17933,3.7589319
773,Afatinib,SIDM00214,2.043354,3.0969982
774,Afatinib,SIDM00783,1.6552546666666668,2.5370686
775,P22077,SIDM01041,5.860814,3.5326622
776,P22077,SIDM00930,4.442808,3.447587
777,AZ960,SIDM00541,4.393839,2.997811
778,AZ960,SIDM00218,3.493591,5.874238
779,GSK2606414,SIDM00596,4.484312,5.272047
780,GSK2606414,SIDM00517,3.693507,4.1273956
781,P22077,SIDM00969,3.830035,2.8235466
782,Afatinib,SIDM00846,3.2332216666666667,3.438398
783,Afatinib,SIDM00266,1.970389333333333,2.500158
784,Afatinib,SIDM00182,3.150260333333333,3.592462
785,Afatinib,SIDM01133,2.248625666666667,3.4226882
786,Tozasertib,SIDM00885,1.3152195000000002,2.3411458
787,Afatinib,SIDM00837,0.2730919999999999,2.5865066
788,P22077,SIDM00504,3.467079,3.1830494
789,JQ1,SIDM00954,1.9073113333333327,3.2812724
790,Afatinib,SIDM00600,1.9694293333333333,2.5088196
791,P22077,SIDM01042,1.930989,2.712971
792,Afatinib,SIDM00427,2.043711333333333,2.4284537
793,P22077,SIDM00308,5.011812,1.9365573
794,ZM447439,SIDM00885,1.3492045,3.9170606
795,P22077,SIDM00538,5.819902,3.4080164
796,AZ960,SIDM00003,3.565579,2.5299342
797,GSK2606414,SIDM00700,5.661391,6.172087
798,GSK2606414,SIDM00412,2.467893,2.4696364
799,AZ960,SIDM00969,1.264193,2.3164885
800,P22077,SIDM00659,5.701326,3.8059402
801,GSK2606414,SIDM00612,4.119319,5.069762
802,GSK2606414,SIDM00102,4.835164,5.2422824
803,AZ960,SIDM00496,1.81017,3.2297647
804,Doramapimod,SIDM01042,2.0711785000000003,0.16179842
805,AZ960,SIDM00101,3.064779,4.614929
806,SB505124,SIDM01197,4.081966666666666,2.785631
807,Afatinib,SIDM00145,1.8075113333333328,1.9824464
808,AZ960,SIDM00900,0.213327,1.5539163
809,Afatinib,SIDM00623,2.497740333333333,3.0804713
810,AZ960,SIDM00203,2.797345,2.5853918
811,GSK2606414,SIDM00905,3.299329,3.7841675
812,P22077,SIDM00923,5.708011,3.1426783
813,GSK2606414,SIDM01092,2.286339,4.100932
814,P22077,SIDM00549,2.4216,2.3536048
815,GSK2606414,SIDM00332,3.272579,5.163737
816,AZ960,SIDM00310,0.959228,4.0190997
817,Afatinib,SIDM01237,3.357525666666667,5.040294
818,Afatinib,SIDM00576,1.3767803333333335,1.0231067
819,Afatinib,SIDM00023,-0.0970933333333333,3.221966
820,GSK2606414,SIDM00197,3.322615,3.9127104
821,GSK2606414,SIDM00623,5.395553,4.192978
822,AZ960,SIDM00174,-0.003154,2.9826324
823,RO-3306,SIDM00631,3.594179,3.3973658
824,AZ960,SIDM00420,1.416406,3.0921943
825,AZ960,SIDM00094,4.439627,4.1489844
826,P22077,SIDM01006,3.427171,2.497969
827,AZ960,SIDM00381,2.030513,3.482755
828,AZ960,SIDM01198,-0.385766,1.4676563
829,Afatinib,SIDM01161,2.399072666666666,2.6806405
830,Afatinib,SIDM01095,2.162075333333333,2.8680842
831,P22077,SIDM00102,6.869194,4.665812
832,GSK2606414,SIDM00699,4.338071,4.886567
833,GSK2606414,SIDM00600,4.731137,4.3394504
834,GSK2606414,SIDM01073,3.001602,3.6093667
835,Tozasertib,SIDM00954,2.769855,2.1610324
836,GSK2606414,SIDM01146,2.980476,4.524377
837,Afatinib,SIDM00948,1.6304170000000002,2.3646
838,GSK2606414,SIDM00233,4.171183,3.3860185
839,Afatinib,SIDM00565,1.7411806666666667,3.5072281
840,GSK2606414,SIDM00970,2.730337,3.4809968
841,AZ960,SIDM00599,1.090633,2.3015444
842,AZD8055,SIDM00241,-1.526465,4.273285
843,NU7441,SIDM00241,2.275751,2.0153503
844,AZ960,SIDM00234,0.369733,1.9448949
845,Afatinib,SIDM00596,2.7070646666666662,4.531834
846,AZ960,SIDM00551,0.236996,2.4917152
847,P22077,SIDM00317,7.908817,5.457506
848,Afatinib,SIDM00274,-0.5766235,3.7401814
849,Afatinib,SIDM00929,2.6483406666666665,3.3065019
850,AZ960,SIDM01183,1.936137,3.1873274
851,AZ960,SIDM01175,4.960154,4.612478
852,Afatinib,SIDM01248,3.055994333333333,3.9318452
853,P22077,SIDM00561,3.547565,2.1782985
854,P22077,SIDM00388,2.897741,2.6559424
855,BI-2536,SIDM00562,-3.4621375,2.2646093
856,GSK2606414,SIDM01102,4.034615,3.203053
857,Afatinib,SIDM00621,3.1583566666666667,3.8428195
858,Afatinib,SIDM00234,1.346548,2.450056
859,Afatinib,SIDM00528,0.8630813333333333,3.0824215
860,Afatinib,SIDM00127,-1.5603373333333332,2.9041736
861,Tozasertib,SIDM00562,1.5733514999999998,2.2170537
862,GSK2606414,SIDM00100,5.125467,5.1231565
863,Afatinib,SIDM00311,4.3042715000000005,3.5131109
864,Afatinib,SIDM00242,1.2030475,2.3512034
865,GSK2606414,SIDM00104,4.512569,4.9146466
866,Afatinib,SIDM00953,1.5446366666666669,3.0246115
867,Afatinib,SIDM00381,1.7871063333333332,3.5684679
868,Afatinib,SIDM00923,0.9726773333333334,2.7462285
869,P22077,SIDM00501,6.359029,3.7771103
870,AZ960,SIDM01237,3.65038,4.651366
871,AZ960,SIDM00930,2.094987,2.9962068
872,Afatinib,SIDM01006,1.941219,2.2020192
873,Afatinib,SIDM00094,2.1486413333333334,4.429793
874,Afatinib,SIDM00679,1.3728280000000002,2.8342326
875,GSK2606414,SIDM00263,2.928273,3.837794
876,AZ960,SIDM00498,2.18629,2.895798
877,AZ960,SIDM00120,3.590041,4.0762253
878,GSK2606414,SIDM00406,3.656901,2.3831599
879,Afatinib,SIDM00101,2.3685466666666666,4.759648
880,Afatinib,SIDM00930,2.519883333333333,3.2268827
881,GSK2606414,SIDM01163,5.68459,6.0532985
882,Afatinib,SIDM00251,2.3766190000000003,3.1466868
883,P22077,SIDM00445,5.616637,2.335982
884,Afatinib,SIDM00174,2.8134716666666666,3.013144
885,P22077,SIDM00127,5.413321,3.4025779
886,GSK2606414,SIDM01175,5.64047,5.492562
887,P22077,SIDM00120,6.265842,4.607383
888,Afatinib,SIDM00291,3.244849,3.219063
889,AZ960,SIDM00371,5.818114,4.280229
890,BI-2536,SIDM00885,0.1505959999999999,2.356135
891,AZ960,SIDM00889,3.014235,2.0951664
892,AZD8055,SIDM00498,0.7278435,4.8432775
893,AZ960,SIDM01132,1.927589,2.6368968
894,P22077,SIDM00276,2.814336,3.3838947
895,P22077,SIDM00077,4.76523,3.4689212
896,GSK2606414,SIDM00565,4.35514,4.8216023
897,GSK2606414,SIDM01011,4.5454,3.2594154
898,P22077,SIDM00269,4.92423,2.7528398
899,GSK2606414,SIDM00377,3.320878,4.420177
900,AZD8055,SIDM00971,1.484339,5.5349765
901,P22077,SIDM00508,1.468607,3.1207945
902,Afatinib,SIDM00577,1.181727,3.6603148
903,P22077,SIDM01146,3.789663,3.680252
904,GSK2606414,SIDM00292,5.41136,5.4092593
905,AZ960,SIDM00976,0.277398,3.230075
906,GSK2606414,SIDM00491,5.371401,4.577438
907,Afatinib,SIDM00538,3.2623056666666663,3.0345683
908,NU7441,SIDM00954,3.034783,2.0603225
909,Afatinib,SIDM00230,2.068062333333333,2.872364
910,P22077,SIDM00371,5.84362,4.7458925
911,P22077,SIDM00491,4.379501,3.7948804
912,AZ960,SIDM01006,-0.288657,1.7951466
913,AZ960,SIDM00118,2.235359,2.2389863
914,AZ960,SIDM01146,5.115905,3.1142983
915,GSK2606414,SIDM00193,3.7796,4.8756013
916,GSK2606414,SIDM01259,2.59892,3.3291128
917,Doramapimod,SIDM00954,4.3767005,0.255309
918,SB505124,SIDM00835,4.242252333333333,3.53139
919,AZ960,SIDM00343,3.560181,3.9830952
920,Afatinib,SIDM00519,3.6430443333333336,3.751113
921,AZ960,SIDM00023,1.846228,3.249429
922,P22077,SIDM00377,5.974772,3.871442
923,P22077,SIDM00082,3.283931,4.053981
924,Afatinib,SIDM00103,3.3439813333333337,3.7655501
925,P22077,SIDM00826,4.658934,3.1687315
926,GSK2606414,SIDM00438,3.427833,3.938879
927,AZ960,SIDM00954,4.743383,2.4742546
928,GSK2606414,SIDM01122,4.292918,4.8194804
929,P22077,SIDM00374,5.214057,2.4619398
930,Afatinib,SIDM01097,2.538488,3.0476334
931,NU7441,SIDM00875,3.1624795,2.3046873
932,AZ960,SIDM00104,3.069135,3.8175461
933,AZD8055,SIDM00875,0.144428,4.2900577
934,AZ960,SIDM00929,0.989947,3.2279747
935,P22077,SIDM00832,6.404039,4.22288
936,Afatinib,SIDM00817,1.6414143333333335,3.4003818
937,NU7441,SIDM00332,3.9139835,3.0658467
938,Afatinib,SIDM00096,1.6076846666666669,1.0172274
939,Afatinib,SIDM00374,2.2241283333333333,2.0700023
940,Afatinib,SIDM00976,2.469894666666667,3.347252
941,Afatinib,SIDM00842,2.507762666666667,3.1096153
942,AZD6482,SIDM01042,0.7705216666666667,1.330788
943,GSK2606414,SIDM00863,2.441361,3.6767848
944,Afatinib,SIDM01245,1.140959,2.0170991
945,P22077,SIDM00441,3.87005,1.4688791
946,Afatinib,SIDM00205,2.7261393333333337,2.9660017
947,GSK2606414,SIDM00584,3.732139,4.4344163
948,JQ1,SIDM01042,0.1881913333333333,3.3713455
949,Afatinib,SIDM00292,3.134847,5.144277
950,P22077,SIDM01206,2.114055,2.979243
951,P22077,SIDM00537,3.447436,3.0932162
952,GSK2606414,SIDM00371,3.906255,5.7221203
953,GSK2606414,SIDM00420,3.930611,4.5334516
954,Afatinib,SIDM00416,2.033166,2.021624
955,Afatinib,SIDM00550,1.780744,3.286453
956,GSK269962A,SIDM00954,2.7784146666666665,-1.0921129
957,P22077,SIDM00422,4.327924,2.814782
958,JQ1,SIDM00332,3.7372906666666665,4.066346
959,P22077,SIDM00569,5.47997,3.7321649
960,GSK2606414,SIDM00127,4.021645,4.3492002
961,P22077,SIDM00113,7.969652,4.9777274
962,AZ960,SIDM01122,3.340345,3.7490623
963,P22077,SIDM00320,3.739778,4.9312944
964,GSK2606414,SIDM00427,2.834058,3.6076002
965,AZ960,SIDM00519,1.401331,3.6809025
966,GSK2606414,SIDM00269,2.74421,3.6744225
967,Afatinib,SIDM01120,3.1189265,3.8862178
968,AZ960,SIDM00406,-0.815508,0.6520311
969,AZ960,SIDM00905,2.797054,2.4418406
970,GSK2606414,SIDM00267,3.644823,4.7805715
971,Afatinib,SIDM00233,1.9830436666666664,1.8593509
972,P22077,SIDM00216,4.279839,3.0246768
973,AZ960,SIDM00627,2.791604,2.6344125
974,Afatinib,SIDM00203,1.8355236666666668,3.1957247
975,GSK2606414,SIDM00538,4.296271,4.7698016
976,AZ960,SIDM00043,1.361087,2.2295153
977,AZD8055,SIDM01090,-0.4478919999999999,4.526983
978,Afatinib,SIDM00834,1.7589940000000002,4.0346026
979,Afatinib,SIDM00120,0.8837033333333334,4.301761
980,AZ960,SIDM00688,0.104461,1.280723
981,Afatinib,SIDM00252,2.8176590000000004,3.6712584
982,P22077,SIDM01205,2.680722,2.557405
983,Afatinib,SIDM00472,1.3248476666666666,4.1421413
984,Afatinib,SIDM00104,3.286809,3.8591077
985,Afatinib,SIDM00422,2.262165,2.329819
986,GSK2606414,SIDM00309,3.769658,4.6915803
987,P22077,SIDM00527,2.827954,3.3603013
988,GSK2606414,SIDM00042,4.226871,4.968494
989,Afatinib,SIDM00835,0.8943410000000002,4.4754004
990,AZ960,SIDM01092,0.507731,2.522626
991,Ribociclib,SIDM00332,3.521047,1.6570132
992,P22077,SIDM00362,1.655986,1.9182137
993,Afatinib,SIDM00488,0.70524,2.9894722
994,GSK269962A,SIDM00562,-0.2017076666666667,-0.8778632
995,Afatinib,SIDM00225,2.842792,3.1540096
996,GSK2606414,SIDM00285,3.129301,3.8593595
997,AZ960,SIDM00114,6.127574,4.486152
998,P22077,SIDM00214,4.689196,3.468158
999,BI-2536,SIDM00528,1.240399,2.4739337
1000,P22077,SIDM00346,4.532062,2.1496274
1001,GSK2606414,SIDM00543,4.090925,4.178243
1002,GSK2606414,SIDM00489,3.4003,4.2122045
1003,P22077,SIDM01237,4.122141,5.189978
1004,P22077,SIDM00732,5.94147,4.0107636
1005,P22077,SIDM01159,6.124193,3.867233
1006,P22077,SIDM00406,1.126092,1.2059978
1007,P22077,SIDM01011,3.42585,2.2606468
1008,Afatinib,SIDM00424,2.113003,2.1301897
1009,Afatinib,SIDM00732,3.0184619999999995,3.5784748
1010,P22077,SIDM00326,5.353232,3.5853984
1011,AZ960,SIDM00549,1.627786,1.5520552
1012,Afatinib,SIDM00833,2.1079003333333333,4.0053086
1013,P22077,SIDM00562,3.579492,3.357895
1014,Afatinib,SIDM01187,1.022277,3.7828038
1015,AZ960,SIDM00250,1.953012,2.6832929
1016,AZ960,SIDM00793,3.980346,2.5305789
1017,GSK2606414,SIDM00101,4.496431,5.6129093
1018,Ribociclib,SIDM00528,3.956477,0.57884645
1019,GSK2606414,SIDM00098,3.920094,4.6623406
1020,P22077,SIDM00181,5.733977,3.8815556
1021,Afatinib,SIDM00864,0.2802283333333333,2.45765
1022,Afatinib,SIDM00227,2.655813,4.057672
1023,GSK2606414,SIDM00099,5.857106,5.749272
1024,GSK2606414,SIDM00418,4.753408,5.6756115
1025,AZ960,SIDM00277,-0.812024,0.35310608
1026,RO-3306,SIDM01042,1.4647,2.6559303
1027,Afatinib,SIDM00967,-2.450738333333333,3.6521876
1028,P22077,SIDM00145,4.573488,2.0979269
1029,GSK2606414,SIDM00490,4.36117,4.9065895
1030,SB505124,SIDM00826,2.4044696666666665,1.5672185
1031,AZD6482,SIDM00241,-0.1134256666666666,1.2707142
1032,GSK2606414,SIDM01174,5.195368,5.2551703
1033,GSK2606414,SIDM01205,2.879715,3.3997624
1034,AZ960,SIDM00680,3.027271,3.3563511
1035,AZ960,SIDM00583,3.056868,3.7321298
1036,GSK2606414,SIDM00973,3.964002,4.266628
1037,Axitinib,SIDM00954,2.720701,3.6420338
1038,Afatinib,SIDM00263,1.992229,3.236261
1039,Afatinib,SIDM00659,2.8348696666666666,3.4705012
1040,AZ960,SIDM00973,2.265693,2.666248
1041,P22077,SIDM01160,4.91084,3.8705673
1042,Afatinib,SIDM00875,1.2577023333333333,2.5006144
1043,SB505124,SIDM00537,4.239175,1.5946188
1044,P22077,SIDM00205,2.89118,3.121496
1045,P22077,SIDM00781,6.928123,4.6907015
1046,Afatinib,SIDM00655,1.682211,3.2643173
1047,AZ960,SIDM01197,6.00665,3.751426
1048,AZ960,SIDM00501,4.881625,3.3451052
1049,P22077,SIDM01248,5.399699,4.17749
1050,GSK2606414,SIDM00606,4.047187,4.36278
1051,SB505124,SIDM00541,2.9407523333333336,2.1412039
1052,AZ960,SIDM00621,3.817558,3.0654492
1053,AZD8055,SIDM00885,1.9375035,4.4884667
1054,Afatinib,SIDM00302,2.5230183333333334,2.8173602
1055,GSK2606414,SIDM00243,2.304592,3.643173
1056,AZ960,SIDM00964,0.668412,1.7506346
1057,AZ960,SIDM00156,1.832296,3.4944868
1058,GSK2606414,SIDM00262,4.339978,4.4700317
1059,Afatinib,SIDM00517,-2.446484666666666,2.448576
1060,Afatinib,SIDM00195,2.686905,4.1382103
1061,P22077,SIDM01098,3.367658,3.778443
1062,AZ960,SIDM00422,-0.219873,2.0566728
1063,SB505124,SIDM00214,2.831634,1.9222461
1064,SB505124,SIDM01090,2.7639936666666665,1.2622184
1065,AZ960,SIDM00099,2.469136,4.9273486
1066,AZ960,SIDM00540,0.474538,2.1670287
1067,P22077,SIDM00792,3.180114,3.7517488
1068,GSK2606414,SIDM00320,5.154406,5.433597
1069,AZ960,SIDM00127,2.549198,3.1015346
1070,P22077,SIDM00600,5.322864,2.9123104
1071,Afatinib,SIDM00176,2.373975,3.1641114
1072,GSK269962A,SIDM00528,2.941526,-0.7591429
1073,SB505124,SIDM00789,4.790588333333333,1.6884476
1074,AZ960,SIDM00677,2.629074,2.3851793
1075,GSK2606414,SIDM00975,5.302773,4.4007916
1076,Afatinib,SIDM00211,1.828863,1.4494146
1077,GSK2606414,SIDM00781,5.162652,5.576047
1078,GSK269962A,SIDM00875,3.06403,-1.9800134
1079,Afatinib,SIDM01064,2.343491,2.7652853
1080,GSK2606414,SIDM00231,3.817436,4.481959
1081,P22077,SIDM01175,6.990525,5.234648
1082,Afatinib,SIDM00289,1.7911963333333334,1.6556515
1083,AZ960,SIDM00445,2.460955,2.2041533
1084,AZ960,SIDM00180,0.608721,2.4605439
1085,AZD8055,SIDM00136,0.6001915,4.897361
1086,P22077,SIDM00114,3.520511,5.0117297
1087,Afatinib,SIDM00677,1.4035803333333332,2.5177877
1088,AZ960,SIDM00935,-0.056163,1.5830591
1089,SB505124,SIDM00781,3.5672726666666663,2.7155144
1090,Afatinib,SIDM01233,2.232569333333333,3.8308017
1091,AZ960,SIDM00970,3.748145,1.9760066
1092,GSK2606414,SIDM00323,2.473701,3.5548542
1093,Afatinib,SIDM00216,0.177181,2.7977421
1094,AZ960,SIDM00269,0.911984,2.081979
1095,Afatinib,SIDM00508,2.7660165,2.927829
1096,GSK2606414,SIDM00094,3.916512,5.171495
1097,Afatinib,SIDM00411,1.801141,4.6359715
1098,AZD8055,SIDM00781,1.3538535,5.2607827
1099,GSK2606414,SIDM00583,4.691187,4.931858
1100,P22077,SIDM00591,1.867904,2.5153327
1101,P22077,SIDM00448,3.613845,3.2577276
1102,GSK2606414,SIDM00638,3.907913,3.790549
1103,GSK2606414,SIDM00260,4.048703,4.628388
1104,P22077,SIDM00176,4.205036,3.2779622
1105,GSK2606414,SIDM00023,4.157498,4.5798993
1106,Afatinib,SIDM01019,1.9638756666666664,2.3432546
1107,P22077,SIDM00091,6.308221,4.245227
1108,P22077,SIDM00638,4.017644,3.0372765
1109,GSK2606414,SIDM00562,3.186961,4.1288543
1110,Afatinib,SIDM00077,2.749827,3.0880635
1111,Afatinib,SIDM00276,0.658404,2.945353
1112,P22077,SIDM00837,3.665383,3.1434698
1113,AZ960,SIDM01229,3.690804,3.4755104
1114,GSK2606414,SIDM00537,3.701862,4.325834
1115,Afatinib,SIDM00969,0.542702,2.4299595
1116,AZ960,SIDM00832,4.521433,3.465757
1117,AZ960,SIDM00632,-1.349823,1.4591776
1118,AZ960,SIDM01174,5.790213,4.21874
1119,AZ960,SIDM00719,5.304368,4.4562325
1120,Afatinib,SIDM00490,2.667277666666667,3.8284175
1121,BI-2536,SIDM00631,1.337033,2.779064
1122,GSK2606414,SIDM00948,3.717952,3.4068022
1123,GSK2606414,SIDM00974,3.80978,3.91105
1124,AZD8055,SIDM00826,-1.051434,4.918228
1125,GSK2606414,SIDM00528,4.120633,4.2765656
1126,Afatinib,SIDM00196,1.8464270000000005,2.6788523
1127,Doramapimod,SIDM00885,4.2103225,0.9635849
1128,AZ960,SIDM00287,-0.444428,0.98369783
1129,Afatinib,SIDM01011,2.106185,1.8909059
1130,P22077,SIDM00834,3.337088,4.4820623
1131,Afatinib,SIDM00044,2.638999666666667,3.7204673
1132,P22077,SIDM00367,3.205787,3.1480677
1133,AZ960,SIDM00323,0.889043,2.1324456
1134,GSK2606414,SIDM00841,4.121502,5.491255
1135,P22077,SIDM00542,6.288673,3.9760964
1136,Ribociclib,SIDM00562,3.178132,0.4116349
1137,GSK2606414,SIDM00592,2.490291,3.5210702
1138,ZM447439,SIDM00971,4.7831995,5.2992005
1139,SB505124,SIDM00488,4.631790333333334,2.0628693
1140,P22077,SIDM00951,3.126975,1.770547
1141,Ribociclib,SIDM00971,4.654895,3.2138436
1142,Afatinib,SIDM00198,1.484557,3.3041885
1143,Afatinib,SIDM00896,1.260093666666667,1.3354722
1144,Afatinib,SIDM01205,2.0786703333333336,2.2736173
1145,P22077,SIDM00863,4.896396,2.7413766
1146,AZ960,SIDM00535,1.969182,4.314895
1147,Afatinib,SIDM00813,2.343469333333333,1.493245
1148,P22077,SIDM00375,4.88571,3.4119716
1149,GSK2606414,SIDM00551,4.546407,4.023663
1150,Afatinib,SIDM00569,1.9411776666666665,3.3345153
1151,Afatinib,SIDM00257,2.425631333333333,2.7683127
1152,P22077,SIDM00180,4.011651,2.9604495
1153,P22077,SIDM00520,6.13655,4.229376
1154,Afatinib,SIDM00808,1.8368853333333333,2.0697017
1155,Afatinib,SIDM00958,1.821818,1.7163173
1156,GSK2606414,SIDM00814,2.876305,3.8242795
1157,Afatinib,SIDM01114,2.6538403333333336,3.1569755
1158,P22077,SIDM00121,3.258219,1.9624977
1159,Afatinib,SIDM00792,2.842717,3.5788472
1160,GSK2606414,SIDM01168,3.947575,5.4218507
1161,Afatinib,SIDM00504,1.986443,2.8047225
1162,GSK2606414,SIDM00388,3.266979,3.4287887
1163,P22077,SIDM00274,4.157796,3.9816275
1164,P22077,SIDM00973,3.602918,2.8298047
1165,P22077,SIDM00137,6.104442,4.137897
1166,P22077,SIDM01229,2.834349,4.3074346
1167,AZ960,SIDM00137,-0.384013,3.5378025
1168,AZ960,SIDM00962,-0.989035,0.5024901
1169,GSK2606414,SIDM00121,2.587282,2.912627
1170,AZ960,SIDM00100,3.676335,4.213004
1171,AZ960,SIDM00154,0.671344,2.0996826
1172,GSK2606414,SIDM00846,3.076002,4.203521
1173,JQ1,SIDM00562,2.053346,3.58787
1174,GSK2606414,SIDM00835,4.988554,5.864124
1175,AZ960,SIDM00293,2.733343,2.94068
1176,P22077,SIDM00864,5.651968,2.8277931
1177,AZ960,SIDM01064,0.479338,2.4842904
1178,Ribociclib,SIDM00241,3.617627,-0.3688762
1179,AZ960,SIDM01168,2.462427,3.8252227
1180,GSK269962A,SIDM00885,2.960499,-0.7451839
1181,AZ960,SIDM00758,3.787166,3.1796534
1182,P22077,SIDM00576,5.11244,1.2891548
1183,P22077,SIDM00332,7.16891,4.6316457
1184,GSK2606414,SIDM00096,1.130553,2.9621212
1185,Afatinib,SIDM00501,-0.195354,3.4362652
1186,P22077,SIDM00612,7.076169,4.447649
1187,Afatinib,SIDM00180,0.7968235,2.6050887
1188,SB505124,SIDM00498,4.820213,1.7170821
1189,P22077,SIDM00543,5.17446,2.9557326
1190,PF-4708671,SIDM00875,4.5567645,3.8677514
1191,Afatinib,SIDM01047,2.404359,2.1484878
1192,P22077,SIDM00045,1.091332,1.6775092
1193,GSK2606414,SIDM00211,1.099546,2.758826
1194,Ribociclib,SIDM00954,4.214242,0.0920429
1195,P22077,SIDM00680,6.105712,4.0228305
1196,Afatinib,SIDM01132,2.304419,3.3078263
1197,AZ960,SIDM00384,-0.270954,1.2483386
1198,AZD8055,SIDM01233,0.164789,5.1609035
1199,GSK2606414,SIDM01155,5.971947,4.6574874
1200,P22077,SIDM00814,4.12983,2.9986796
1201,SB505124,SIDM00136,3.430766,1.8052841
1202,GSK2606414,SIDM00832,4.483776,5.0654817
1203,AZD8055,SIDM00835,2.9260475,5.5719886
1204,Doramapimod,SIDM00332,3.270955,1.8987608
1205,GSK2606414,SIDM00362,2.390327,2.8994
1206,Afatinib,SIDM00962,1.61104,1.0118219
1207,AZ960,SIDM00490,1.602719,3.8302972
1208,RO-3306,SIDM00528,3.74032,3.1550682
1209,Tozasertib,SIDM00875,3.60901,2.2214277
1210,P22077,SIDM00668,4.719079,2.5519776
1211,P22077,SIDM00465,6.814378,3.671312
1212,Axitinib,SIDM00241,2.105181,3.293872
1213,Afatinib,SIDM00326,1.8071563333333327,3.080963
1214,AZ960,SIDM00233,-1.140623,1.5868305
1215,AZ960,SIDM00182,5.340672,3.275937
1216,Afatinib,SIDM00285,1.712925,3.043783
1217,P22077,SIDM00174,5.480765,3.2432625
1218,Afatinib,SIDM00346,1.7861336666666665,1.9568183
1219,Afatinib,SIDM01102,1.539338,1.6296088
1220,AZD8055,SIDM00534,-0.342091,4.787603
1221,Afatinib,SIDM01198,2.128969,1.848146
1222,Tozasertib,SIDM00971,6.834338,3.5081813
1223,P22077,SIDM00420,5.859183,3.582248
1224,GSK2606414,SIDM00549,3.359843,3.2753515
1225,P22077,SIDM00287,2.321271,1.7497808
1226,PF-4708671,SIDM00885,3.875483,3.838714
1227,SB505124,SIDM00832,4.884255333333333,2.3636413
1228,P22077,SIDM00203,4.46601,3.2245777
1229,PF-4708671,SIDM00631,4.624778,4.2275352
1230,AZ960,SIDM00517,3.423706,2.4725606
1231,P22077,SIDM00394,4.423753,3.5889018
1232,Afatinib,SIDM01163,3.295183,5.4213033
1233,Tozasertib,SIDM00528,3.832862,2.4670146
1234,AZD8055,SIDM00954,1.097702,3.8877723
1235,AZ960,SIDM00394,4.78615,3.1463857
1236,AZ960,SIDM00251,1.676233,2.94997
1237,P22077,SIDM00964,4.82691,1.9432318
1238,GSK2606414,SIDM01183,2.915656,4.6294928
1239,Afatinib,SIDM00188,2.2684236666666666,3.975227
1240,P22077,SIDM00975,6.244622,3.6340857
1241,AZ960,SIDM00267,4.979356,3.3560474
1242,P22077,SIDM00195,5.736787,4.198113
1243,P22077,SIDM00808,2.854321,2.4173958
1244,AZ960,SIDM00592,0.279353,2.0011594
1245,GSK2606414,SIDM00501,5.511576,4.582514
1246,Afatinib,SIDM00527,1.8681816666666664,3.1638591
1247,GSK2606414,SIDM00969,3.353822,4.007478
1248,P22077,SIDM00003,4.086807,2.7172086
1249,Afatinib,SIDM01183,3.082514,3.8596995
1250,P22077,SIDM00472,6.670591,4.636113
1251,Afatinib,SIDM00308,1.3551503333333332,1.8000396
1252,AZ960,SIDM00417,0.854269,3.0643075
1253,GSK2606414,SIDM00389,3.097963,2.5017815
1254,Afatinib,SIDM01247,1.75761,2.1411014
1255,Afatinib,SIDM00537,1.604342333333333,2.7756283
1256,AZ960,SIDM00783,0.273473,2.3644035
1257,AZD8055,SIDM00332,-0.685108,4.63456
1258,NU7441,SIDM00562,2.3264205,2.248198
1259,GSK2606414,SIDM00214,4.196162,4.68333
1260,Ribociclib,SIDM00875,3.922469,-0.61182296
1261,Afatinib,SIDM00885,2.3297326666666667,3.4373558
1262,SB505124,SIDM00193,3.220117,2.1419942
1263,AZ960,SIDM00842,2.788211,2.5427027
1264,Afatinib,SIDM00466,3.925546333333333,5.6645837
1265,GSK2606414,SIDM00864,3.60453,3.892492
1266,AZ960,SIDM00328,2.925883,3.0892897
1267,Afatinib,SIDM00535,3.510892,4.861767
1268,GSK2606414,SIDM00241,2.590943,3.497849
1269,AZ960,SIDM01093,3.429409,3.6192667
1270,P22077,SIDM00565,5.8502,4.044806
1271,AZD6482,SIDM00528,1.706811,2.1275752
1272,P22077,SIDM01179,6.109572,3.9982588
1273,AZ960,SIDM00859,-0.303537,1.3263503
1274,GSK2606414,SIDM01237,5.058523,5.961112
1275,P22077,SIDM00242,3.783681,2.434361
1276,P22077,SIDM00621,5.533489,3.8795621
1277,P22077,SIDM00517,5.534308,2.9385607
1278,GSK269962A,SIDM00332,3.240161333333333,0.16054378
1279,GSK2606414,SIDM00224,3.498737,4.6794105
1280,AZD8055,SIDM00193,0.0793249999999999,4.7252707
1281,P22077,SIDM00813,3.435672,2.0090013
1282,Afatinib,SIDM00317,3.0265560000000007,5.146528
1283,P22077,SIDM00098,6.267381,4.1920166
1284,AZ960,SIDM00565,2.796953,3.522814
1285,AZ960,SIDM00488,1.967567,2.9661345
1286,P22077,SIDM00974,5.434833,2.7925508
1287,Afatinib,SIDM00540,-2.07664,1.84257
1288,AZ960,SIDM00896,-0.975477,1.0794328
1289,AZ960,SIDM01095,2.573721,2.2592413
1290,AZ960,SIDM00198,1.422168,2.691491
1291,AZD8055,SIDM00837,-0.6855985,4.4108267
1292,AZD6482,SIDM00562,3.695167,1.9292935
1293,GSK2606414,SIDM01159,4.273438,4.474629
1294,GSK2606414,SIDM01229,3.837786,4.6665535
1295,Afatinib,SIDM00181,2.750725333333333,3.6337738
1296,GSK2606414,SIDM00394,4.001123,4.6193047
1297,Afatinib,SIDM00310,3.126113333333334,4.1161456
1298,Afatinib,SIDM00543,2.480536666666667,2.9752433
1299,P22077,SIDM00929,5.497389,3.6027257
1300,GSK2606414,SIDM00003,3.32064,3.876392
1301,Afatinib,SIDM00241,-0.336371,2.3178446
1302,Afatinib,SIDM01160,2.4705573333333333,3.3021908
1303,P22077,SIDM00324,4.434708,2.8667696
1304,P22077,SIDM01064,5.388057,3.2950358
1305,AZ960,SIDM00612,2.056503,4.090856
1306,AZ960,SIDM00145,4.241745,1.2595383
1307,AZD8055,SIDM00834,1.9518625,5.166635
1308,Afatinib,SIDM00250,-4.111123666666667,2.8339257
1309,AZ960,SIDM00205,1.745558,2.3036563
1310,GSK2606414,SIDM00205,3.492202,3.9789026
1311,Afatinib,SIDM00496,2.825711666666667,3.3181279
1312,GSK2606414,SIDM00201,3.839721,3.3731117
1313,Afatinib,SIDM00379,2.4131406666666666,3.4471974
1314,P22077,SIDM00393,3.026475,3.2182822
1315,Axitinib,SIDM00528,3.4586895,3.8196568
1316,AZ960,SIDM00129,2.195696,1.756761
1317,AZD8055,SIDM00118,0.0140629999999999,4.4717736
1318,AZD8055,SIDM00841,1.283356,5.1421905
1319,P22077,SIDM00579,2.368127,2.654909
1320,GSK2606414,SIDM00276,3.814932,4.303696
1321,Axitinib,SIDM01042,1.6100465,3.2901857
1322,GSK2606414,SIDM00111,4.340199,4.798716
1323,P22077,SIDM01093,4.001485,4.092197
1324,Ribociclib,SIDM00885,4.114708,0.7238939
1325,AZ960,SIDM01205,-0.190049,1.8408443
1326,GSK2606414,SIDM01006,3.687244,3.3954947
1327,P22077,SIDM01245,2.386123,2.1031857
1328,GSK2606414,SIDM00190,6.796554,4.811769
1329,P22077,SIDM00230,5.647758,2.9512918
1330,AZ960,SIDM00971,6.01238,4.642767
1331,P22077,SIDM01197,5.838486,4.3636303
1332,GSK2606414,SIDM01097,2.961974,3.91955
1333,GSK2606414,SIDM00968,5.915545,4.4283032
1334,Afatinib,SIDM01140,1.2370199999999998,2.2954924
1335,AZ960,SIDM00781,2.388053,4.106437
1336,P22077,SIDM00935,4.48734,1.4741685
1337,Afatinib,SIDM00606,1.9800513333333327,3.1379566
1338,AZ960,SIDM00418,5.189018,4.47757
1339,GSK2606414,SIDM00783,3.71318,4.2957473
1340,GSK2606414,SIDM01064,2.722199,4.012131
