,GGPS1,PDSS1,HMGCS2,IDI2,HMGCS1,MVK,ACAT2,ACAT1,FDPS,PDSS2,PMVK,DHDDS,MVD,HMGCR,IDI1
SIDM00519,1.3510734557991093,0.8877784774405345,-0.6881149978942297,-0.589014233947721,1.0853768018903363,-0.41963401408097833,2.115628202017624,0.8010804861327718,2.8799673768905985,-0.34972322897346525,1.4349041710700323,0.034345082104064374,-0.05116850556473117,1.2537456869715817,1.7357652479111174
SIDM00917,0.7363268658853901,0.24658294356649985,-0.7121309401864092,-0.645392098631372,1.6203989088882842,0.0905221476040007,2.328122615397938,0.571618518517897,3.1950610697877018,-0.262366275454803,1.3022912013847718,0.046540972488668654,0.7920098405375325,1.5262953210593053,2.688266170210091
SIDM00309,0.6806585869774524,0.9344170682190289,-0.7476333256616885,-0.577838471734234,1.5135285161549838,-0.2624683799240615,2.1905855387733393,0.954784090973499,2.7896319086943646,-0.07791940024765837,1.2114838330695847,0.4577495133072714,0.21796635193723438,1.5320815137641637,2.036955650466123
SIDM00099,1.1036880820167188,0.2837819430893926,-0.7021279910715764,-0.48947591959349845,0.5883104706813524,-0.560639297648716,1.6880244254139187,0.6708620725392492,2.732345916411231,-0.49492903902252183,0.4240223257111066,-0.034308835613322604,-0.16912471072613688,1.0078583021849765,1.436177881564461
SIDM00276,0.21678214297436085,0.06100158658655288,-0.681701640348292,-0.6162003798854486,1.5819417510748317,-0.02291632312462586,2.631149885570977,0.6002457059117374,2.693495267146012,-0.1569878955759866,0.8120787160474676,0.34710256192058087,0.576501193341912,0.9673477546012436,1.892432651786322
SIDM00311,0.5031715588698038,0.7458902336242962,-0.7532563228023135,-0.7195417388299813,1.065930438696799,-0.43887728143456856,2.2510934519976646,0.8141880733349468,2.233493885613077,-0.2550090828427827,0.8532062665818829,0.17485693083403459,-0.060079224571421376,1.265909265426212,1.5878786267938114
SIDM00970,0.94331337607506,1.1496847452545829,1.4205250776208762,-0.7084833785563087,1.9712487729532104,0.08254229102715195,2.4488725160241955,0.31301983138880823,2.7197754979028836,-0.36590201718111354,1.0282986352437677,0.08915959135103672,0.28540787526917355,1.6595549148314532,2.1443947877760983
SIDM00103,0.9391648286022697,0.46029678601848245,-0.7334543196469033,-0.5907770061209002,0.6957593795915542,-0.46136617911678235,1.6886143139599472,0.6755126127311989,2.5472509922066164,-0.23904700315610955,0.7166303786564915,0.09050878220144473,0.26128014135824623,0.8707529344336625,1.3379342416411082
SIDM00266,1.119076364680224,1.8257969951707047,-0.7302150821396459,-0.8415436712509894,2.543899214695082,-0.035160636248997595,2.743270221112306,0.9519662327651953,3.3198296596356967,-0.2048177467834586,1.4677010107717163,-0.08685615360601397,0.5807455129132629,2.340647387096654,2.667198283437373
SIDM01064,0.6531299122756524,1.324742766629666,-0.7492352739273409,-0.6168378441143001,1.061622329214519,-0.19157514407694506,2.004131513003939,0.7291323055269603,2.5635928011791353,-0.2101389231840956,1.2295685185689675,-0.05161894418540181,-0.21773159938574907,0.9530646953968351,1.5746353693348096
SIDM00098,1.0234743758030236,0.14821539717619914,-0.6048488303693647,-0.5686782956975923,2.107830135694239,-0.07760845209019158,3.193944153244925,0.36292904551226707,3.0565708879646047,-0.08346202888002034,0.5868576074581643,0.30185774030080526,0.4050531960617431,2.0708583623769394,1.7437761728207222
SIDM00225,0.9771885808406846,0.6036165145773178,-0.769901675989422,-0.5819336154575054,1.6390597602914594,-0.1082953817938502,2.6313486717997474,0.5812838966013902,3.2694371729188183,-0.15805699439309756,0.9479974392051765,0.14746052970148202,0.6946999024814938,1.8771012266909208,2.1126799557927045
SIDM00846,0.8540589272804918,1.10338191208257,-0.6707787010662105,-0.588333249946093,0.9628512862618843,-0.46124597515325416,2.349522224078931,0.7467880133494741,2.9473150512088035,-0.059021206961370865,1.3255965611849339,0.12962847438150277,-0.026660094593151655,1.3091270684177536,1.810439711160301
SIDM00291,0.8378151362135541,1.0266489073485905,-0.6378862441310406,-0.6691021316256955,1.5073638368717048,0.3919766459688949,2.3874757207094217,0.909937224633139,3.546321123844227,0.0020544260862288824,1.364366020519078,0.549990709062758,0.7353630894686253,2.084981721469345,2.0422527805379
SIDM00520,0.8281385093210971,0.5299765957686241,-0.7127174680846183,-0.7032618374826474,1.0883451452896957,-0.2740882475974007,1.8731266663670554,0.9862219531466997,2.5166384929695362,-0.41100411744098625,0.8459183866871421,0.5234862797144824,0.15137131901621234,0.6864995734445017,1.774418692355923
SIDM00003,0.5682143481434678,1.6145806321889613,-0.7677994107997214,-0.5046441469721056,1.0209989812313571,-0.34900022269242503,2.36228690240676,0.9468859281271995,2.5948701539041394,-0.32435680595849675,1.0621135912324229,0.14857088849561184,0.2345886130002671,1.3992776125160398,1.8267917853234714
SIDM00136,1.1872256419691727,0.9711023864932753,1.591745319942801,-0.6336940428237113,1.3601449477112775,-0.48957725964000864,1.9870024633595305,0.4940456032106272,2.5919131542455234,-0.1812160316238685,0.9167328280895545,-0.06124724922092653,0.30362092791999107,1.500944885353318,1.8595863584472463
SIDM01155,0.663085980463406,0.8553368272735943,-0.6904807179996342,-0.4933368079160341,1.7726354379212832,0.005853797071772732,2.865039009372417,0.8181170904192311,2.8648038694666154,-0.14393572025984874,0.756876675524495,0.17861713408453586,0.5715125158431701,1.7007040915057654,2.13858676337998
SIDM00224,0.6881934863591843,0.6592264584180093,-0.8375924352441034,-0.6380086996735346,1.6574090934965655,-0.16417263919483935,2.093184416017564,0.7143999584752139,3.0009498315874303,-0.3355372199160889,1.5038650990912603,0.4917267808392379,0.4797755041689793,1.4846340426908367,1.9877460738570194
SIDM00783,0.7286039135327369,1.3943923269653085,-0.7821418459614958,-0.5236536438860123,0.5808136472664328,-0.5362250058831843,1.1471086703457873,0.7495061081000495,2.0666144458908984,-0.226034466116514,0.6439438776930129,0.04664553634857451,0.2118056136177787,1.3633200788912443,1.093309521984935
SIDM00490,1.1840665144677858,-0.16353700227941767,-0.7021985549697969,-0.6565057350836369,0.49690442963194115,-0.6399243884436046,1.0857697192337359,0.5996917111251675,2.1652489288964847,-0.12516644838775068,0.9421123657616884,0.2732356511460934,-0.5311001692640125,0.8104732890704578,1.015798304613574
SIDM01090,0.559938844514173,1.247668031270902,-0.6502133468044999,-0.6327337333826561,0.2548700438838673,-0.6443147294747121,1.6525983080728897,0.931842974624816,2.276622971579772,-0.25770953097726434,0.7643671629960115,0.22753354784290636,0.28036405838118045,0.864384689525982,1.1211470842846618
SIDM00394,1.5691507191408953,0.8774011868334,-0.8218703690630773,-0.7191140465934512,1.046261313832762,-0.5770829985205798,2.2731444706037838,0.8439146548261889,3.085914458688263,-0.2762662337425505,1.0480700659201811,-0.38776933855051726,0.7699851083326534,1.3972709834706398,2.561063775660839
SIDM00538,0.9217258039152043,0.41445336134461885,-0.7051264686794458,-0.5870499174597777,1.137085889387322,-0.29350142794422557,2.269423298672538,0.30023143637230093,2.8706240451971596,-0.1051020787375293,0.4280208988563361,0.2552267601403531,0.7051471978219334,1.577663199098431,2.286642674922548
SIDM01140,0.9319041967998946,1.0480737902726052,-0.6522353954851654,-0.7117118856081853,2.021806917734016,-0.5022641247885955,2.284625198666366,0.8808568305502412,2.9392467927216237,-0.13625195213232802,0.9937974533090781,0.34223578275541494,0.49615693475492983,2.090192237603819,2.2055237820711997
SIDM00101,0.9984129497466984,0.7681884993598109,-0.820051720756066,-0.6566922770587519,1.5098761185575778,-0.26866643213013325,2.2281641907675,0.9088623488019987,2.8951530121407543,-0.5286490311597961,1.1996852805639218,-0.039843213634712986,0.37907263503292854,1.746061190699844,1.8271830051420057
SIDM00114,1.0030879787591314,0.38135977083417094,-0.8345721709761552,-0.6041406615106585,1.0598962286082338,-0.28084805486849057,2.2971395117451547,0.6724756427794034,2.483122951915383,-0.10959452152353971,0.9261710536099258,-0.18115535590683607,0.37622925318475875,1.5480172133398133,1.7687993480432596
SIDM00102,1.0245154701536803,0.7677799340309761,-0.7428946122670462,-0.4547906880705886,1.734049289512706,-0.10234398876983172,2.2210684384783232,0.6466887677165615,2.9230399011392225,-0.3709003618597186,0.9112899870010871,0.2958899278261358,0.1587575401790334,1.1832550044117092,1.6241342079391619
SIDM01122,1.1411111961409182,0.7043189693236486,-0.8704181428015009,-0.8563698894873191,1.2877971907818413,-0.3394466233357902,2.528646692337415,1.0950342470263665,2.548504951237057,0.0030417864025980104,1.1487502850244666,0.10734078731973004,0.14486604485102547,0.8926463139505743,1.6686553486282272
SIDM00261,0.6385979101127933,1.1915661284502297,-0.8259925957902626,-0.7164624586743827,0.5054997477219261,-0.5146597811662221,1.2463649345063725,0.1732983064949252,2.4302477407352923,-0.17516931226515656,1.029403520326396,-0.08285137723429951,-0.38340434639231125,1.2360448888984206,0.5402626022779927
SIDM00154,1.2280752828129837,0.6973963841024929,-0.7304841901780963,-0.5671647729495084,1.8916673996031375,-0.3104208015596517,2.334597188129928,0.05769400999150435,2.88922206592997,-0.5771264690557035,0.8504076071527393,-0.06954972321740907,0.6983332820897786,1.7957030253573147,2.477718348049689
SIDM00104,1.2709004085156326,-0.11118749098820607,-0.7615406302572428,-0.5324914986355279,1.0016211520630083,-0.4915233178310983,1.5683605052862373,0.8492924481595672,2.31493165072762,-0.0014406969562567448,0.5994118950720748,0.21246339175206455,0.16221539415089686,1.0620393238596326,1.3625753665808344
SIDM00267,1.085425996909547,1.264926375288092,-0.8338172070539503,-0.5812464155543755,1.3698162262010993,-0.5205738810372771,2.3326643720989444,0.806340150534112,2.4739267162507326,-0.22741476904558064,0.9319896220258843,0.12125176882624585,0.5651850611752613,1.0594973496713072,2.0289866981539735
SIDM00100,0.6259014774521794,0.04285321607092655,-0.7812452739728193,-0.8258765331943021,2.290847783748685,-0.02322191316587693,3.0258311308129104,0.615298335688367,2.8750856567814957,-0.21338891438336788,0.408010384399439,0.22449767299735388,0.8337475745365658,1.5512299253957098,1.6007036368957466
SIDM00826,1.4074289549153522,0.42508712506073953,0.9861882017762948,-0.6918311046111476,1.5070539651430621,-0.4206092866114208,1.3724093577021894,0.422520429587221,2.925267529973048,-0.06112433082917596,1.5305234144582027,0.31330749732291885,0.35362917796757826,1.5598066113305395,1.885429758039048
SIDM00310,1.1886410541815144,0.916645720340482,-0.5907085509688859,-0.6856388985636216,2.05987600460531,-0.10428412350677445,2.2882363217925774,0.6586309390282492,3.061231864735093,-0.5214662725628154,1.1615444141062243,0.39179140159239184,0.4228049913727803,1.5473010536292067,1.6143063795560437
SIDM00482,0.47822838751902613,1.3348517049642497,-0.5935091258567851,-0.6771965649699556,2.221863307697515,-0.1742224010400085,2.6669111556079033,0.9318807836777345,3.2629950525506097,-0.16736980262719,1.6894299677372424,0.09353475046693029,0.7455781620596106,2.0758159551163993,2.123160297852733
SIDM01247,1.3212801111912915,1.2568073250601233,-0.6214022181940051,-0.23814995501727027,1.9095405568548371,-0.11912187046455937,1.7791979404475478,0.4141018359337146,2.765496923905663,0.326604491425823,1.2152383456159195,-0.14213804828580684,0.5659876976293357,1.5473173996786487,2.139541611389328
SIDM00817,1.0663598917699675,1.685044681573788,-0.45209854425198887,-0.6535332900856407,0.9156402447905408,-0.1337104238784546,2.3318879699166177,1.131358555671787,2.7705356833558996,-0.49705126252532605,0.9971132715690653,-0.03055174685517169,0.10381365012979446,1.4071684609397104,1.6883543960920744
SIDM00448,0.48600285890654943,1.2091773368090164,-0.7500940872278636,-0.6932361241223698,2.3963363785552136,-0.17764955593475798,2.8816751216347156,0.8529050017604234,3.1823877264409703,-0.102190738171569,0.8782419668612227,0.0914312020728268,0.8046765558780589,1.5020540495212775,1.786144550302869
SIDM00086,1.0768214294468665,1.2711541314045138,-0.6338401629353518,-0.43495593772323093,1.0453848291102594,-0.5078844313599353,2.2924379912108273,0.9231810700603282,2.7890540953516783,-0.30506641945101787,0.7967122031357982,0.33075796697020554,0.3428132363952552,1.2978227172907595,1.8406693082075363
SIDM00466,1.120025333687743,0.06401840718076961,-0.7730150667675464,-0.6512698732586586,1.0370689960946342,-0.49390559208969637,1.5246212995767185,0.3655715777130107,2.8866218564287447,-0.377463736764121,1.3546222541046966,0.37604217044413973,0.04968155786278628,1.2987714471457832,1.7619689297507244
SIDM01132,0.81153555777794,1.1917221852715,-0.7211137512648597,2.1607365248406136,0.7902218408800716,-0.3500586447736472,2.7761092605669098,1.0792281723252455,2.9361430286044485,-0.30436325527905933,1.123595658435158,0.1789498291770085,0.16439862237028463,1.3853448127596348,2.3849742279404347
SIDM00465,0.962275933279467,1.2321051644830177,-0.6447929072391412,-0.7003817891574662,1.5533254333606252,-0.09451042729202619,2.6288768935413684,0.9624050232452886,3.3885631139082197,-0.01833927074491788,1.1421422015623044,0.13177385425133034,0.6711080421228905,2.145181704755843,2.1213835402464287
SIDM00565,0.8239314760495547,1.2111994427263812,-0.7150742088775156,-0.6266384563189507,1.2882098796001786,-0.2053171491147584,2.4095146219401986,0.44045630858033175,2.7883403898938237,-0.38211507642130094,0.90647480129801,0.2580119916672434,0.20336019379055878,1.6409330816049814,2.007953669316996
SIDM01092,0.15874431690845986,1.4516510380576926,-0.7547230659742469,-0.6612257905804833,1.8075828158295018,0.11063489753861419,2.906452391094914,0.7327306537388142,3.2631892290960685,-0.18222947497443648,1.2288539916063705,0.010246983737385248,0.6576094189407009,1.8459770501582327,2.107050794794707
SIDM00218,-0.06796453117665566,0.7257076562205376,-0.43060478611207686,-0.6878167957227389,1.3151416409153753,-0.45350180107534466,1.7452315247044021,0.7868465146206487,2.458551216274707,-0.17941398140693854,0.3026980608050001,0.02539174883808833,0.5695024593952435,1.6649104390754788,2.0672731850082533
SIDM00044,0.8882722371575646,1.198462721173868,-0.6479246904597415,-0.49196668782112407,1.8326768684336023,-0.26253078794801743,2.5454740044044226,0.6462942663543718,3.1132692314634127,-0.38244593940326166,1.1804885236121723,0.3427836126137414,0.5129462731101718,1.4135429140045348,1.760097486856457
SIDM00362,0.6924427889241369,1.6694169690167315,-0.7459203530750106,-0.587362352017684,1.991241901512861,-0.21598167257781395,2.7667698587487553,0.7412635281116114,3.2342804672585954,0.08220542386002642,1.5357442343743362,0.014322209489028893,0.5711540969831138,2.0792316420600288,2.28354068284109
SIDM00813,0.7615557320279341,0.7178458335518165,-0.856908470273407,-0.7268239182302855,1.1278980539002015,-0.3606467715767405,2.225318021415955,0.6910659554976468,2.9851285432327797,-0.08846208606794222,1.4438888794048828,0.07093464296127559,0.3993088029159501,1.390034076863802,2.4696976225816414
SIDM00364,0.8304174149728984,1.6348992314423898,-0.6260062918913196,-0.5681511130168292,1.245138896040195,-0.6194671313217585,2.3730328818854507,0.5665505329704266,2.320483370631753,-0.038409440045126725,0.46304210056124345,0.07433378310120813,0.03482864760319837,1.351671279474419,2.116855042662352
SIDM00792,1.1194717114825352,1.7633410717570033,0.5568538430112238,-0.599426847111213,1.5723862435219969,0.21377277317900076,2.254854231895998,0.6652300305489215,3.4172584079487076,0.4123102825733964,1.6132346753910194,0.24665085570986273,0.5513863231855057,1.617330391067437,2.206458982383208
SIDM00241,1.8767403680872285,1.6119203550900718,0.26808452460383975,-0.5391876448599102,2.26493083189873,0.5771466954046743,2.1731846061533093,0.569451036184611,3.2329062129049726,1.0411659571296665,1.4150678561174264,0.2425095129445072,0.6069848996313199,1.496382019708585,2.0328750045745254
SIDM00091,0.6986733010520058,0.6712872722129052,-0.6569828903722238,-0.696225439552436,1.312083867651748,-0.5956183740082993,1.9356795717888333,0.464450701065205,2.7414165877784464,-0.21275261679770552,1.3472166584113465,-0.18455043387017175,0.08990116146392944,1.4574359065465425,1.4613466048597397
SIDM00427,1.2059918963658074,1.524104228344499,-0.6666831417577629,-0.5290219319043848,0.7668313191001451,-0.6911705225016654,1.4611718883866809,1.0095269539652167,2.2756082597234073,-0.10249221725273677,0.7822884478512444,0.4873196220898091,-0.19601816185817822,1.3633352614029202,1.3653891097475184
SIDM00758,0.8935886312114965,0.37520723282697505,-0.47781278866667726,-0.7423673939570002,1.1625155244836536,-0.5845727224842123,1.6023701269386788,1.3148257028370265,2.315694487224903,-0.4946859021436729,1.4203710036143062,-0.024611780606511747,0.21535644343742916,1.6599283095781558,1.5434750706556275
SIDM00612,0.7414664437328666,0.9906135939595497,-0.7744971414795738,-0.8236783358179842,0.9485923485314353,-0.2695110390262063,2.3580524256589066,0.7370456466187228,2.303221881875141,-0.12656402420960314,0.9710041627289369,0.006417254537927999,-0.01463678222582915,1.2069382683074026,1.5592879517888643
SIDM00553,0.44634479162556207,1.9769357921750836,-0.6550634348350944,-0.5030608417651675,1.387651646638271,-0.3656721147460316,2.477513596848933,1.0607026453574846,2.8866191394149636,0.07657888154697944,1.1297256569462462,0.06706039539163866,0.6179631952917378,1.7248457654808915,2.132071443392016
SIDM00343,1.1717606011492296,0.342199470195972,-0.7704394925167182,-0.7984526732606966,0.6013397690279094,-0.538208550237496,2.5024249271900105,0.738201343351355,2.4721846112005923,-0.25672154071073294,1.0997555851450393,0.2005308792729475,0.04589128027141559,1.0219255445543411,1.3077752096719524
SIDM00543,1.1245122630155986,0.9510670561751676,-0.5458212902541124,-0.601312604270852,2.2036822203100557,-0.027326052518230434,2.7297064788332963,0.6862996697256889,3.2371511730163607,-0.21632647032296856,1.1973019899826165,0.25587728824904765,0.7958335289767112,2.3260713259092123,2.727965041895622
SIDM00537,1.1190238512533734,1.4779210423073095,-0.4906609958185753,-0.6364509357431012,1.3034581464415196,-0.3844216825315517,2.1662349390878153,0.8060184028470683,2.802088098743514,0.21858663679740672,0.9439946548491115,0.48564297672161816,0.42089565882875596,1.9438270783741571,1.8736676857115104
SIDM00332,0.7595890372269197,1.301821360113467,-0.8369389675604331,-0.7018894891396609,1.8786981836044792,0.04293945850738254,1.9305005573007816,0.8793850395560832,2.772777885991017,-0.41613308114012193,1.610345887176065,0.13856420799778918,0.41124585983965944,1.4197290410113317,2.010774929120275
SIDM00299,1.2692363818877337,0.6101989453403446,-0.7208244001967548,-0.682585533746983,1.9338280598637592,-0.041870225868062536,2.6404288525395168,0.6904136355012075,3.1245311388142976,-0.4250402328233379,1.081486838093966,0.009610697802650017,0.46203428700578997,1.5278659394051255,2.5776566987717087
SIDM00308,0.9501265291884176,1.3425164429252812,-0.7337255314257386,-0.5948728013719562,1.9097003932809358,-0.5707439147106605,2.4831546872338643,1.0718477928094297,2.762033237029264,-0.16497107603711267,0.6731212929069325,0.2046262440354855,0.4077828934134079,1.3890268545157038,1.6939714902289658
SIDM00227,1.1684163978271858,0.9835510230333867,-0.49684566363713495,-0.610431587825385,1.2530775569280252,-0.42542886726764406,1.699764610097728,0.3608709684271996,2.554514214397036,-0.39686626269188946,0.4978354761342705,-0.07304332077653221,0.18383488641225001,1.5170377053706174,1.7551548214674144
SIDM00294,1.1087161263155862,1.6005677687249795,-0.6874347206980476,-0.8664251128446848,1.0071969249105113,-0.5359531790789275,2.3848481880606798,0.7901129908744915,2.617384638874522,-0.5033649872020896,1.1368759754915725,0.11951907389409713,0.059333493523417324,1.3343624712538737,1.453947414542718
SIDM00677,1.3859756252142492,1.9417150136524224,-0.5352002755647102,-0.679315871971102,1.5373006281876345,-0.2707041632302827,2.261230584287668,0.45217201644961685,3.278162480375657,-0.1718256140355161,1.2932461105230848,0.004945017854794966,0.7294726137725435,1.9917636936337453,2.0667836761331784
SIDM01220,0.9676922536590292,0.8386834090376574,-0.7920591585488709,-0.7217186826989722,1.765325842806034,-0.15626710151869982,2.499258927343627,1.007932479980775,2.9688565389587533,-0.10534520980690713,0.9058862017403003,0.40627264858066314,0.6572985676309951,1.4207827025297932,2.106545634754371
SIDM01259,1.2327456905593885,1.1971961289197732,-0.723210950926018,-0.3577031962058166,0.960492575040486,-0.14084191445262037,2.0625435300485915,0.5964542972764831,2.8666159135995484,0.1425450792685663,1.2503145601985195,0.09867289942411361,0.45147243120322533,0.7585613434733247,2.0162168192576453
SIDM00680,0.6492848180299744,1.5729500499026978,1.262495601973556,-0.6726086445845164,0.8620601195905921,-0.5378153121314211,1.8588913262783648,0.8529149212417615,2.594778306219026,-0.039222409151453405,1.1325310692722814,-0.13894901949945881,0.1775799860640235,1.338353585844298,1.5401090644369866
SIDM00346,0.6777060086835547,1.7560621482213183,-0.786699333736134,-0.6909357782250248,2.070484372876477,-0.5370709850228971,2.4846154477338667,1.2969704705338196,2.5731646934277213,-0.07277340730836664,0.5334842029595136,-0.18761521444927973,-0.019303498096636812,1.6350151454558537,1.3785168464570858
SIDM00129,0.9596788136524115,0.9702957689066759,-0.6911029925601883,-0.4100136215710768,0.3356913756445558,-0.2104336084572354,1.3959594647355225,0.6986928655937796,2.9419566406580784,0.10189577610336777,1.0498176923543225,0.699605722667239,0.5786332166711923,0.8515810901661164,1.5887855321624798
SIDM00627,0.5099385995807975,0.7712463961662568,-0.7364414058021282,-0.7506962534453986,1.2066805742044044,-0.5502497305386223,1.6766610012956606,0.681967755854355,2.381050497370141,-0.36303499442773607,0.9195792854842464,-0.0964382923493046,-0.04597401355754233,1.5315989348649734,1.5305048519428421
SIDM00293,1.399662242579648,1.4330965125917432,-0.8252507919136126,-0.5904786282070187,1.723150199824138,0.001838867662801792,2.8080174591737115,0.45239603282387914,2.8956252192180467,-0.28749723785065057,1.0326667949813175,-0.12767740751422252,0.7972389512499075,1.8273267042525956,1.930383706741276
SIDM00274,0.9429237602052705,1.0435359943526403,-0.5328930251636246,-0.5826238219381701,1.999544850525399,-0.2670189804635541,2.1033750928794586,0.823431996980253,2.9832013234397845,0.029871679207798,1.1672738990902394,0.3264102076141545,0.34947414564508716,1.6323142971676772,1.7619473086970592
SIDM00544,0.4062996251596781,1.4134343486707444,-0.7519382951208564,-0.5127637506162002,1.3929820989958892,-0.5168646250241247,2.6580601783175197,0.5486508191952183,3.078263152618624,-0.23236272913318556,0.9505281236309947,-0.1593646752537558,0.15260983138603362,1.583301215727804,1.7863152148898402
SIDM01006,0.9274510764830686,1.1016186941297932,-0.5826746838897343,-0.6264951735017489,2.0723704429304193,-0.4358233025170118,2.4862667900508164,1.0539860484616501,3.174642084254815,-0.11277415844399126,1.5051596865428487,0.0006257270671612864,0.5755898573330872,1.8816175824377652,2.2453646225741513
SIDM00302,0.7289363826840233,0.9941052692163356,-0.8034152942771868,-0.4540429593424968,1.7703979737904625,-0.2881283408920807,2.549418220770966,0.7838206885110744,2.5226985441911496,-0.32147649418518726,1.0076050945182775,0.12863839978929223,0.20007679546141738,1.4746572530429123,1.7619217378138823
SIDM00549,0.5592741148467655,1.7628720818744041,-0.6578774215054164,-0.763608407328179,1.5582429599340941,-0.4434628918576752,2.5779731987795595,0.9836530081216294,2.810079462406448,0.06225596482976663,0.9339536069822196,0.03903715564866995,0.35980158165267373,1.765944868274379,2.274994352003432
SIDM00292,1.354789444691407,0.580925595997725,-0.7919079769255416,-0.6741433625550883,2.3003598316144753,-0.1752778876856916,2.6904136415854296,0.68069349260206,3.182365159217554,-0.2263980520468416,1.3128247654479754,0.10943947751356504,0.6852703319721603,2.0820481926300776,2.2091314683374685
SIDM00623,0.6108408408518775,1.6286723280357092,-0.7394055968913528,-0.5342094749725284,2.315773821889429,0.08895179186692458,2.3644057151247,0.7760484935647801,2.9550380342054132,-0.3412799023868651,1.5664001112647825,0.17052720327798623,1.0412514965534319,1.895233115557067,2.524327221891987
SIDM00638,0.3450699363059576,1.5246800515829975,-0.7285495842729379,-0.5138545444841492,1.3802559272645905,-0.1254592110809031,2.783004410810583,0.6133971086956633,2.9308090773204505,-0.3115638251484961,0.6410460578080519,0.21586652743333765,0.4671468084884769,1.5947840066507986,2.466707820285093
SIDM00527,1.1537219767005713,1.398652936478494,-0.7145606010825555,-0.5200124535641072,0.8346308682005201,-0.5575818498739623,2.0217110491559818,1.012678226985765,2.513958358100278,-0.27729709839983735,0.8507631520131671,0.04861988291424921,0.0009108970741479944,1.1079151241920815,1.4201373432309121
SIDM00976,1.1573653881408106,0.5122392601248545,-0.7602660963211507,-0.7466295823448482,1.4660187415490633,-0.4513448573294048,2.8010027426501685,0.4626687138935542,3.3620796991434343,-0.08860996369988547,1.07821232993285,0.12128062403206481,0.4227409635959507,1.6199684051557206,1.8066150702759391
SIDM00316,0.81583338843346,0.5825004300914336,-0.734526079990996,-0.5545819019319049,1.4695460672607168,-0.3801158194123302,2.6520314994024616,0.5846583699957688,2.5657858532491304,-0.2196602096954396,1.0993445809938804,0.15515404578473257,0.2339728867647877,1.3993291725611778,1.427380946164891
SIDM00326,0.7676038537784731,1.279356924278748,-0.7516013113023549,-0.7112025391512616,0.858271949626694,-0.5652751976604045,1.411252343757783,0.6090601265468307,2.415626828565486,-0.36891380543470953,0.7841957903553882,0.24471061828254304,0.23595485916257594,1.2979580997326492,1.304926842139066
SIDM01093,0.7428983509380197,1.045701101294219,-0.6746044161633831,-0.5620984876310241,1.5216139053460387,-0.35541994717209074,2.254870833409438,0.9276047276433683,2.5138316633132223,-0.4367390024989911,0.8355373736030157,0.08854509338528246,0.6301897839108936,1.1490021470250407,1.593831842025294
SIDM01098,1.0721662305458899,1.4054615356057067,-0.6749175484953639,-0.6098173636122078,0.6322023282660485,-0.2257802548786443,2.2038390397238525,0.7653286112456039,2.5975653579917055,-0.38714066057970564,1.0609946178431495,0.08044744497104464,0.1169774099071195,1.4254789397705403,0.8616715773752753
SIDM00424,0.8612844243359813,1.5101327073820918,-0.7303829812470544,-0.6444656129758567,1.3853834268054848,-0.4165228209938159,2.3363389991639494,0.83228968626994,2.916375806764519,-0.00793200967999998,1.7335340581721688,0.12738061918253168,0.8596098956131591,1.3226849976691886,2.069749536350544
SIDM00973,1.427985214291619,1.1033443767309807,-0.6400007505411094,-0.38169642351726335,0.5760399921309882,-0.5419507828999269,1.093573323146252,0.6228248299948956,2.6715663190498313,-0.35331371727630606,0.8095574343825565,0.06789824752239074,0.08967499425466009,0.9732527311133787,2.942449057502872
SIDM00411,0.9313219100484045,0.6909318498585292,1.0118986600509365,-0.6175666339962095,1.0642548031435632,-0.13770890479515444,2.2965054376979945,0.6979720832749714,2.5218502406873213,-0.27066816762553153,0.8706020133280684,-0.15251868252889583,0.06722082276740536,1.4939588186666888,1.3543304077654506
SIDM00374,0.6953941138592135,1.5926449720795703,-0.7500927889487012,-0.3974344261435775,0.8136883672814064,-0.31905346352109276,2.038971362772685,0.9151449097772272,2.970826449842697,-0.28799907855205603,1.94529063356097,0.08912042773427466,0.3767013659038016,1.0233627599980506,1.4776229725013839
SIDM01160,1.1790671749545711,0.7387909319782932,-0.6567071243355042,-0.5189448890216534,0.8074796053146904,-0.3545843373442864,1.6601178290857133,0.6657364256613697,2.249035925158314,-0.34564367456594397,0.7081337679205645,0.0695448969319739,-0.12869774815873167,1.4254132365106083,1.0669216901861913
SIDM00145,0.928055643416452,2.200345875377485,-0.7590288220785936,-0.6448543901850529,2.042084880201221,-0.28875119536249777,2.9527258857575602,0.6857447510721979,2.907972051321858,-0.31961727803500345,0.9124899303614681,0.0028641745467448423,0.7559436301828056,2.186897049151617,2.2035111879338967
SIDM00975,1.5691564847709638,-0.421101310041452,-0.7356882413966166,-0.628318055997501,0.28140344057239775,-0.4864399457636373,1.7522556589465144,0.5569196112889497,2.0884486498263373,-0.11757763125738958,0.16146951147157135,-0.013779811216412969,-0.3399247722099002,1.7975911483501252,1.0164407165258493
SIDM00971,1.9126949517722271,1.0626066204057663,2.0384652251149133,-0.5883717455306101,1.660214812025617,-0.23045504804983724,1.4994688610929772,0.541216187676626,3.07154923377068,-0.2840563861457789,1.8917818952412198,-0.009766802329219792,0.45003027263873013,1.7754249574332288,2.2255682892858384
SIDM00251,0.6052589462296037,1.7829982064157541,-0.41462758026038493,-0.6781963298273775,1.6265216065343089,-0.13007084067749247,2.2903038299032383,0.8734907603493026,2.9877142079780428,0.1307092901517761,0.6011772839419813,0.03284253409741297,0.6302625411595144,1.8638905806101707,1.867777793537228
SIDM00412,0.7267419622459454,1.5810532284887608,-0.6102181919334099,-0.5716382550726785,2.1236031343994637,0.019647783702803658,2.9301921765704333,0.9737614758534687,3.336139871144268,-0.31405003155929845,1.1123884413008753,-0.01451207643126348,1.0436391729066978,1.9781955707734433,2.2753655823686296
SIDM00023,0.8962779747758085,1.4133921377606489,-0.7163557826626676,-0.6553004671910759,0.9971876664752677,-0.5981193889602937,1.7808034759611866,0.9558269620352449,2.5756956084226785,-0.4121860203910845,0.7582001884664257,-0.11546506337295469,0.0939641739269638,1.0673080763612588,1.0108816979730335
SIDM01198,1.1249251026033062,1.0783953338101662,-0.7384362250990656,-0.44110610842911774,1.7076699822303272,-0.08389791982527345,2.3279952455902624,0.6256729651311778,2.9660699903354204,-0.08478469451253735,1.3763905590950833,0.05245542872808851,0.4614095694649839,1.422214920961285,2.3108883875533213
SIDM00441,0.6338821278719827,1.510965631401224,-0.6582943376067959,-0.5058780066150232,1.9058894906291266,-0.14082960438130035,2.6458557419646005,0.8295391469567543,3.2529977773621344,0.1120142860033212,0.9421157790734397,-0.23484890679958026,0.6423966993272157,2.2563131818119677,2.3284544681841814
SIDM00388,0.5541707281929901,1.5792436294576275,-0.7369652153197851,-0.6925729166642862,1.3200595855806965,-0.5085111660914065,2.122969546544821,0.9603694285259676,3.0844586122027406,-0.2127631752651565,0.9555864785420141,-0.03590764398602954,0.17193279258394756,1.3821199499403556,2.1358923048745098
SIDM00417,1.3568101066879081,0.8455933163919698,-0.7335076905794183,-0.727529301510811,1.2059427827808282,-0.5448032211636062,2.6487569033324134,0.4912089217129742,2.831564352862048,-0.3439321236517129,1.7236518071825204,0.26139464759603187,0.416877660413031,1.28261237956416,1.806263933102836
SIDM00416,1.3681285620116572,0.7693457120258177,-0.7208166328872035,-0.8092122718319043,0.9498040557105455,-0.4225910674429686,2.045334365887789,0.7226789428737246,2.693849825920302,-0.26539339765320036,0.9424773973562244,-0.051309939037816346,0.31469782538647256,1.3330446274836083,1.8056602990780617
SIDM00974,0.5390411426629115,0.7390006282393369,-0.6617836794123031,-0.5488023646330752,1.451527798538923,-0.43695011645302084,2.6450530314090175,0.8991941981302,2.6558309777368048,-0.2534048258571702,0.5632940189634547,0.24761192476417543,0.019947988509237926,2.2477392202909,1.4621945123809144
SIDM00833,1.3513800088451122,1.073817532138619,-0.7002308954734703,-0.6285980218538577,0.9239764079871551,-0.4944999611185053,1.2889617329438472,0.5885385536969263,2.5388075028662573,-0.5585818405097881,0.9836067687083175,0.2055105025781411,-0.0036921188216160576,1.6973503754876813,1.3790159531453925
SIDM00562,1.4090889747285222,2.056437049093037,-0.31047725385842967,-0.48299271879727707,1.8217812392981392,-0.10372408783990533,-0.4657119469371186,1.131649150212719,3.097831713985446,-0.05256004086727505,1.4803730182098072,-0.03863342396087852,0.3539280955103286,1.8086149159431797,1.871427736958705
SIDM01102,0.8628326761584407,0.6690025754231921,-0.5974539168712119,-0.5326380109016678,1.141969144192396,-0.2775386496120225,1.7031111195843553,0.5688178225270796,2.77114164280316,-0.09580013264933458,1.6752753631603687,0.16301224655538687,0.5701939297921945,1.472798003573805,1.7422442761984571
SIDM00418,1.616282714023556,0.7317843091767038,-0.8088784359833529,-0.47825940528989985,0.4068881372189965,-0.6566080409132705,1.745683341217856,0.7102397879018523,2.3790055512826442,-0.10959246098301244,0.821974589820125,-0.14854170996474003,0.017098146222926356,1.3569419295258307,1.3998776284630037
SIDM00841,1.0242391545978458,1.5771514646143405,-0.714507535703894,-0.6017050360481094,0.5542611247852064,-0.5062041176768851,1.5567864790199517,1.154423857993459,2.6764283249016074,-0.03922037887169879,0.9262103748431801,0.011711192843732397,0.027498516835300676,0.9913181083282919,0.4790053766913193
SIDM00260,1.0149501878951872,0.5364801713539636,-0.6558458233472562,-0.5737313734618209,1.3023818667727791,0.03516130000960627,2.427910257877224,0.6695276060406465,2.644112102910233,-0.17498981062040167,0.4466491984951276,0.22426817182480818,-0.09488158168598915,1.6803447602793036,1.7346903937603269
SIDM00111,0.8107891186612116,0.14212973304050522,-0.8217105744502207,-0.6315675189447706,0.6590859921225629,-0.746367334435065,1.996771801790764,0.5779183674012054,2.5503213772243254,-0.19743715231814488,1.0657910682660807,0.0011382377429091295,-0.02479757135607001,1.3200333499614625,0.682853173439544
SIDM01179,0.9149115964889141,0.4539869923313966,-0.6856746915608086,-0.6919576409542763,0.5623836825780519,-0.6135897552979411,1.1202402673718734,0.7834323271731154,2.4478578733449554,-0.17687293656153608,1.092878388932452,-0.009649364729797771,-0.22490466999143108,1.5520604551349833,0.6634204424829334
SIDM00351,0.5617274565735594,1.378550081539036,-0.6030314994839908,-0.46511806355913404,1.0374807407668145,-0.6057910065989314,1.0920907122142398,0.6174034800519277,2.28690942605075,-0.5236959788197283,0.4584297673068602,-0.00763922026233342,-0.29323071469416906,1.1916102480136153,1.0735324937153268
SIDM01205,0.750706238298832,1.2909666014312775,-0.7708169178062515,-0.5642293291512426,0.9340092419327478,-0.22812372675074283,2.8414051671895706,1.1944226309567818,3.2304683665700407,0.15864197791536766,1.3147962580536117,0.19378107810335932,0.6083769003297403,1.6290902815465427,2.3221769224095574
SIDM01095,0.6372973610920349,1.4275394920501414,-0.7281772152667207,-0.6568326830225534,0.8108562959557528,-0.6306408105289084,1.87641152517309,0.3843051678667859,1.9636921328351324,-0.26236307835917966,0.338505475008861,0.09190550186384801,-0.25867140901861696,1.167442617479773,0.8385355653137199
SIDM01159,1.048118436979123,0.03678797036806081,-0.8191465803296865,-0.7424941098229976,1.0211886490920803,-0.594082326929193,1.7917568593615403,0.8587328431302628,2.2629543041555995,-0.2671794005254997,0.7300664221861691,-0.007316875040083411,-0.16002349043780542,1.710374244592651,1.1263696951266753
SIDM01183,1.2110087085273396,1.5638126949611852,-0.6672279947275477,-0.5618157572642137,2.418273221044441,-0.1875148380527293,2.5760505006429413,0.8141695171710739,3.253399818318915,-0.3290600789343476,0.7900365620148345,-0.004301542704758316,0.6489152508492766,1.908131733912252,2.4028226316179633
SIDM00328,1.0778861285631043,1.1995498832377307,-0.8661201960602378,-0.5513603955755794,1.3667570638369335,-0.6425886441097794,1.856257437480173,0.4652033888175918,2.56740622640935,-0.23357057876955079,1.0777879726279387,0.041885293506027446,0.1875928007407579,1.37795436039147,1.6370562856597264
SIDM00389,0.8049181196114024,1.822740851507384,-0.6253229224897425,-0.6107896408294954,2.257301552947035,-0.06744179199611874,3.0253598703075877,0.9649180135266212,3.1357960853194213,0.054920832604229704,1.5019346097006188,0.08262760771239756,0.8669646645834763,1.8398692924271551,2.418769621524418
SIDM00489,0.9606552515436038,1.5132295136944907,-0.6735695975061803,-0.6450326687418015,1.109019868936644,0.16804760823937612,1.6858285705695002,0.7084768927942635,2.6506632458007227,-0.41586365149885085,1.16314539137887,-0.020631272481630804,0.6780633056070567,1.5309791306030573,1.3381627564562788
SIDM00953,0.5352545375489166,1.2807969026358612,-0.7717589526676671,-0.5589384432626114,1.6444296188668932,-0.19419422626354224,2.693639208057639,0.8827870714583503,2.976317534331465,-0.4326020674551041,0.9574711038867699,-0.1525073689553429,0.43559725690336604,1.7309502357680813,2.172943707847967
SIDM01245,0.667256705878352,1.1286363005798754,-0.6900628414900494,-0.5083511710473857,1.7475529265216578,-0.2962728739660254,2.4049809451156445,0.7102941779317551,2.775310818646336,-0.3376844400908393,0.7498426144109522,0.21762557015650127,0.5382930430023983,1.875602405105815,1.9759266841249974
SIDM00929,0.6196564559649631,0.9393106498460952,-0.6314197040131501,-0.6286233042085877,1.5994148985451526,-0.40365645347395573,2.403240863501095,0.5407215634906689,2.672784567640064,-0.4495883883880135,0.9332184392393195,0.47762775863240164,0.0054532914204773394,1.5673197098498404,1.9177416870721156
SIDM00732,1.181662543985239,1.0290419439400083,-0.6452242360649028,-0.5456325692825472,1.270267397604643,-0.14613185121468958,2.155442455704031,0.5964448030149969,2.647668988816412,-0.2084422333463583,1.1089195499791769,0.21303533717629683,0.1953646213721487,1.0044254343217707,1.9069813511278406
SIDM01047,0.9733353776629571,1.8715298201555777,-0.6880556577998886,-0.525877017077974,0.9152147992170863,-0.48154988672196253,2.7452984367684703,0.8869928698596715,2.5195124160653375,0.2440535392950838,0.5426743945674347,-0.10554474828756769,0.1666747951941215,1.6431740807594581,2.1387917953396784
SIDM01229,0.9765694752006524,1.6497010713220304,-0.6515231911666364,-0.6507853754794093,2.140771026580768,-0.2778294889209045,2.010414274253973,1.0262562962542492,2.849343970268908,-0.2148169352158397,1.0859011711749877,-0.23610981112635998,0.5421342658751456,2.3683448945525227,2.346186246749074
SIDM00540,1.3217083501932658,-0.0026925729276672254,-0.7261348852479542,-0.6949929225415671,0.6698788043676752,-0.4986580729229216,1.3233001617812925,-0.012675998196042903,2.295000591481452,-0.25039198322216366,1.018501338198663,0.004479075568826636,0.20766232251121935,1.499281271277733,1.069561813775545
SIDM00264,1.3463755281388838,2.305369091759656,-0.8422361813440488,-0.604872675357859,0.347155661882394,-0.5722955571842002,1.613962472793757,0.7715623551342049,2.4118607445036235,0.03798061046476489,1.5606852131209425,-0.12362564545426699,-0.2374573520968569,0.9375932802252047,1.3428159690450052
SIDM00842,0.9146560967827749,1.6558324850885462,-0.6782710956689575,-0.728609213215538,1.7736244244169372,-0.28962657578832535,2.5929932590862856,1.2961359656409228,3.184526520738071,0.12462339388500179,0.9521295624023149,-0.03128520014713252,0.8117030185137909,1.9270940197820758,2.187123941758249
SIDM00923,0.39887622424447483,1.3375241944854601,-0.6473967632044426,-0.697084336016002,2.109102593020732,-0.11175108912181178,2.5645959472692295,0.4776375088921187,2.597030696197031,-0.35087600041768785,1.1571532896856271,0.12608617845073777,0.544173139491411,1.5625069637826836,1.566889779291071
SIDM00120,0.7972476726610302,1.1942481998478507,-0.6880081871258112,-0.5655973849433232,1.6506484742137282,-0.35467309525318547,2.5319840863952456,0.9017753990675083,2.9414994539753936,-0.22045594090051293,1.1355250784760296,0.04503234633229101,0.32509296646935276,1.4570881490392895,1.8500407894747315
SIDM00900,0.6054670105584442,1.4072458764650826,-0.49176621241023827,-0.5814721495499667,1.3741311523760456,-0.29504946880618427,2.67549548372051,0.6866737500597657,3.2954251905335075,-0.20812717585521603,1.477718795265698,-0.054567540694202034,0.8779378302865621,1.472186903587073,2.1826850537692315
SIDM00962,0.8570982609927268,1.6505183168812276,-0.5594178247530328,-0.6352332941455799,1.1651775215976485,-0.29941614541134143,2.466999460372954,1.1180756084865664,2.7871254853352743,-0.1451688675054271,1.0700873551376178,0.1250220084492617,0.22273593530507624,1.466860850430248,2.002039963761802
SIDM00889,0.7874942900265579,1.5760130024073125,-0.6814937812693396,-0.6081148205903526,0.9928771759964569,-0.34783956267204846,2.377697981082331,0.9914473890664507,2.950233105856848,-0.01600572478606266,0.9170433054236056,0.348529205738056,0.5602342847525578,1.7005331849006065,1.9357573875996086
SIDM00864,0.8244452211961177,0.9284236265092339,-0.831461971737669,-0.7075352594020133,1.916953481155639,0.027745649143207454,1.914297222831795,0.6274195989122944,2.6792731772645237,-0.15123388221786216,1.014845065095318,0.08835776169073563,0.23686439539518916,1.2818234168890996,1.235770045828027
SIDM00233,0.8094389997589876,1.5568603173865012,-0.7349678674673927,-0.5969523998841579,1.8459475879528475,-0.3436597989703099,2.564564946556657,0.37001720480989564,3.012235969700341,-0.23047191016293497,1.3906444527108495,0.07684582383590367,0.24337603695439028,1.1964692702369795,1.9274724057004757
SIDM01233,1.099998449101399,1.068227252206877,1.045093712891367,-0.4716966455632593,2.297454574443513,-0.2737243188782948,2.6143713842622285,0.9563701625756926,2.8977456393541434,-0.19408378208555163,0.7662828914447021,0.0928771139973735,0.9691965027901692,2.2001853794037842,2.599710899214744
SIDM00964,0.7290742818747129,0.08534887039425124,-0.8435474802191065,-0.7744574186770231,0.9728263050136191,-0.23743315597811382,2.5075687915303093,0.42899139783859863,2.5503385467894355,-0.33227184615684086,0.5260878052364508,-0.006831081911385883,0.05751222545763817,1.4525346854207422,0.905814394335608
SIDM00196,1.55342926455118,1.7461127907794756,-0.7559794494235704,-0.754724067815952,1.2719238251181026,-0.26917216080408324,2.511332077491244,0.6776457924731342,2.909412252604798,-0.24570552955677913,0.9568972916830035,-0.06438494590248742,0.31532317209862015,1.5230114916850737,1.6146558363230297
SIDM00287,0.8900647071466458,1.0455090694440101,-0.5949511525677585,-0.60757092939688,1.2054595234689351,-0.4750011064630218,1.8583622407983926,0.697158645038199,3.014159857877132,-0.009305802922832293,1.3639212958072304,-0.2819384955319684,0.637963806667094,1.2764001895339536,1.9230990736782578
SIDM00501,0.42487018542144894,1.2597697958025518,-0.6837211450304751,-0.7444466270252688,1.1123406429046028,-0.43528174174546147,1.9120295900183777,0.7745163129289581,2.4764415223621086,-0.30383385845391775,0.22938299937532655,0.056503660772449914,0.011820861558413692,1.4385286253298522,1.312214235660727
SIDM01237,0.8479753810823535,1.4951563146630087,-0.6912444196234151,-0.4506627319711545,1.1546768306339743,-0.39502149252701135,2.3123643758815255,0.6676242596808311,2.2513912699332637,0.08459212073649164,0.44507412486926773,0.19032197048539015,0.5456750527393894,1.3904424223949827,1.6046621446424654
SIDM01228,1.074020254863276,0.9793140126786801,-0.7372810589232968,-0.7596992959517492,0.8655779416192525,-0.46102421806458577,1.9172539739295416,0.6373033552348363,2.750280504594509,-0.25942949613712624,1.062919536952681,-0.03957842070531387,0.11254305830910243,1.118470968972873,1.496807020074543
SIDM00935,0.8412239758495512,0.09014413137021035,-0.7390242172717018,-0.5416689324051144,1.1082323560376963,-0.4057246574870679,2.027939269167305,0.02144057408797135,2.195020134275627,-0.32525297312887685,0.536889149402588,0.2385643078800531,0.2726456141741618,1.0881041202052373,1.391421883866998
SIDM00954,1.3080362463760298,1.3913976093778062,-0.7312716869791073,-0.6060632131965352,0.8885693836537557,-0.38891491029187125,1.843781270592437,1.0022866711757148,3.07064649960187,-0.33168888261510054,1.5433069337027312,-0.24232525842169275,0.4112934555080096,1.5711274770290318,1.7288722778369143
SIDM00951,1.077788449484049,1.3832923311280765,-0.7212000378510905,-0.6632659179355496,2.8332792856489077,-0.2234809668356961,3.36804408085312,0.5759818683284923,3.1395062717598665,0.2509523396679829,1.320391310296006,-0.1950421766911749,0.9723682325988641,2.222135494292001,2.6622398538776095
SIDM00948,1.0304721422598888,1.4715107702185746,-0.5683312880128935,-0.5964288293708377,1.1434341781957194,0.008683684456533454,2.148921600278084,0.76641716451879,2.72616946058148,0.10638753302028808,0.7589294758277164,-0.17439010337951746,0.3494196734528313,0.9537490077686893,1.830373261624454
SIDM00203,1.1828110916793504,1.7446961220942565,-0.7421797167958702,-0.7917035955940231,2.095636015425136,-0.07482051943167407,2.917685089513431,0.8697003897817577,3.180795957850068,-0.07888901597286734,1.3547609058133299,0.013069698250486466,0.7361261400658027,1.6045375737134864,1.8695107597591278
SIDM00896,0.7892507479811393,1.047995131781007,-0.7217379261526855,-0.6021516145601657,1.8342436317624153,-0.09449368872725171,2.4386724925497143,0.9503800360847319,3.2952557894125505,-0.10739409558398832,2.075613242804309,-0.006867703637689991,0.5457915699787298,1.8108085388489725,2.0420302738509886
SIDM00285,1.759764260370529,1.5708698760102864,-0.7099695503742119,-0.6689141618475513,1.867849003934747,-0.5801613552405773,2.2282398628736897,0.774366583299944,2.995769515987468,-0.6048859409372607,0.9613444890956214,-0.3130773865553216,0.487610616480889,1.9821618942611396,1.8910033642928503
SIDM00930,0.8765832514684229,1.393575852858972,-0.716258434722024,-0.5996064969029011,1.0776899244560267,-0.45281021504244373,2.592043406387425,0.8769416466135512,2.7217638931681734,-0.12009202019160463,0.8257791117911566,0.1146455252269163,0.10849527997668569,1.3895075464753577,1.4518068746628465
SIDM00205,1.2930150536600644,2.2327356192624976,-0.6543305793604783,-0.5396310137493522,2.8207933867797115,0.18712988078299603,2.8292460041769356,0.5667415267798381,3.2461231890734776,-0.05414802096259263,0.8063192386965591,0.1433249672920715,1.5295185782113525,2.6880886662619297,2.5675656212331144
SIDM00535,1.1223793213945767,0.5916467386285006,-0.6826976152235794,-0.5563491949762717,0.9121402984811675,-0.4146892061222692,1.8447340232203064,1.0049091917870712,2.138746372539976,-0.1939541962966688,1.1218911471422768,0.06725220998569492,0.06856745309048735,1.6017605220022575,1.7300494096754777
SIDM01175,1.3530715263492792,1.0763508491143845,-0.6575744812514279,-0.5439866203207705,2.03881129458791,0.18087282906897972,2.8034721098341695,0.3618730017326163,3.16876617927141,0.08869813975855322,1.4137652327868433,0.23757946809976663,0.7161890555648996,1.626447025728438,2.255616694904036
SIDM00832,0.810043840415185,1.7071593880535247,-0.20058419216224013,-0.39670342763575095,1.1684361383575694,-0.2767719242265781,2.258576405152833,1.025509416990332,2.6767360410981214,0.05409003595305106,1.114686169980562,-0.03620125199918868,0.028453640800443863,1.4928147830284488,1.317850512186513
SIDM00528,1.1600759457385303,1.1306377997788153,-0.32771482930655776,-0.7743115055218376,1.5516393324445834,0.27277590703555776,2.627318606045764,0.8114306664498633,2.496927680941988,0.08799806537053166,1.0351014740117204,0.02317529116525609,0.8433963985178695,1.5143729795326983,1.7212419771026564
SIDM00371,0.9742084137020339,0.3880413398778106,-0.2331463282772554,-0.6060073206339304,0.5547444204749812,-0.6227777183036682,1.2610575810364617,0.8308969768429825,2.0690954139889945,0.20791252334829055,1.0579204421038455,-0.1101945061284292,0.0072234427702857025,0.8717433413999752,1.0638901419884286
SIDM00688,0.5721745625911198,1.2208150411046035,-0.6922956642551323,-0.6216646344299572,1.132622031925396,-0.3881717032044604,1.6870076289832523,1.2217099364499935,2.776081239278481,0.1628184176758846,1.3769533196680448,0.15230032387320244,0.37488065193104203,1.6213520371187295,1.7388579887618567
SIDM00583,0.8255982046957115,0.8148095954844154,-0.7957177092405854,-0.6538796412121598,0.6296870530253201,-0.5908011782818487,2.081459135546839,0.8056205214393153,2.5071087705664223,-0.068197460140971,1.2691876291643696,0.16291163459730482,0.4728280276906671,1.6360593072397323,1.0313891592198858
SIDM00188,0.9834920974774842,0.8465639416300146,-0.7247547846075768,-0.6421542179066035,1.548903432292828,0.16201938067096933,2.6114632393143022,0.7975716299940713,2.651837815294894,-0.12962567905841224,0.4698560519977743,0.04593687772161734,0.15896230272175302,1.6727294889647375,1.6961372041333769
SIDM00096,0.25992052282511485,1.4154425202221186,-0.8501225084767182,-0.6052659368937331,1.2966102862554703,-0.5375205600109189,2.011183047737283,0.853425386481726,2.8808848766872908,-0.2090536997770426,1.2986227561015737,0.11086989985856999,0.04638681709282242,1.46149890908632,1.7987949076404182
SIDM00379,0.7527309566124764,1.0078789885177368,-0.6665110970566613,-0.6648681465846119,2.559417972341738,-0.07496347372224162,2.788268117495648,0.814593454829507,2.6360941936100386,0.15760595353369383,0.7193222861896741,0.2835693246181101,0.38197784923119066,1.7378284974409157,1.8041061401096867
SIDM00381,0.8174573699292478,0.9492275281434935,-0.8354429309406314,-0.44718404121637567,0.5952469956434613,-0.2543911103332216,2.2295445877050164,0.5070623969770325,2.8309038490676923,-0.29599343562557634,1.1962656477120432,0.019889976586221828,0.23692757713449872,1.2685237442724737,2.1151466347245496
SIDM00606,0.99629635463194,1.6033824962825458,-0.6565413049374874,-0.48384074731309373,1.2425505199032796,-0.3958699357895757,2.131964259938599,0.804694376415463,2.5401850183866057,0.008189445046649382,1.0242715311170127,0.134589175815419,0.20784414932276307,1.1397639059957319,1.4177466048465583
SIDM00541,1.0100305626669197,1.8096430716444223,3.3672370721085034,-0.4997987933481757,1.092467875936673,-0.24346796762445583,2.002491047526177,0.6769452743324824,3.002326121412137,0.2267503372915292,0.8687610364784741,0.14053497504147966,0.09169932594697278,1.7460422492565604,1.6591517837153062
SIDM00808,0.8395858469111077,0.6300319483376863,-0.764500069291656,-0.5289479883683512,1.8364588764403893,-0.13516061455553774,2.589610540383844,0.7208307395908835,3.339884794764648,0.016304586592292936,1.7436294695598074,0.1730377063136609,1.1422207125300656,2.0053522898967975,2.3001395065006593
SIDM00377,0.4976354307571224,1.1074684962444512,-0.7706735738396656,-0.63384005307595,1.7864393768559768,-0.08502930579015143,2.692259034932831,0.8088865664835587,2.320449281869036,-0.13005307063801563,0.6817546211420413,0.5860899506576103,0.9825722533556495,1.6656673337510997,2.0053303632389
SIDM00289,0.7592876465063632,0.7090085476887703,-0.74487674461245,-0.5760030998438778,0.9441980304586743,-0.4904382666629447,2.198761974531473,0.8344599976545026,2.494588165966723,0.22447015940953205,0.6187330088153903,-0.2184298158812581,-0.010439031221785466,1.380796399285663,2.476696489689349
SIDM00064,0.4420301131736859,0.9450151941593842,-0.7299625265442715,-0.44552106442621486,0.8812394968330187,0.03937529751770735,2.4759934096977534,1.1209745432758254,2.5188775677818542,-0.1532613951572776,1.2437309108659784,0.48859166768710416,0.5626840913567558,1.8725324812583852,1.6106138440532867
SIDM01097,0.2719255528249534,1.4858419508044562,-0.8602893740854198,-0.5260213087569524,0.2943987356942248,-0.5836669248916218,1.7647948699153249,0.6130931953414088,2.5202964559825447,0.18586039725792564,1.3506824505989519,-0.00429667876445485,-0.18455093705318731,1.2925731692886158,1.2518172129792255
SIDM00350,0.9606068317355376,1.3083805777606652,-0.6745818589227655,-0.6439829638090923,1.5741331469679953,-0.4984675971912711,2.103471509607525,0.6477945491922465,2.712979002430972,-0.09015129597031045,0.5057855023401668,-0.0406936759583669,-0.08743706764129153,1.4524019181151595,1.3989308118829258
SIDM01163,0.6210263865407706,0.27005878935590455,-0.8433942499324574,-0.19764394212685982,0.5488230236910562,-0.5823225033753919,2.1053335586697153,1.0158770934236154,2.249603469759117,-0.13500357182790226,1.3257839693961873,-0.23065536459906757,0.08440632318435591,1.736902083141039,1.1828396793162774
SIDM00375,0.7388300854011146,0.4843687805387878,-0.7465127278628584,-0.673151692095531,1.5798932264724126,-0.4623509112461662,1.5760554212878048,0.4594262415269874,2.235925744613382,-0.09093990105665957,0.7379233146688161,-0.020988720392281404,0.028438144329664614,1.7843873003476758,1.32730646175083
SIDM00600,0.9296981312826965,1.4780637166955872,-0.7516327298937968,-0.49217571268144483,0.6739930169024327,-0.5965799362378398,-0.1291065345920231,0.8869274317733657,2.679198251120144,-0.21775540312126415,1.0425535796454768,0.04554417868005004,0.08600161121764685,1.1905934175713435,1.247707660587757
SIDM00367,1.1196693459745517,1.1950838211821058,-0.8732638947396109,-0.38446548014275717,0.6198455449014232,-0.5160826776805175,2.212958553359539,1.2524449250176344,2.685449382925397,-0.42810393074639835,0.46977799434286194,0.12292396030442136,0.1275818869998965,1.3708125871185564,1.3200527293622937
SIDM00632,0.5156109145205957,1.0872589838230793,-0.6834840524378083,-0.7057934419775179,1.3933057647003624,-0.3173216740964009,2.307891970573189,0.7665991548971665,2.9099801520728255,-0.21498180821019916,1.7337759729643372,0.1868438291785518,0.38747749665192077,1.685100026290823,1.7961738442674644
SIDM00550,1.1165578389074446,1.1153450836434777,-0.7872286346181375,-0.48181190535543567,1.3228873228468896,-0.4439800662879599,1.9884432044672482,0.17676791774086156,2.5373993037446985,-0.2749127236009752,1.0612587440733559,-0.15842096331689484,-0.06652730135398936,1.2668987498297597,1.405631155315414
SIDM00230,1.4820150113883797,1.1282332815286278,-0.42723655650801345,-0.5114864155975994,2.1522421735929,-0.22585854577092118,2.963671069790801,0.5033784707780791,3.528550460480106,-0.011803271503709427,1.8360140278423107,-0.020275764796859747,0.7016895229850688,2.120789843964907,2.2579235016824364
SIDM01206,1.5847219473802416,0.8751699462384728,-0.8535896858986575,-0.5504751912324497,2.6103415533302496,-0.4460720691726366,3.0013855943960825,0.521006208884242,3.3967188299730653,-0.3200919066419633,1.2807695748826928,-0.21013068156474662,0.09479481636280014,2.258721038574244,2.094359597365099
SIDM00127,0.5835554088020463,0.17399727548612692,-0.7306471548181681,-0.7117436917702764,2.3278812225597716,0.15302631806587763,3.116408740080458,0.011069561946464898,3.070711447002632,0.17739714986197908,0.6533169949616041,0.20565177113119057,0.6346093956210992,2.043627539605285,1.3620007713563724
SIDM01042,1.5732442384152763,1.2715711818635063,1.872757882519957,-0.7425447854197329,2.4054925892666676,0.8001832157254559,-0.4115356141990557,1.115296323459495,3.1793132886591033,0.32163186265055543,1.6856785822840579,0.00981593603953255,0.8483111503381257,1.9248540145770394,2.245485590442308
SIDM00491,0.6573297907480354,0.933460920541864,-0.7521989405100215,-0.6921364543120763,2.747324561938056,-0.20008878707448763,2.897265810748675,0.7829148112363388,3.1670252446656004,-0.32633006934178965,0.08079445756635947,0.13109568080100018,1.1405972878255792,2.3985270366286318,2.7480000534483815
SIDM00488,0.8728768614978866,-0.34552083448885834,-0.7757108833927078,-0.5769747303569195,1.4061499629042455,-0.43002246429884616,2.102674540038523,0.6162114765443817,2.8836271238553537,-0.41805703976501934,1.215569605947919,-0.16328404215629852,0.4999420960922696,1.288960239543949,1.0987067626725568
SIDM00190,0.9130342491950966,1.4007290140162811,-0.6609991174195458,-0.6736466821170525,0.35119120180491675,-0.5657984987113954,1.2907702344956757,0.6587421576263491,2.9108079425530295,-0.22730493393875778,1.4948950958744451,0.17802679493810925,-0.09380239346914741,1.5880856296083419,0.9925898480774763
SIDM00542,1.0176398786993242,0.7279115087333063,-0.7240521645271976,-0.5934528095401124,1.3561371299254583,-0.48991466098114633,1.7429893503435183,0.29954773075528063,2.7697491415427966,-0.3453795692532676,0.95094530477736,0.22706990049843548,0.2196582947476398,1.5240101359772105,1.7545961809254542
SIDM00198,0.8234478464170706,1.8570413548283404,-0.6961765145659385,-0.8075401233833752,1.7958376565035095,-0.2215404065920008,2.975044813880002,0.7699043606546175,2.953856286317762,-0.2156839676164261,1.320864038143337,-0.04273923049188012,0.4106344488338355,2.1981837803350635,1.8857906434476455
SIDM00269,1.2122620939411004,1.3305999201488734,-0.811067290245851,-0.6223408568292076,0.7471098974634093,-0.6392843527577328,1.8358643259214473,0.5294267061960324,2.521022569276017,0.020995953601693096,1.0093652584669017,-0.01724886652258096,0.11224167745764829,1.4951690899373196,1.3536854556150677
SIDM00621,1.4765667366051773,1.5283190017739956,-0.7083856127985402,-0.6706577739458989,1.5867842947026765,-0.05087670404148134,2.936979415385895,0.8818597010678301,3.326738092645218,0.029651062617073728,1.7992256035887597,-0.0412234751050737,0.903433579454936,1.7198612047775612,2.351911202883817
SIDM00599,-0.15695288957748638,0.9606092357770406,-0.6410324813581602,-0.6119134540098878,2.316451519935405,-0.08051374883121963,2.7730841620858815,0.9661645571849928,2.94143146654417,-0.33132719901256086,1.6034993310520782,0.42810286016809257,0.4763532042514984,1.9680937649877797,2.14916174068253
SIDM00118,0.8068959700031707,1.5581870799840305,-0.7750736484360048,-0.616897877242218,1.2522818032302623,-0.349098440610075,2.103854973733294,0.8838894082894544,2.812744700097501,0.02185577455734241,1.0355428145854704,0.07233461918372597,0.28632220753219406,1.6598862494659143,1.915452925807427
SIDM00596,0.7089295397132468,0.9853632957173898,-0.7707607012306832,-0.5589645063691842,1.7915971938819504,-0.32144537288843644,2.328482247259114,1.0465515272547425,2.934151039773509,0.30320197326332005,1.5687157792205586,0.22170412751357987,0.752899595721393,1.7391460184874308,1.9118613517575478
SIDM01251,0.7940481524840833,1.4262000822924041,-0.7581105654071488,-0.6197291351054882,1.3998734449428307,-0.20081959032385915,2.910347903624817,0.6818121270002321,2.6880933584540916,-0.2924472507083847,0.7890876501571246,0.11002463231642239,0.06544345454235719,1.4067063958203452,1.6222600809050682
SIDM00197,1.271616541718277,1.4811535528149529,-0.6573962330184923,-0.6704277233803937,1.883276461104214,-0.2405674947263039,2.804119713969035,0.6560741381267048,2.990518926371804,-0.31730005913575254,1.0604042066842787,0.041406623374133686,0.44144901248365764,2.108388935283613,1.5766729219845184
SIDM00810,0.40400762810980617,0.5974796806819231,-0.7758046013998905,-0.7722340875657027,1.3466441505911095,-0.36176142740499145,2.3826654859225616,0.786490243890875,3.0849603169003714,-0.21745002176242226,1.3832750949573802,0.034504506836541,0.41291225748400373,2.09504188239581,1.962201886586725
SIDM00174,0.9244226094741843,0.3200743091994199,-0.7410085083527136,-0.7045385355673006,1.2383136197775824,-0.5649994288463891,1.92289832710825,0.7871223005334989,2.509394830696033,-0.14623387608164334,0.793802269042609,-0.14178925348413732,0.2621227299518819,1.6555314055331145,1.5423798155644022
SIDM00487,0.981303896992886,2.1359700709105502,1.4120888706418684,-0.6337853228189674,2.35970161086185,-0.33900733511205755,2.935993420922728,0.5668534736325439,3.120390874887081,0.26559429617836267,0.8326030078624619,0.1698134621882348,1.304172659326125,2.293850996167011,2.5099205743776567
SIDM00263,1.127610742028938,1.1570976010218195,-0.8406374499894316,-0.4926408123565058,1.316196094038361,-0.31692415872391033,2.438475958862516,0.6134692730137412,3.363712440725534,0.017458332610152782,1.4569327062687882,0.02551671041049652,0.48680864301002796,2.043197378665446,2.031488181020111
SIDM00277,0.7549797539297216,1.2362242093220006,-0.8270203730267042,-0.5332451204657003,0.9770342219175964,-0.4164710422616541,2.5411987243971432,0.9834060762831722,2.6042177459079774,-0.058162150206875866,0.8615612211487235,-0.16689813537273218,0.27164327041943437,1.701566915783854,1.7323355144870494
SIDM00592,1.0437475087010817,-0.4104060214230326,-0.6976599868061879,-0.6091279403716057,2.964965971092942,0.025968908394620575,3.047299519900736,0.43439150708287627,2.821013553233154,-0.07371906303049144,0.12220773282897239,0.3361688289856745,1.1277091026866939,2.195122861122676,2.1176029134259045
SIDM00496,0.9057903047110547,-0.07681027352156872,-0.6601475311109708,-0.8696919897369739,1.321790413305582,-0.424910434006137,1.816242343420556,0.5021831182569229,2.197624991677222,-0.2842238538966984,0.8872140565310048,0.5607522226126324,0.7891197468844003,1.2375017522180936,1.307678288702033
SIDM00793,1.322280588566732,0.44737900105204265,-0.8001215612105674,-0.4414739055677446,0.9614374440500043,-0.3267494337496409,1.9574021737245164,0.4920222135781879,2.7874238893580867,0.017780789329456943,1.059661988946785,0.18951883357982366,0.7526516205826042,1.3570655850461206,1.8174937052523246
SIDM00121,0.80626423016589,1.953564074212746,-0.7374270291275282,-0.3912565913805132,1.981786805425078,-0.35884574358770965,2.8580761144544935,0.6129934336083982,3.2133348062055136,-0.2452504978408996,1.082879889879756,0.06949097914112622,0.39245029893388494,2.0158425251122694,2.0845697856099155
SIDM00202,1.611965301777247,1.4385963892522047,-0.8776245482975865,-0.39502400004227506,0.7994202395812552,-0.5519979768665285,2.28462755922461,0.8682009409869346,3.073317622814183,-0.12290904529673684,1.5057733128426816,-0.24816724444305327,0.07972272957253022,1.7601584778530108,1.6387872894096356
SIDM00047,0.8602451347948077,1.0596020261373662,-0.7552673316875493,-0.4103187443257148,1.4359971619826946,-0.5321948730373176,2.4635421496285312,0.8617557163172164,2.578524808539082,0.11066973178252934,1.0322627819254717,-0.07885580590805376,0.30717391600696803,1.3909986300434711,1.7458195613854568
SIDM00885,1.69772938413961,1.078595070856092,-0.5579409744285354,-0.5112988011273935,2.0669128517526616,-0.19409297420690413,2.9368927229019044,0.12150120964465227,3.586366264585871,-0.4180538625253596,1.097102989740165,-0.2429891336589008,1.09791865201456,2.257631888482177,2.6368723143735977
SIDM00201,0.8721243011804354,2.3226720498157762,-0.6946834758944029,-0.6062989897025352,1.1982692811091913,-0.6548534371408666,2.0761328675316273,0.6681691759060168,2.7399087632145447,-0.1367163252535446,1.3911746228050776,-0.1453334323665265,-0.06908827901061314,1.6754001449727098,1.8580149818370095
SIDM00789,0.7884692763263048,0.8361221849609066,-0.8203699105480222,-0.6897986690563206,1.570067504078122,-0.22542051581249029,2.5483767483384714,0.9241038666189205,3.1150051771365175,-0.19538457962188985,0.7538447667143078,0.11254907064847934,0.3863587238457511,1.5252284022863374,1.8576957673285608
SIDM01248,1.1492610145780122,0.13116696219768328,-0.6935717284774072,-0.71993808861971,0.6740695764492207,-0.6313726639222823,1.8987390050571638,0.6661758782885705,2.4097899933327143,-0.02976608073793924,0.8201927861714496,0.2054873314077892,-0.09602980130428354,0.9342675209614456,1.1567065741335931
SIDM00195,1.4932704619546602,2.2359236187489713,-0.7304614923421319,-0.8067976465234248,1.3245966029186422,-0.3601068900431274,2.3465119205855545,0.6191268336015988,3.0701858240459905,-0.11184060393133963,1.3077571490189788,-0.049262916694118794,0.44217858144913663,1.5397335624855977,1.37434097195635
SIDM00517,1.2078571453033058,-0.173159605381557,-0.7937212493161494,-0.4977871489921546,0.5595206200605181,-0.5834657629027317,1.9960738136085516,0.3492858917121994,2.4739912485761937,0.05959106361230085,0.9282768036260676,-0.02275468249095561,0.19539968147526904,1.5413094227182382,1.8474103491231872
SIDM00534,0.7623964891928471,1.5489353740531338,-0.7648962056903791,-0.6603993035279716,1.7880142542575344,-0.2824932737001117,2.3102897069633133,0.7366603059865957,2.931008200411964,0.009980705916635196,0.5992863147223844,0.36647019278711085,0.24814016506823738,1.4364716637984645,1.6891768417385915
SIDM00863,1.2875717319722497,0.12965823610196822,-0.8016434307478439,-0.37770028869428646,1.4959669571383687,-0.30698070432938435,1.6541958569641784,0.719792350233916,2.832883647141933,0.0013046064222810756,1.3626886582475253,0.4182399411669804,0.13599940661882817,1.3381266987972107,1.838037927744148
SIDM00211,0.9581469324381655,1.6594580012734634,-0.8251969800557599,-0.46830180563422763,1.304068045416224,-0.392135496009689,2.738047262368742,1.2430415981290515,3.0267866436625663,-0.10448009349352762,1.0537515044245065,0.04165413987669616,0.24897022056854531,1.6535320268398033,1.7347823681325867
SIDM00539,1.2282246694343262,0.2638862908377366,-0.7142517692476495,-0.7598402472329531,2.208513628552662,-0.4676898822962371,2.591524128054306,0.204605550887944,3.4890067486470175,-0.25323072906330935,0.10124985976127156,0.07136502285471989,1.1714975846939382,1.8231141218392952,2.753128342335276
SIDM00875,0.8101460902493731,0.38174223731606827,-0.7903532621756069,-0.66139401199417,1.6560858124927744,0.10411351949440814,2.516673159594512,0.9622429901971793,2.5321011805713542,-0.2549869214217846,0.425226550425357,0.12425654296443342,0.4691566713517935,1.8674785764704693,2.2384390724009315
SIDM00679,1.0190430901505472,1.3995498372457886,-0.6899991459700635,-0.6964676844216822,1.724892201409811,-0.44748773352049803,1.9271487014590054,0.3115390841964765,3.190709766612752,-0.1999179023073585,1.3497663777936313,-0.04127011241541716,0.44610327309925135,1.9186430217180146,2.348714190059308
SIDM01146,0.9830647344068576,0.8638000634883118,-0.7687981746584166,-0.3509193200064134,0.958004720163793,-0.532391095461581,1.702581879831889,0.9132977055002467,2.2284603520634776,-0.1809143268977062,0.8563815842645845,0.2889711812488075,0.2005658866594027,1.5054924625178252,1.4997287459398192
SIDM00156,1.6491248714970201,1.4915115476768217,-0.8669082655291979,-0.4578634271788709,0.8890962669195835,-0.6907071229921825,1.7409932096927565,0.9175967245279395,2.4417324881250244,-0.2193805938007415,1.0114331353405268,-0.11363957677957592,0.14491090282945904,1.6076703533409635,1.3033282673020345
SIDM00420,1.1032182665087915,0.8626921501002217,-0.7728304992085417,-0.4290417614193991,0.7881161795765834,-0.58973181243259,2.0742791056039844,0.790961489164497,2.6485367120918926,-0.2354413509976583,1.0558257571461085,0.03995910472823338,0.1521445777370557,1.4385097357376366,1.4600418317663815
SIDM01145,1.0531912930984677,1.3855170812519009,2.4612366830179675,-0.679631704573768,1.6223064662575948,-0.47548024295691615,1.8090111938260163,0.7042392176189389,2.519334593438878,0.19319509834321621,1.2495083853192288,-0.07212794331977687,0.7318940550871189,1.6370463667695416,1.4194047379766541
SIDM00256,1.0676607892905958,1.5448816705907804,-0.7829049249778642,-0.518190583724529,2.561596826483912,0.2822596644990201,2.688204197463537,0.6309848511599878,3.452953052551371,0.055930064748609225,1.4307891575668945,0.02354760818553985,1.2053645969237803,2.47272326456302,2.362780523081244
SIDM00444,0.775445055019274,1.4635503290305052,-0.7184170620366662,-0.5910295493374603,1.904698291484427,-0.5540097116051397,2.6696160065317676,1.209586223752374,2.7173345791612546,-0.23442871677861155,1.1318516601186905,0.4509857722557925,0.6302755928883398,1.6392653069916496,1.9981099832120934
SIDM00137,0.6706226156355131,0.937193537515371,-0.7534046325399453,-0.646820918915982,1.2123898635272208,-0.5970030208700673,2.179130524945194,0.2247873674971671,2.542749655268209,0.2471350117284478,0.8418264719670833,0.11992386458279652,-0.0050805909554986275,1.3970076834313083,1.1804369969608162
SIDM00569,0.6122443418071056,1.4056981563298998,-0.6109545669794058,-0.5125095746746374,1.8594091349131918,-0.11048357290730992,2.4932900501602915,0.4301312323040468,2.1763522039557905,-0.26336193790314555,0.9274656948931808,0.44298083464823784,0.28432824810127166,1.592759257819286,1.6075964051783231
SIDM00445,1.3786270989351028,1.6312656104142,-0.7400591154163193,-0.7177359312120638,1.9925762381105367,-0.698133079131673,2.1630778327385416,0.7814044766187206,3.1098774350328333,-0.1775466275699937,1.419746411712204,-0.23273869074848982,0.23187248751219597,1.5317201173587205,2.5127069554041004
SIDM00094,0.09543128050016307,1.5332244812704288,-0.655976863072199,-0.6299621247420765,1.647543502082247,-0.4516481403832996,2.485899956425676,0.7597562828420341,2.593224121444331,-0.28072571485790443,1.0143911692511307,0.16420214452971404,-0.4179356693566281,1.1403128355802807,1.7962630780665594
SIDM00576,0.7215333410116467,1.644574483317779,-0.7259340228571471,-0.518709063000421,0.4555130505277815,-0.3991069309158333,1.7674624824542542,0.9390172206453944,2.5279082130212522,-0.2821537047881599,0.9930586761378762,0.044473395307453055,-0.2611859273928861,1.2636297273412715,1.5683556176373266
SIDM00257,1.0226370569031447,1.1931983829175474,-0.7450346994997653,-0.6189261920278144,2.0352821646252948,0.051668124045608596,3.109717468517717,0.8789210080158332,3.0611404414341448,0.015157733174933288,-0.05740319991509417,0.18145924781893077,0.4596731207409904,2.0399137513997383,1.9538629516985424
SIDM00835,0.7542791296828486,0.8564358610882291,-0.5632134437807517,-0.46972112850046815,2.077345565937505,-0.4549991225458721,2.2112550019519497,0.29884274462636906,2.5119187749898364,-0.17783476813077465,0.3110602353803834,-0.10327044000365479,0.17758276869453504,2.093268444685998,1.88605770520948
SIDM00781,1.1209104876922868,1.1234106804489474,-0.6293952964516641,-0.5608914829867658,1.1985334011540452,-0.38175928028657824,2.1422124841468992,0.8700226509095663,2.5036849691236864,0.7088511992590113,0.9906945364435554,-0.007711151985350495,0.3366709505192006,1.759362570311496,1.8753934420899772
SIDM00700,0.8205302445405758,1.166475244081492,-0.7131922188881191,-0.4617543828812188,1.088230838990859,-0.09251801238856124,1.335168834405794,1.171420255254956,2.5840544979234377,-0.291150239894047,1.171301163026607,0.14735982649260274,0.19942641860848279,1.1883622776739324,1.2043062441348005
SIDM01126,1.148226795559863,1.2816532623633323,-0.795175847316702,-0.7031724354690438,2.4160590595940503,-0.3489885015943455,2.886604370727054,0.6643284027465243,2.5925818268294094,-0.4460459116677881,0.9743018928788846,-0.0010069801849156403,0.497582381648246,1.761773434339005,1.9316921934127107
SIDM00259,1.9504280562944825,1.561829734752521,-0.5886932769715278,-0.4026661501468581,0.5531964587753905,-0.5172368070025077,1.3068162083132753,0.6110543356545723,2.795298323570348,-0.2784025026468989,1.6198009841415326,0.1099891868298506,-0.04982588443905192,1.4452302829429151,0.9500778477681446
SIDM00834,1.0368007464200768,1.778924499227272,0.18668155465053754,-0.4731126455775238,1.4251703244970542,-0.5603808178438688,2.170684126063217,0.6823744474918471,2.853587855533055,-0.025498861269795232,0.531638608618039,-0.012869766574234557,0.6453695019274268,2.0106204021470315,1.9075100710508544
SIDM00814,1.2958856844670466,0.8778267950894695,-0.7463802827255696,-0.637703052796065,0.7744280470616468,-0.5663977399341182,2.230088506616285,0.9636813332005488,2.516152092306222,0.14162448382116968,1.404782905770972,0.06847969952164511,0.16685051009070342,0.8288144564348392,1.5921463600307924
SIDM00258,1.326197276449415,1.4886297544014417,-0.7146865798805292,-0.5800579534011074,2.156046955431994,-0.41852661773190386,2.843904109716529,1.0520588125013144,3.3487472258975903,-0.4338567040624674,1.1774578860161267,0.04736502107459602,0.34180596856095086,2.23195248925807,1.974935918249152
SIDM00577,1.2429827651072893,1.1776701206683995,-0.7032186777474373,-0.5765945627813305,1.0526913172613586,-0.48215506778935596,2.157366307181925,0.8861377914612718,2.543980423842889,-0.45584531738288564,0.722331055894958,-0.2200811128581188,-0.3896701921108607,1.5685971068108704,1.4561096317867113
SIDM00384,0.8788342017886006,1.1287772259833089,-0.8100293993379009,-0.5164480715018038,1.405059478156836,-0.34370219447544775,2.0160136928095094,0.8310560039791349,3.0460887718698615,-0.44166999503339616,1.0814985513050361,-0.16381617310175464,0.58535094351735,1.7658956488645485,1.9587926872548993
SIDM00837,0.47433799097336593,1.173858543691311,-0.6836892902934439,-0.5895610520929971,1.382638799983102,-0.47198007971020256,1.791766107719215,0.9780031393121348,2.699425381788301,-0.22846286558366052,0.5562568145363983,0.1756621730376916,0.7401829999348986,1.7850538549529325,1.8627315256272654
SIDM01133,1.2022731073446187,0.27012619848346064,-0.8682368440731725,-0.7245293977621778,1.6836338979215062,-0.6885612656375893,2.47258152206929,0.47286506328060135,2.819016879411021,-0.3029465565701766,0.5279913449027502,-0.16097045995917916,-0.21004385712130222,1.2383620689563717,1.1411162698051562
SIDM00244,1.3422229700436543,1.6143929987865604,-0.7422165897029658,-0.4291728248996806,1.4016194864799274,-0.5849629892793436,1.9906771328021393,1.054319879032125,2.864699525374632,-0.6370201002216691,1.3596544101893402,-0.1945514782317902,-0.1798400726452787,1.7352718372056353,1.5550790082948351
SIDM01161,0.9975803626735646,0.48552986749297783,-0.7491464456698824,-0.6178343839664373,1.0902333126310766,-0.3861811651503843,2.315091042273472,0.6640376407374033,2.9824645931060108,-0.09618089537966341,1.063033545080696,0.0424442101054219,0.23671270782678164,1.4618323797965103,1.8530088693083868
SIDM00579,0.8087971841597535,1.226103690167372,-0.7684198100886819,-0.46540657518439305,2.0961304704595065,0.03509707130388302,2.388508235346354,0.7960349014236252,2.5691719875844394,-0.45090171772217474,0.5000590164266565,0.22506638643738044,0.16759415659484747,1.86263264206854,2.156750555632999
SIDM00699,0.8500927632364847,0.8025717533082214,-0.7697883578954113,-0.7494598131887028,1.4514437326014924,-0.382753350173934,2.1956888444406752,0.5233890839961826,2.7587746459452642,-0.4188440837050378,0.9917932218009029,-0.34818189157365825,-0.09720217040914308,1.329599952209146,1.051696977704434
SIDM00721,0.9867936376337453,0.5363043785144116,-0.8351095176724527,-0.7264557567306054,1.8294995311105249,-0.23487741458259606,2.065045643844245,0.3923618825028312,2.680687744335729,-0.07330472791683965,0.8003624423349078,-0.17390437005445936,-0.012613033886450412,1.7114507935870362,1.9642455632259204
SIDM00082,0.6017297970058159,1.4484741913976595,-0.4991211003485187,-0.6724675370118396,0.2917617864355521,-0.5201700870338752,2.086123420550974,0.37794526153166136,2.0976053086366244,-0.2536626198747426,0.6759714323143784,0.07232784463037262,-0.07942459507082204,1.150547670921832,1.346658701224043
SIDM00320,0.6311301981541821,1.4417527612735432,-0.6246743406688114,-0.7615482873551903,2.0872437555532106,-0.0929526561578577,2.555809639681719,0.6544867940579234,2.853543016844255,0.9454915366652104,0.38412732693677243,0.015668555073091117,0.2160223144675617,1.309247298466587,1.4894687505785307
SIDM00967,0.7710230834889301,1.0615423853660972,-0.6809522039305417,-0.6139596647954367,2.246984155169608,-0.2711193012913406,2.500857845028222,0.8021055229672146,2.711328310053994,-0.38286849781179216,0.4708280878425532,-0.000670057950286134,0.08877550938495202,1.2886376782390605,1.8135706235020128
SIDM00508,0.9319175744982283,0.8560262251366101,-0.6036435516610474,-0.4766055117571246,1.8942050107462958,-0.26146309815269375,2.5996576441800414,0.24083383082374188,2.9092828902458874,-0.5103255107969882,0.8492668420340883,-0.22311608778773828,0.21374692186423402,2.0326695657359557,2.097902181827245
SIDM00859,0.34301592244280416,1.8080892096832748,-0.6628431807174368,-0.737307083553556,1.9705395639933267,-0.1226827457657565,2.7048645687118875,0.8091519049106806,3.1406361166440258,-0.2294181642849519,1.0899165547952128,0.12400473755069734,0.31081276736311114,1.829725781485929,2.4577191523194815
SIDM00393,0.8656286619980461,1.4299385588050297,-0.7689001076307156,-0.6219710956263895,1.444402255770458,-0.5673781448961891,2.22720042746614,1.0697909320087726,2.7496802301318675,-0.25135547495505045,0.4445515961685479,-0.06783770508918602,-0.020295233259415076,1.2728954930629788,1.701589862168879
SIDM01174,1.0693929776628577,0.7013161517639557,-0.6764551158034011,-0.6365245642471942,0.7670199754507085,-0.5939514050539196,-0.5430320709190827,0.6959247811583736,2.7201856421033055,-0.34523044268792025,-0.009949663608730444,-0.14000125576634462,-0.08463210948075493,1.0532077146722607,1.7080815598898875
SIDM00530,1.0976096913824045,1.1260744134046998,-0.2775441654094924,-0.6406138565273262,1.4791171513344228,-0.46992363092132333,2.042717012554285,0.9048421963969804,2.1684542038302648,-0.2001972668105813,0.8197919597318774,-0.08244624226453609,-0.06506705169265556,0.9892598810773365,1.5650060478811871
SIDM01149,0.6719579162133917,1.658024335215263,-0.7431173433737732,-0.3830568544782076,1.9746097171031074,-0.22651518246691005,2.480255952325893,1.1957063595834971,3.1101971337683354,-0.45939931352581936,0.6123787545740931,0.3388073409539342,0.1246806300580289,1.853091360263182,1.9539211013330118
SIDM00243,0.23184916565317248,1.278771878691032,-0.5959510978390103,-0.6482254701108452,1.255809757336934,-0.5236826714908587,1.907014134421997,0.18066452921095835,2.3680079734126123,0.0017036460400953052,0.5430045901063184,0.23394670761410324,-0.10225907102006974,1.1412573746785204,1.079879075627387
SIDM00176,0.8049319054233992,0.8490880667043135,-0.6104004730043425,-0.6585507196475863,0.455316902721672,-0.6823614719878941,1.6532186306761334,0.8170644053213854,2.2895794899822683,-0.5016103796881425,0.6535500229072425,0.12832161210428192,-0.14275926306061548,0.7387616294166665,1.3087010334786233
SIDM00422,0.705475340337027,1.311630227047532,-0.8134422023857356,-0.5946770183263829,0.850848695919603,0.06255331251824182,2.323133994780677,0.5733532392048695,3.131575682631806,-0.128493557552364,1.224357746510268,0.057048746230435876,0.4210317659435119,1.0427424496122673,1.9671611827769184
SIDM00532,0.9201972126554282,0.49422540149426947,-0.6641723877382781,-0.7063728920065342,1.0517320130365373,-0.39061955733898834,2.4909311751247976,0.683272731279822,2.664217136843363,-0.17453911724100465,0.6788625894059759,0.5172641165950266,0.1013504511563623,1.2924706760547673,1.4479880436930095
SIDM00077,0.7998211240786983,0.8239850169178,-0.7375968542761003,-0.5486153879571707,1.626588991659268,-0.3349442442675793,2.2564765672917746,0.7533543358859647,2.8518962849217715,-0.28476714071123144,0.7295163926540367,0.1641152196733162,0.4437305596855341,1.7805365403340128,2.0621594517785677
SIDM00561,0.7514476714315689,1.2266486317783256,-0.5943618965081585,-0.6402960303267194,2.0625019383861303,0.0942833462610012,2.8419962013527345,1.2361281333083638,3.2901162690732875,-0.07815335323111067,1.0308152406699918,-0.0754382342289579,1.171097741161808,1.9035463109990365,2.701753514075718
SIDM00407,0.9204089520469103,1.5813535457872734,-0.6351580467859774,-0.48847382813304446,1.9050516926937862,-0.1732471102986357,2.7217151619934428,0.6913743052635468,3.1791315126462343,0.006166820551690998,1.1296064637698096,0.10105891524244089,0.6901240369475756,1.6349613787670854,2.176120290690506
SIDM00631,1.4560333196183497,0.9340358605944244,1.4800852149799697,-0.6541169911561873,1.3844089954716896,-0.3900885801115438,2.0263865925844278,0.3591805458972834,2.3315959360555474,-0.5294289671503299,1.552504079333791,0.020664609888660552,-0.006449156045734002,1.3349242101314698,2.2277730511509
SIDM00324,1.093655278239134,1.534627320822434,-0.8588692081659676,-0.5416162380431435,2.04375556314922,-0.40517144015939593,2.534741421512234,0.6008167661590199,2.775334057064381,-0.3294066480554118,0.7211054717396459,0.12557343881308086,0.45705377859252394,1.85705405282845,2.0520997083612906
SIDM00410,0.4199070284049616,0.4211227853312586,0.090505397972005,-0.5794166679733691,1.7475762922685465,-0.393630003569864,2.2296407807515157,0.48587877561954057,3.118439431989556,-0.35316788255570686,1.219481906130139,0.10848562653421233,0.6395417491769093,1.7339131241405765,2.108244568473842
SIDM00483,1.0546894324448615,0.6647611350454072,-0.7032537616512121,-0.6677659326547822,1.1418947344288095,-0.40886924958110815,2.1040300218077013,0.4244046442350086,2.5572093395069846,-0.11771238074826702,0.6881408493560299,-0.08397062283998011,0.06706304009138643,0.8905448469510322,1.2558437076375204
SIDM01187,0.7435717384451077,0.7115017697385763,-0.30001201776555964,-0.4102889154171428,0.6209633212084112,-0.4951814046108953,1.4966240282854057,0.7363619499695655,2.9071247298062373,-0.1602405895880564,1.861720430214195,-0.08169340387803671,0.3360721754686673,1.1959984650336755,1.2534182129966491
SIDM00216,0.9766468644996021,1.9477124031204829,2.0140676713428096,-0.6059496651923448,1.8013104324805,-0.02866217696529435,2.5210027146256953,1.0030086681667838,2.712550999823484,-0.09963889404836247,1.1126909986559157,-0.12210137415164896,1.120936108942375,1.9970729147659767,2.1833446351612835
SIDM00199,0.3543484151586501,0.5230364797059969,-0.617924487773098,-0.6225433946901372,0.553819327801182,-0.6280002885267469,2.2068330923896795,0.7788610686404691,2.0467215586324103,0.0061550597875705375,0.5837964986103368,0.12283999812453243,-0.0262138869613238,1.0824801510210835,1.181667208398896
SIDM00234,0.7041990275328256,1.5093848154978016,-0.5931415500825757,-0.3217608165786008,0.9750059239680602,-0.14857188724893752,1.5504614568326458,0.8946170504967849,2.299050613456614,-0.12179537287269238,0.9427729223141272,0.003984005253037328,-0.02070439894309078,1.235223281949892,0.9645511249047195
SIDM01019,0.9521157441601007,1.6720489791351607,-0.6090567856090712,-0.541580805858392,1.3596909325334519,-0.36663138250246524,2.543203310065847,0.8761831822369489,2.9330618748524095,0.14204236317117522,1.1270292279997784,-0.016630451488367157,0.5092388947808155,2.164913553591887,1.933449374668187
SIDM01114,0.9931617561725591,0.9241960101051447,-0.7929426180559231,-0.6750598221125129,1.3305446672805623,-0.29785737657138067,2.612570649819565,0.5493737496515325,2.773537233068057,-0.4320840981720714,1.2612743535859052,0.160017346562513,0.680029005496586,1.6422316236370025,1.4228039249910307
SIDM00584,0.9719214759121693,0.5869860445800595,-0.6649345915599743,-0.7178147790914876,0.8451393762298931,-0.4973690761938124,2.1072450444104676,0.3855101716080407,2.3987749107324725,-0.4398076851475764,1.3665395278936379,0.20708765921390346,0.3728400774097038,0.8976548497606327,1.2708335649066564
SIDM00043,0.8634350207869914,0.18085938125428347,-0.7401605244225496,-0.7008462459344711,2.509718802360262,0.22839205557292955,2.721442215706919,0.6855081659608997,3.036008073582121,-0.4892363847529611,0.5131975237215626,-0.008237560505666116,0.8265741897499521,2.3184878043622894,2.035242046158437
SIDM00498,0.848637236118042,0.9485778777120871,-0.6690678849637945,-0.5096046486378775,2.9966886992097908,0.19073793162404865,3.0135881213615523,0.784356239971739,3.173267334116667,-0.05399528844565261,0.5116320093597881,-0.04120681142201256,1.0995218900265922,2.6518399661671253,3.1426789756869806
SIDM00406,0.8985622818827741,1.612719159767774,-0.5173369227813045,-0.5641352020184126,2.1531372353420686,-0.067107937002211,1.0189499335119938,0.9331050629006323,3.3884708520565723,-0.45557018701796115,1.354493307344434,0.1434643341182925,0.5934256379172829,1.9689622071199755,2.457569194805901
SIDM00193,0.8780702762452994,1.8748755846300205,-0.40404778122485296,-0.2924283116184549,1.9049151369333186,0.17546624792865326,2.9134868253666695,0.7326973781596328,2.890239874335604,0.05333872288489128,0.983833366434594,0.12281305079600761,0.9886411922443122,2.09192032134098,2.33540574201802
SIDM00045,1.1256633561515637,1.1632869018809995,1.8782726109182655,-0.634435017934433,1.8039169901321042,-0.10343564467798694,2.1642586147291833,0.639269850961715,2.579810701747228,-0.16628761684550772,0.4669763296941585,0.11143882778862707,0.741301541457116,2.218325992655597,1.381009232662006
SIDM00655,0.909686863856973,1.2814095714639546,-0.6752118184145743,-0.5981876748901577,1.454396915259484,-0.4140663529730681,2.7922062031479,0.5220370706200995,2.646091999302208,0.07547553532837598,1.1762823297265248,0.5462870379621984,0.4809322813702185,1.865237071163336,1.7412546788944498
SIDM00214,0.9726289756266616,1.5306044285183078,-0.10277916148962678,-0.5819415025004437,1.685117324364372,-0.10348187893871365,1.833135176474933,0.4901550551379394,3.2476684922131898,0.21361798987706893,1.5641474198799687,0.1293669437521898,0.7039167702747878,1.8187442061698187,1.9368479349055139
SIDM01007,0.6731470812372956,1.8728023734359482,-0.6430966388592896,-0.62977708938157,0.9291170227609544,-0.27657968468592137,2.638421033890117,0.41958363187041353,2.7937750476206324,-0.15568558140711508,1.023461958863854,0.12335191750457206,0.46833888595983647,1.6951373285528581,2.0990222539411225
SIDM00262,1.0541744489694513,1.2311508440836354,-0.776893943143998,-0.5103786374695995,1.1995138608038785,-0.32803055193436886,2.6307665455786022,0.7010003805742262,2.7996674660302836,-0.3891092172321153,0.04253165917531241,0.16791010676233645,-1.1183664445904323e-05,1.5471488025040678,1.3279874444988569
SIDM00591,1.0712718077927912,1.3178037378784078,-0.712794521068512,-0.4798323643626487,2.1955243008371497,-0.3698411054437508,2.4330503510807833,0.7309018565843359,2.0135333104680257,-0.20467452205715245,-0.3464462846587578,-0.004934522208325731,0.11511677282523124,1.2594431960307904,1.2464631817587188
SIDM01197,1.0038066072324154,1.7330167523410505,2.6851008296729004,-0.3335472480082177,1.395096482085065,-0.13560632761074784,2.3426804973786375,0.2925602310594457,2.7706750687862223,-0.09266629302405206,1.1589309667434082,0.025795187106520068,0.6150824912991367,1.72263063397999,1.8189126282525165
SIDM00905,1.0007610824672428,1.240661919913251,-0.7183592416325522,-0.5556951460868755,2.715547574271261,-0.16089908604051256,2.450370977579201,0.48120622991051715,2.9609326861996834,-0.28187887532091227,0.8474875431420318,0.12481188178091603,0.7465689888499558,1.9385255698755537,2.443761823586849
SIDM00180,1.180755950720933,0.8097432460786795,-0.7528918741622923,-0.3550843168386004,1.6434626479214955,0.21197722627598595,2.3784693128535994,0.7183494672889249,2.8277703348715533,-0.3184103370492909,0.9522030849989693,-0.11359120108613056,0.7306708768500405,1.2549305498898782,2.4071786064607466
SIDM00323,1.1113632744444704,1.5355684653969417,-0.6749994572760404,-0.26374723452918813,1.992933521841024,0.02981321514676978,2.5094962990057206,0.5861572870453343,3.002336482356398,-0.27362558709434254,0.9629993050707173,0.013715130578886108,0.37749033069462196,1.7735305137884707,2.4358036388940456
SIDM00113,0.9370872499142291,1.1621050133047668,-0.711308840516408,-0.6824593315106724,0.6962735005251233,-0.25656528324016004,2.313949256542488,0.7081239830929621,2.977343920631383,-0.3616587363225079,0.9563841020888988,-0.04631403596633694,0.2397424284302653,1.7786937780391938,2.350775310738057
SIDM00551,1.3005647639591515,0.896426394171142,-0.594951996873498,-0.48719478584618464,2.2572967098683843,0.099656466457701,2.454814972147561,1.0689883537057925,3.293890544695907,0.004492775050974443,1.1118539806120304,0.11582402296103142,0.5670207447682155,1.9700374984616105,2.678851343023241
SIDM00958,1.0029638072460647,1.1618041327374984,-0.7733383461767158,-0.611158562874937,2.7095015689679034,-0.23568863444167018,2.6763125675423733,0.23178150155140098,3.0432128961221347,-0.16827753489818037,0.5105109830731163,0.025855005596026628,0.6359559923302127,2.295259670702954,2.4658557172445033
SIDM00659,0.6159933437926642,0.5982872966783817,-0.6916812004075115,-0.4963331645259289,1.4307310298575004,-0.22373658990203438,2.5730278600752903,0.5381306075929704,2.710424921057785,-0.10304265391900093,0.6565291017770883,0.28274382461348424,0.3932654021609496,1.2914520106265917,1.3859746756348765
SIDM01168,1.0349640326336862,1.2213414384515053,-0.7521985077479403,-0.5142495788377905,1.7860330667518187,0.2151288257215782,2.6277090166437493,0.9211716777989888,3.0844220575725663,-0.45230251157965673,0.33248402830660834,-0.038860213022567223,0.5572422235854435,2.0270960906715785,2.63418329108675
SIDM00968,0.35633427090808406,1.5015217428278336,-0.7958048607445694,-0.5033512411277895,1.2178367235745235,-0.3415745131429021,2.5337966437767676,0.7392865341499487,2.8976638489065136,0.00887785216740049,1.0070568487418505,0.08134084043848043,0.24055679756601606,1.4779485377163917,1.8340991876444133
SIDM00250,1.0112696614954153,1.2879936214570105,-0.7216149631408656,-0.7432932485647458,1.1718609323293459,-0.5604399412304957,1.8697441821832264,0.3603278520679947,2.749469696837589,0.24259163366115385,1.1058993832420279,-0.0677912067789472,0.29379625863130054,1.2103972784291313,1.1680148395221712
SIDM00252,0.7004308206919401,1.1404332904100722,-0.7436051660352898,-0.6645683208331903,1.9491274319663752,-0.4244648498622839,2.560519156698674,0.8847448644296612,2.5695819396499706,-0.16392172181924367,0.8433255130272311,0.15987620931301713,0.36329335675191343,1.3874566448275458,1.9383750917594522
SIDM00242,1.0095416377903201,0.9279725254591465,-0.5687428612180584,-0.7440087607419908,2.0254025964039837,-0.2938268539584529,1.6513231808272946,0.8118176762492607,3.166126424508791,-0.5085384250702821,1.5444253458092596,0.14541953324889642,0.36419560794582756,1.3432870128451466,1.9262052657898465
SIDM00438,0.43286971109366684,1.6594788527610225,-0.5260009082756882,-0.4848356429680736,1.9115925402554779,-0.10810828045575531,2.696576266613694,1.1370154340109566,3.2508728017725534,-0.38000497749854933,1.6812029524181389,0.286478102099286,0.4804601415479245,1.6408040098095749,2.1849762112536144
SIDM00231,0.8830472696517029,1.3395071748844252,-0.6341031108711241,-0.4662128849785398,1.9537647101089208,-0.25984796877879984,2.5447718847920986,1.092406547279599,2.8942085376792543,-0.0557775195001057,0.6932080606667348,0.1580169407277369,0.5863557336803761,1.7786059384185104,2.260998403380056
SIDM01011,0.40746790563456475,1.2597600781061624,-0.6589711341760867,-0.4599924517396374,1.9544841418561474,-0.3727327024660567,2.5977806961723546,0.6715667294028929,3.000563227721678,-0.10635275146531883,1.192813706229565,0.11410963855119945,0.4329160870296513,1.6844661663027025,2.385488601829687
SIDM00182,0.9339400669318436,1.0881540066503217,-0.6812835777092062,-0.5894062922440402,1.8412456592818374,-0.479708900244399,2.3070891921867287,1.0170689330359741,2.60255475251092,-0.19035324534372672,0.517564982735877,0.23646631269229068,0.18952506479603254,1.3279860244339703,1.6888771648460916
SIDM00969,0.6860862158119188,0.6074259798349647,-0.6558317502942558,-0.5061838657549792,1.0005220075712593,-0.4760981525375368,1.8952162725513928,0.7488544225172253,2.7660180018290097,-0.5871654383604296,0.8600811135289348,-0.22177410211542808,0.03302200394845862,1.161311874555414,1.1999471053865973
SIDM01120,1.4556443935528165,1.247715804487566,-0.5995862790961413,-0.6750609365466296,1.558087323910237,-0.36446890827890616,2.348676611261144,0.9106512255903827,2.7180902179048902,0.33428587349708366,1.4646091150690705,-0.3508682803800711,0.23434842554383778,1.4578352115478561,1.8522123500250673
SIDM00317,1.1209252245536299,0.8466187932121835,-0.8269382411031623,-0.503530459775209,1.4558077050483977,-0.4201695514810788,2.366169544455399,0.8775389229992642,2.256592293097221,-0.089080222200552,0.3959979504384405,0.028476433837150854,0.34356605216810127,1.2514292763208221,1.7180016802551459
SIDM00719,1.1985274145557925,0.3114182028034839,-0.7037321349243078,-0.6633327696847883,1.6266272216544766,-0.13948370584741934,2.8448737179638743,0.5772058514280647,3.058038275614726,-0.3284397120118599,1.6638718822273204,-0.1476508347724537,0.19367600730683532,1.6145145591846106,2.172686187601067
SIDM01041,1.0043509478719015,1.0758194394184943,-0.6234139212783778,-0.561892584270131,1.7329256244158247,-0.5230179279193657,2.3485437664220385,1.0256900486067584,2.6320754023591175,-0.14359296344317632,0.5333242587987647,0.2813764425454474,0.154382269225123,1.3176072086490165,1.7550861234751918
SIDM00668,0.5585229839919003,1.3652684642640232,-0.7536285408137867,-0.6048584032158872,1.178774571516226,0.06894963383466292,2.356907529174857,0.9153549834569119,2.917237438821213,-0.3761351071087201,1.4313048264177737,-0.031164567378426555,0.4722475050337526,1.5070833143841686,1.9426799326462982
SIDM00056,1.0682736964366064,0.5772429384671058,-0.7548208361896172,-0.5948789294364156,0.7391164326801475,-0.4480693922474284,2.3499822440616778,0.6272916635487541,2.482819845477199,-0.01252421217037656,0.46949736542044596,-0.011872799152363195,0.11996264546011433,1.136856258819947,1.487450108579443
SIDM00181,0.7757636909864495,1.4073944918150298,-0.6447053638920469,-0.6054495420466492,1.2506625848280648,-0.3998945716558871,2.6681950888137975,0.7931053931210525,2.7339240191675125,-0.22671099162849737,0.6947616503326833,0.11689592445161205,0.12008872495242344,1.2706394324254022,1.6524091898269153
SIDM01073,0.35989718042055585,1.3615163987662398,-0.771503007829063,-0.5539277253508692,2.0447074060970896,0.15855158007450404,2.8333049134166313,0.6559470514530771,3.254166758980156,-0.15790788389042695,1.5841102264377358,-0.02115557725154016,0.5189493959073478,1.8556877834834418,2.3587946496530647
SIDM00504,0.9719742304573433,0.780119867959434,-0.5772846867001763,-0.5844061888126331,1.0545686462171517,-0.1824335230164169,2.188367422792184,0.7527656743202347,2.8327034631037513,-0.14715341582649044,0.8658530554198719,0.3859601770860263,0.18384744087192384,1.2411093350454852,1.661080228128919
SIDM00472,0.8029837620550228,1.4745812176379043,-0.7008723178881652,-0.5124758029440402,1.0187729112452872,-0.18652430115442903,2.143002503222232,0.8299779811038254,2.48814307521891,-0.3055297817273403,0.6986661735186591,-0.1878116360095712,-0.0714515548145427,1.4643397545431918,1.9527551412157222
SIDM00042,0.8825366226849058,1.1464881949550445,-0.5955674393037266,-0.5716675536973661,1.8437592329393475,-0.29087897971058924,2.0816328402760966,0.43951032404969065,3.221928473028191,-0.3548694022209953,0.47290557288136476,-0.05466392318138724,0.46495037284747487,2.224144075016134,1.824176316360231
